"Time [min]","Event Name","Chamber","Event Text","O2 Concentration  (A) [nmol/ml]","O2 Slope uncorr.  (A) [pmol/(s*ml)]","O2 Concentration  (B) [nmol/ml]","O2 Slope uncorr.  (B) [pmol/(s*ml)]","TMRM  (A) [µM]","TMRM  (B) [µM]","mtMPrel (A)  [au]","mtMPrel  (B)  [au]"
6.00,"LOff, Cort hom, Cort mito","Both, Left, Right","Light off, , ",177.2541,11.9686,177.4894,-4.7092,0.0036,-0.0408,-0.0004,-0.0009
6.03,"","","",177.2450,12.2427,177.4173,-4.1326,0.0037,-0.0406,-0.0004,-0.0008
6.07,"","","",177.2724,12.4254,177.3597,-3.4118,0.0036,-0.0406,-0.0004,-0.0007
6.10,"","","",177.2770,12.5625,177.3452,-2.6429,0.0036,-0.0405,-0.0004,-0.0007
6.13,"","","",177.2633,12.6995,177.3308,-1.8741,0.0036,-0.0405,-0.0004,-0.0007
6.17,"","","",177.2724,12.6995,177.2924,-1.0091,0.0036,-0.0405,-0.0004,-0.0007
6.20,"","","",177.2633,12.6081,177.2539,-0.0961,0.0035,-0.0405,-0.0005,-0.0007
6.23,"","","",177.2267,12.5168,177.2636,0.7208,0.0036,-0.0405,-0.0005,-0.0007
6.27,"","","",177.2359,12.2884,177.2828,1.5377,0.0036,-0.0404,-0.0004,-0.0006
6.30,"","","",177.2724,11.8772,177.3164,2.2585,0.0036,-0.0404,-0.0005,-0.0006
6.33,"","","",177.2861,11.4204,177.2972,3.0754,0.0037,-0.0405,-0.0004,-0.0007
6.37,"","","",177.2496,10.8722,177.2347,3.8923,0.0036,-0.0404,-0.0004,-0.0007
6.40,"","","",177.2678,10.2327,177.1915,4.8053,0.0037,-0.0405,-0.0004,-0.0007
6.43,"","","",177.2724,9.4561,177.1867,5.6703,0.0037,-0.0405,-0.0004,-0.0007
6.47,"","","",177.2953,8.6338,177.1819,6.4391,0.0034,-0.0404,-0.0006,-0.0006
6.50,"","","",177.3181,7.6288,177.1771,7.1119,0.0035,-0.0403,-0.0005,-0.0006
6.53,"","","",177.2861,6.5325,177.1867,7.7846,0.0035,-0.0403,-0.0005,-0.0006
6.57,"","","",177.2770,5.8929,177.1771,8.4093,0.0035,-0.0402,-0.0005,-0.0005
6.60,"","","",177.2815,5.1164,177.1675,8.9860,0.0037,-0.0402,-0.0004,-0.0006
6.63,"","","",177.2815,4.3398,177.1819,9.5145,0.0036,-0.0401,-0.0004,-0.0005
6.67,"","","",177.2770,3.6545,177.1723,10.0431,0.0038,-0.0402,-0.0004,-0.0006
6.70,"","","",177.2633,3.0607,177.1723,10.4276,0.0037,-0.0402,-0.0004,-0.0006
6.73,"","","",177.2404,2.6039,177.1626,10.7159,0.0037,-0.0401,-0.0004,-0.0005
6.77,"","","",177.2496,2.2384,177.1578,10.9081,0.0037,-0.0401,-0.0004,-0.0005
6.80,"","","",177.2633,1.9643,177.1723,11.1003,0.0037,-0.0401,-0.0004,-0.0005
6.83,"","","",177.2724,1.6445,177.1963,11.1483,0.0037,-0.0401,-0.0004,-0.0005
6.87,"","","",177.2998,1.3248,177.2059,11.1003,0.0037,-0.0400,-0.0004,-0.0005
6.90,"","","",177.3181,1.0050,177.2107,11.0042,0.0037,-0.0399,-0.0004,-0.0004
6.93,"","","",177.3044,0.7766,177.2395,10.6678,0.0038,-0.0400,-0.0004,-0.0005
6.97,"","","",177.2907,0.5939,177.2491,10.1392,0.0037,-0.0399,-0.0004,-0.0004
7.00,"","","",177.2953,0.3655,177.2251,9.5626,0.0035,-0.0399,-0.0005,-0.0004
7.03,"","","",177.2998,0.1370,177.2155,8.7937,0.0036,-0.0399,-0.0004,-0.0004
7.07,"","","",177.3181,-0.0914,177.2395,7.8807,0.0038,-0.0399,-0.0004,-0.0004
7.10,"","","",177.3364,-0.3198,177.2443,6.8716,0.0038,-0.0398,-0.0004,-0.0003
7.13,"","","",177.3318,-0.5482,177.2588,5.8144,0.0039,-0.0399,-0.0003,-0.0004
7.17,"","","",177.3090,-0.6852,177.3116,4.5651,0.0038,-0.0398,-0.0004,-0.0003
7.20,"","","",177.3044,-0.6852,177.3356,3.1715,0.0038,-0.0399,-0.0004,-0.0004
7.23,"","","",177.3409,-0.7309,177.3116,2.3066,0.0038,-0.0398,-0.0004,-0.0003
7.27,"","","",177.3592,-0.8680,177.3068,1.5858,0.0037,-0.0399,-0.0004,-0.0004
7.30,"","","",177.3820,-1.0507,177.2876,0.9611,0.0036,-0.0399,-0.0004,-0.0004
7.33,"","","",177.3958,-1.1877,177.2972,0.3844,0.0037,-0.0399,-0.0004,-0.0004
7.37,"","","",177.4140,-1.3248,177.3356,-0.0961,0.0037,-0.0397,-0.0004,-0.0003
7.40,"","","",177.3958,-1.5075,177.3452,-0.4805,0.0038,-0.0398,-0.0003,-0.0003
7.43,"","","",177.3592,-1.5532,177.3068,-0.8169,0.0038,-0.0397,-0.0004,-0.0003
7.47,"","","",177.3683,-1.6445,177.2684,-1.0091,0.0037,-0.0398,-0.0004,-0.0003
7.50,"","","",177.3455,-1.6445,177.2539,-1.1533,0.0037,-0.0397,-0.0004,-0.0003
7.53,"","","",177.3135,-1.5989,177.2588,-1.2013,0.0037,-0.0398,-0.0004,-0.0003
7.57,"","","",177.3546,-1.5075,177.2828,-1.3455,0.0038,-0.0399,-0.0004,-0.0004
7.60,"","","",177.3775,-1.5075,177.2684,-1.4897,0.0037,-0.0398,-0.0004,-0.0003
7.63,"","","",177.3866,-1.5532,177.2395,-1.6338,0.0039,-0.0399,-0.0003,-0.0004
7.67,"","","",177.3958,-1.6902,177.2588,-1.7780,0.0039,-0.0399,-0.0003,-0.0004
7.70,"","","",177.4140,-1.7359,177.3164,-1.9221,0.0039,-0.0398,-0.0003,-0.0003
7.73,"","","",177.4186,-1.7816,177.3597,-2.0663,0.0038,-0.0396,-0.0003,-0.0003
7.77,"","","",177.3820,-1.7816,177.3308,-2.1143,0.0039,-0.0397,-0.0003,-0.0003
7.80,"","","",177.3683,-1.7816,177.2828,-2.0182,0.0040,-0.0395,-0.0002,-0.0002
7.83,"","","",177.3638,-1.8273,177.2972,-1.9702,0.0038,-0.0397,-0.0003,-0.0003
7.87,"","","",177.3866,-1.8729,177.3020,-1.9702,0.0040,-0.0397,-0.0002,-0.0003
7.90,"","","",177.3912,-1.8729,177.2876,-1.8741,0.0040,-0.0396,-0.0002,-0.0003
7.93,"","","",177.3683,-1.8273,177.2924,-1.7299,0.0041,-0.0396,-0.0002,-0.0002
7.97,"","","",177.3820,-1.7816,177.3212,-1.7299,0.0040,-0.0395,-0.0002,-0.0002
8.00,"","","",177.4140,-1.7816,177.3404,-1.6819,0.0041,-0.0396,-0.0002,-0.0003
8.03,"","","",177.4095,-1.7359,177.3404,-1.6338,0.0041,-0.0395,-0.0002,-0.0002
8.07,"","","",177.3820,-1.5989,177.3741,-1.5858,0.0042,-0.0395,-0.0002,-0.0002
8.10,"","","",177.3090,-1.3248,177.4125,-1.5858,0.0043,-0.0395,-0.0001,-0.0002
8.13,"","","",177.2724,-1.0050,177.4029,-1.5858,0.0043,-0.0396,-0.0001,-0.0002
8.17,"","","",177.2678,-0.6852,177.3741,-1.5858,0.0043,-0.0396,-0.0001,-0.0003
8.20,"","","",177.2496,-0.4111,177.3549,-1.5377,0.0043,-0.0395,-0.0001,-0.0002
8.23,"","","",177.2815,-0.2284,177.3597,-1.4416,0.0043,-0.0396,-0.0001,-0.0002
8.27,"","","",177.2998,-0.0457,177.3645,-1.4416,0.0043,-0.0396,-0.0001,-0.0003
8.30,"","","",177.3135,0.1370,177.3501,-1.4416,0.0043,-0.0396,-0.0001,-0.0002
8.33,"","","",177.2907,0.3655,177.3501,-1.3455,0.0042,-0.0396,-0.0002,-0.0003
8.37,"","","",177.3044,0.5482,177.3597,-1.2494,0.0042,-0.0396,-0.0001,-0.0003
8.40,"","","",177.3318,0.6395,177.3837,-1.2494,0.0041,-0.0396,-0.0002,-0.0003
8.43,"","","",177.3135,0.7309,177.4029,-1.2494,0.0043,-0.0396,-0.0001,-0.0002
8.47,"","","",177.2176,1.0507,177.3789,-1.2494,0.0043,-0.0395,-0.0001,-0.0002
8.50,"","","",177.1262,1.5075,177.3549,-1.2494,0.0042,-0.0396,-0.0002,-0.0002
8.53,"","","",177.1217,2.0100,177.3501,-1.2974,0.0042,-0.0395,-0.0001,-0.0002
8.57,"","","",177.1810,2.2841,177.3549,-1.3455,0.0041,-0.0395,-0.0002,-0.0002
8.60,"","","",177.2450,2.4211,177.3404,-1.3455,0.0041,-0.0395,-0.0002,-0.0002
8.63,"","","",177.2541,2.4668,177.3164,-1.2013,0.0042,-0.0394,-0.0001,-0.0002
8.67,"","","",177.2678,2.4211,177.3260,-1.1533,0.0043,-0.0395,-0.0001,-0.0002
8.70,"","","",177.2724,2.3754,177.3404,-1.2013,0.0043,-0.0395,-0.0001,-0.0002
8.73,"","","",177.2541,2.3298,177.3356,-1.2013,0.0043,-0.0396,-0.0001,-0.0002
8.77,"","","",177.2450,2.4211,177.3356,-1.2013,0.0043,-0.0395,-0.0001,-0.0002
8.80,"","","",177.2541,2.4211,177.3501,-1.1052,0.0043,-0.0395,-0.0001,-0.0002
8.83,"","","",177.2404,2.4668,177.3693,-1.0091,0.0044,-0.0397,0.0000,-0.0003
8.87,"","","",177.2587,2.5582,177.3597,-0.9130,0.0043,-0.0395,-0.0001,-0.0002
8.90,"","","",177.2724,2.5582,177.3741,-0.8650,0.0044,-0.0396,0.0000,-0.0002
8.93,"","","",177.2176,2.6039,177.3741,-0.8169,0.0045,-0.0394,0.0000,-0.0001
8.97,"","","",177.2359,2.5582,177.3549,-0.6247,0.0043,-0.0393,-0.0001,-0.0001
9.00,"","","",177.2587,2.4211,177.3308,-0.4325,0.0043,-0.0393,-0.0001,-0.0001
9.03,"","","",177.2861,2.2384,177.3501,-0.3844,0.0043,-0.0393,-0.0001,-0.0001
9.07,"","","",177.2724,2.0100,177.3501,-0.3844,0.0043,-0.0395,-0.0001,-0.0002
9.10,"","","",177.2222,1.9643,177.3308,-0.3364,0.0044,-0.0394,0.0000,-0.0001
9.13,"","","",177.2130,1.9186,177.3260,-0.1442,0.0044,-0.0394,-0.0001,-0.0002
9.17,"","","",177.2176,1.9186,177.3020,0.0000,0.0044,-0.0394,0.0000,-0.0001
9.20,"","","",177.2130,1.8273,177.2876,0.2403,0.0044,-0.0394,0.0000,-0.0001
9.23,"","","",177.1856,1.7359,177.2972,0.4325,0.0043,-0.0394,-0.0001,-0.0001
9.27,"","","",177.2039,1.6445,177.2684,0.7208,0.0044,-0.0394,0.0000,-0.0002
9.30,"","","",177.2313,1.5075,177.2732,0.9130,0.0044,-0.0393,-0.0001,-0.0001
9.33,"","","",177.1993,1.3248,177.2828,1.0091,0.0044,-0.0393,-0.0001,-0.0001
9.37,"","","",177.1948,1.1420,177.3020,1.1052,0.0044,-0.0392,-0.0001,-0.0001
9.40,"","","",177.2085,0.9593,177.2972,1.1533,0.0044,-0.0392,0.0000,0.0000
9.43,"","","",177.2176,0.8680,177.3068,1.0572,0.0043,-0.0392,-0.0001,0.0000
9.47,"","","",177.2404,0.8223,177.3308,0.9611,0.0043,-0.0393,-0.0001,-0.0001
9.50,"","","",177.2130,0.8223,177.3164,0.9611,0.0044,-0.0392,0.0000,0.0000
9.53,"","","",177.2085,0.8680,177.3164,0.9611,0.0044,-0.0391,0.0000,0.0000
9.57,"","","",177.2085,0.8223,177.3356,0.9130,0.0044,-0.0391,0.0000,0.0000
9.60,"","","",177.2130,0.7766,177.3452,0.8169,0.0045,-0.0390,0.0000,0.0000
9.63,"","","",177.2085,0.6852,177.3356,0.8169,0.0046,-0.0392,0.0001,0.0000
9.67,"","","",177.1354,0.7309,177.3212,0.8169,0.0052,-0.0391,0.0003,0.0000
9.70,"","","",177.0760,0.8680,177.3356,0.7689,0.0504,-0.0390,0.0230,0.0000
9.73,"T 0.5","Both","",177.0897,0.9136,177.3116,0.6727,0.4259,-0.0391,0.2111,0.0000
9.77,"","","",177.2039,0.7309,177.2780,0.6727,0.4877,-0.0391,0.2421,0.0000
9.80,"","","",177.2724,0.6395,177.2636,0.6727,0.4834,-0.0392,0.2399,0.0000
9.83,"","","",177.2633,0.7309,177.2588,0.7689,0.4787,-0.0392,0.2375,0.0000
9.87,"","","",177.3272,0.7309,177.2684,0.8169,0.4749,-0.0393,0.2357,-0.0001
9.90,"","","",177.3501,0.5482,177.2972,0.7689,0.4720,-0.0393,0.2342,-0.0001
9.93,"","","",177.3044,0.4111,177.2876,0.8169,0.4692,-0.0392,0.2328,0.0000
9.97,"","","",177.2633,0.2741,177.2684,0.9130,0.4665,-0.0153,0.2314,0.0118
10.00,"","","",177.2587,0.1827,177.2395,1.0091,0.4644,0.4253,0.2304,0.2297
10.03,"","","",177.2222,0.0914,177.3308,0.9611,0.4621,0.5312,0.2292,0.2821
10.07,"","","",177.1948,0.1370,177.3837,0.7689,0.4601,0.5288,0.2282,0.2809
10.10,"","","",177.1719,0.1827,177.4173,0.5766,0.4582,0.5243,0.2273,0.2787
10.13,"T 1.0","Both","",177.1993,0.1827,177.4317,0.2883,0.4564,0.5202,0.2264,0.2766
10.17,"","","",177.2176,0.1370,177.4221,0.0000,0.4547,0.5162,0.2255,0.2747
10.20,"","","",177.2085,0.1370,177.4510,-0.2883,0.4532,0.5127,0.2248,0.2729
10.23,"","","",177.2222,0.0000,177.4606,-0.6727,0.4516,0.5094,0.2240,0.2713
10.27,"","","",177.2404,0.0000,177.4317,-0.9611,0.4503,0.5063,0.2233,0.2698
10.30,"","","",177.2450,-0.0914,177.4414,-1.2013,0.7854,0.5034,0.3912,0.2683
10.33,"","","",177.2313,-0.1827,177.4462,-1.3935,1.0388,0.5006,0.5181,0.2670
10.37,"","","",177.3135,-0.4568,177.4606,-1.6819,1.0381,0.4982,0.5178,0.2658
10.40,"","","",177.3866,-0.8680,177.4654,-1.9702,1.0315,0.4960,0.5144,0.2647
10.43,"","","",177.4232,-1.2334,177.4702,-2.1624,1.0258,0.5455,0.5116,0.2892
10.47,"","","",177.4460,-1.5532,177.4510,-2.3546,1.0206,0.9945,0.5090,0.5113
10.50,"","","",177.4734,-1.9643,177.5375,-2.5949,1.0160,1.0588,0.5067,0.5431
10.53,"T 1.5","Both","",177.4688,-2.3298,177.6432,-3.0274,1.0116,1.0530,0.5045,0.5402
10.57,"","","",177.4414,-2.5582,177.7008,-3.5559,1.0078,1.0464,0.5026,0.5369
10.60,"","","",177.3820,-2.6952,177.7201,-3.9884,1.0085,1.0402,0.5029,0.5339
10.63,"","","",177.3912,-2.8779,177.6912,-4.3248,1.4123,1.0347,0.7052,0.5311
10.67,"","","",177.5237,-3.2434,177.6816,-4.6612,1.5620,1.0296,0.7802,0.5286
10.70,"","","",177.6287,-3.7459,177.6816,-4.9975,1.5559,1.0248,0.7771,0.5262
10.73,"","","",177.6561,-4.2941,177.7153,-5.3339,1.5478,1.0205,0.7731,0.5241
10.77,"","","",177.6653,-4.8423,177.7249,-5.6703,1.5405,1.0165,0.7694,0.5221
10.80,"","","",177.6470,-5.3448,177.7153,-6.0067,1.5341,1.0126,0.7662,0.5202
10.83,"","","",177.6287,-5.7102,177.7056,-6.2469,1.5283,1.3527,0.7633,0.6884
10.87,"","","",177.6653,-6.0757,177.7873,-6.5833,1.5229,1.5502,0.7606,0.7861
10.90,"","","",177.6744,-6.4868,177.8883,-7.1119,1.5180,1.5467,0.7582,0.7844
10.93,"","","",177.6607,-6.7609,177.9267,-7.6885,1.5136,1.5389,0.7560,0.7805
10.97,"T 2.0","Both","",177.6424,-6.9893,177.9507,-8.2171,1.5096,1.5317,0.7540,0.7769
11.00,"","","",177.6105,-6.9893,177.9796,-8.7457,1.5055,1.5252,0.7519,0.7738
11.03,"","","",177.6333,-6.8523,177.9555,-9.1782,1.6010,1.5191,0.7997,0.7707
11.07,"","","",177.6105,-6.6695,177.9027,-9.4184,1.9844,1.5138,0.9918,0.7681
11.10,"","","",177.6973,-6.8066,177.8786,-9.4665,2.0123,1.5090,1.0057,0.7657
11.13,"","","",177.7658,-7.1263,177.8642,-9.4184,2.0044,1.5045,1.0018,0.7635
11.17,"","","",177.8252,-7.5375,177.9027,-9.3704,1.9972,1.5006,0.9982,0.7616
11.20,"","","",177.8754,-8.0857,177.9171,-9.3223,1.9905,1.4967,0.9949,0.7597
11.23,"","","",177.8754,-8.6338,177.9171,-9.2743,1.9847,1.5157,0.9919,0.7690
11.27,"","","",177.8845,-9.0450,177.9075,-9.1301,1.9794,1.9230,0.9893,0.9705
11.30,"","","",177.8663,-9.3191,177.9940,-9.0340,1.9747,1.9960,0.9869,1.0066
11.33,"","","",177.8571,-9.4561,178.0612,-8.9379,1.9703,1.9897,0.9847,1.0035
11.37,"","","",177.8571,-9.5018,178.0997,-8.9860,1.9664,1.9823,0.9827,0.9998
11.40,"","","",177.8526,-9.4561,178.1670,-9.2262,1.9630,1.9758,0.9811,0.9966
11.43,"","","",177.8389,-9.2277,178.2390,-9.5626,1.9596,1.9702,0.9794,0.9938
11.47,"","","",177.8297,-8.9993,178.2727,-9.9470,1.9563,1.9651,0.9777,0.9913
11.50,"","","",177.8343,-8.7709,178.2727,-10.1873,1.9535,1.9604,0.9763,0.9890
11.53,"","","",177.8069,-8.4054,178.2390,-10.3795,1.9508,1.9561,0.9750,0.9869
11.57,"","","",177.7749,-7.9486,178.1670,-10.3795,1.9482,1.9526,0.9737,0.9851
11.60,"","","",177.7475,-7.4004,178.1525,-10.2353,1.9459,1.9488,0.9725,0.9833
11.63,"","","",177.7475,-6.8523,178.1670,-10.0431,1.9436,1.9457,0.9714,0.9817
11.67,"","","",177.7247,-6.1670,178.2102,-9.8990,1.9414,1.9427,0.9703,0.9803
11.70,"","","",177.6973,-5.5275,178.1718,-9.6106,1.9395,1.9397,0.9693,0.9788
11.73,"","","",177.7064,-5.0250,178.1525,-9.2743,1.9376,1.9373,0.9684,0.9776
11.77,"","","",177.7658,-4.6595,178.1093,-8.7457,1.9358,1.9348,0.9675,0.9764
11.80,"","","",177.7795,-4.3854,178.0805,-8.1210,1.9342,1.9326,0.9666,0.9753
11.83,"","","",177.7292,-3.9743,178.0805,-7.5924,1.9327,1.9305,0.9659,0.9742
11.87,"","","",177.6835,-3.4718,178.1045,-7.2080,1.9312,1.9286,0.9651,0.9733
11.90,"","","",177.6744,-2.8779,178.1333,-7.0158,1.9300,1.9266,0.9645,0.9723
11.93,"","","",177.6607,-2.1470,178.1333,-6.7755,1.9287,1.9248,0.9639,0.9714
11.97,"","","",177.6744,-1.4161,178.1333,-6.4391,1.9271,1.9231,0.9631,0.9705
12.00,"","","",177.7110,-0.9593,178.1141,-6.0547,1.9260,1.9215,0.9626,0.9698
12.03,"","","",177.6835,-0.6852,178.1093,-5.5742,1.9250,1.9198,0.9620,0.9689
12.07,"","","",177.6470,-0.3655,178.1141,-5.1417,1.9239,1.9185,0.9615,0.9683
12.10,"","","",177.6333,0.0000,178.1237,-4.7092,1.9229,1.9169,0.9610,0.9675
12.13,"","","",177.5968,0.4111,178.1525,-4.2767,1.9216,1.9155,0.9603,0.9668
12.17,"","","",177.5739,0.9136,178.1525,-3.7482,1.9203,1.9142,0.9597,0.9662
12.20,"","","",177.6561,1.1877,178.1333,-3.3637,1.9194,1.9129,0.9592,0.9655
12.23,"","","",177.7018,1.3705,178.1045,-3.0274,1.9187,1.9119,0.9589,0.9650
12.27,"","","",177.7247,1.5075,178.0901,-2.7390,1.9179,1.9108,0.9585,0.9645
12.30,"","","",177.7247,1.7359,178.0997,-2.5468,1.9169,1.9097,0.9580,0.9639
12.33,"","","",177.6927,2.0557,178.1045,-2.3546,1.9162,1.9087,0.9576,0.9634
12.37,"","","",177.6607,2.4211,178.0612,-2.0182,1.9156,1.9077,0.9573,0.9629
12.40,"","","",177.6653,2.7866,178.0420,-1.5858,1.9149,1.9068,0.9570,0.9625
12.43,"Pyruvate","Both","",177.6744,3.0150,178.0709,-1.1052,1.9143,1.9059,0.9567,0.9621
12.47,"","","",177.6653,3.1064,178.0757,-0.5766,1.9137,1.9050,0.9564,0.9616
12.50,"","","",177.6333,3.1520,178.0612,-0.0961,1.8895,1.9042,0.9443,0.9612
12.53,"","","",177.6881,2.9693,178.0516,0.3844,1.8045,1.9032,0.9017,0.9607
12.57,"","","",177.8845,2.3754,178.0468,0.9130,1.7563,1.9026,0.8775,0.9604
12.60,"","","",177.9713,1.6445,178.0420,1.4416,1.7298,1.9016,0.8643,0.9599
12.63,"","","",177.9759,0.9593,178.0420,1.8260,1.7105,1.9007,0.8546,0.9595
12.67,"","","",177.9576,0.3198,178.0420,2.1143,1.6940,1.8919,0.8463,0.9551
12.70,"","","",177.9485,-0.3198,178.0084,2.3546,1.6794,1.7589,0.8390,0.8893
12.73,"","","",177.9394,-0.8680,178.1958,2.1143,1.6662,1.6331,0.8324,0.8271
12.77,"","","",177.9257,-1.4161,178.2919,1.5858,1.6538,1.5659,0.8262,0.7939
12.80,"","","",177.8845,-1.8273,178.2823,1.0091,1.6422,1.5244,0.8204,0.7734
12.83,"","","",177.8389,-2.1470,178.2583,0.4805,1.6316,1.4931,0.8151,0.7579
12.87,"","","",177.7840,-2.3754,178.2198,0.0961,1.6216,1.4666,0.8101,0.7448
12.90,"","","",177.7338,-2.3754,178.1670,-0.0961,1.6123,1.4430,0.8054,0.7331
12.93,"","","",177.7292,-2.3754,178.0949,-0.0961,1.6033,1.4223,0.8009,0.7228
12.97,"","","",177.7018,-2.2841,178.0084,0.0000,1.5950,1.4042,0.7967,0.7139
13.00,"","","",177.6744,-2.1470,177.9603,0.1442,1.5873,1.3885,0.7928,0.7061
13.03,"","","",177.6516,-1.8729,177.9171,0.3364,1.5798,1.3748,0.7891,0.6994
13.07,"","","",177.6196,-1.5989,177.8450,0.7208,1.5728,1.3632,0.7856,0.6936
13.10,"","","",177.5922,-1.4161,177.7585,1.3455,1.5664,1.3530,0.7824,0.6886
13.13,"","","",177.5876,-1.2334,177.7008,2.0663,1.5603,1.3442,0.7793,0.6842
13.17,"","","",177.5693,-0.9136,177.6816,2.7871,1.5548,1.3364,0.7766,0.6804
13.20,"","","",177.5100,-0.4568,177.6192,3.5079,1.5496,1.3295,0.7740,0.6770
13.23,"","","",177.4506,0.1370,177.5519,4.3248,1.5448,1.3234,0.7716,0.6739
13.27,"","","",177.4506,0.7309,177.5230,5.0936,1.5402,1.3177,0.7693,0.6711
13.30,"","","",177.4186,1.3248,177.4942,5.8625,1.5360,1.3128,0.7672,0.6687
13.33,"","","",177.3820,1.8729,177.4365,6.6794,1.5323,1.3081,0.7653,0.6664
13.37,"","","",177.3546,2.5582,177.3597,7.6405,1.5286,1.3038,0.7635,0.6643
13.40,"","","",177.3135,3.2891,177.2876,8.6015,1.5253,1.2999,0.7618,0.6623
13.43,"","","",177.2541,4.1570,177.2155,9.6587,1.5222,1.2963,0.7602,0.6605
13.47,"","","",177.2313,5.1164,177.2059,10.5237,1.5191,1.2930,0.7587,0.6589
13.50,"","","",177.2176,6.0757,177.1530,11.4367,1.5165,1.2897,0.7574,0.6573
13.53,"","","",177.1856,6.8979,177.0906,12.3977,1.5139,1.2868,0.7561,0.6558
13.57,"","","",177.1491,7.6745,177.0281,13.4549,1.5116,1.2839,0.7549,0.6544
13.60,"","","",177.1399,8.4054,176.9848,14.5121,1.5093,1.2811,0.7538,0.6530
13.63,"","","",177.1491,8.9993,176.9608,15.4731,1.5069,1.2785,0.7526,0.6517
13.67,"","","",177.1171,9.6845,176.8984,16.4342,1.5048,1.2761,0.7515,0.6506
13.70,"","","",177.0805,10.4611,176.8215,17.4914,1.5028,1.2737,0.7506,0.6494
13.73,"","","",177.0303,11.2834,176.7686,18.5966,1.5010,1.2715,0.7497,0.6483
13.77,"","","",176.9572,12.1057,176.7638,19.5096,1.4994,1.2694,0.7488,0.6472
13.80,"","","",176.9207,12.9736,176.7206,20.3746,1.4975,1.2673,0.7479,0.6462
13.83,"","","",176.9207,13.8416,176.6773,21.2395,1.4959,1.2653,0.7471,0.6452
13.87,"","","",176.9070,14.5725,176.6100,22.1045,1.4943,1.2634,0.7463,0.6442
13.90,"","","",176.8887,14.8466,176.5139,23.0175,1.4929,1.2616,0.7456,0.6434
13.93,"","","",176.8430,14.9836,176.4803,23.8825,1.4915,1.2598,0.7449,0.6425
13.97,"","","",176.8019,15.0750,176.4611,24.6033,1.4902,1.2581,0.7442,0.6416
14.00,"","","",176.7516,15.1663,176.4034,25.2760,1.4888,1.2564,0.7435,0.6408
14.03,"","","",176.7014,15.2577,176.3121,26.0449,1.4875,1.2549,0.7429,0.6401
14.07,"","","",176.6374,15.3491,176.2208,26.4773,1.4862,1.2536,0.7422,0.6394
14.10,"","","",176.5963,15.4404,176.1487,26.6215,1.4852,1.2522,0.7417,0.6387
14.13,"","","",176.5872,15.4861,176.0959,26.7176,1.4841,1.2508,0.7412,0.6380
14.17,"","","",176.6055,15.4861,176.0430,26.7656,1.4830,1.2494,0.7406,0.6374
14.20,"","","",176.5689,15.5318,176.0094,26.7176,1.4820,1.2483,0.7401,0.6368
14.23,"","","",176.5187,15.6688,175.9517,26.6695,1.4810,1.2471,0.7396,0.6362
14.27,"","","",176.5095,15.7145,175.8892,26.6695,1.4798,1.2460,0.7390,0.6357
14.30,"","","",176.5095,15.6688,175.8412,26.7176,1.4787,1.2450,0.7385,0.6352
14.33,"","","",176.4867,15.6231,175.7643,26.8137,1.4778,1.2437,0.7380,0.6345
14.37,"","","",176.4090,15.6688,175.6970,26.8618,1.4768,1.2427,0.7375,0.6340
14.40,"","","",176.3496,15.7602,175.6586,26.9579,1.4759,1.2417,0.7371,0.6335
14.43,"","","",176.3405,15.8059,175.5817,27.1020,1.4751,1.2407,0.7367,0.6330
14.47,"","","",176.3131,15.7602,175.5000,27.3423,1.4743,1.2396,0.7363,0.6325
14.50,"","","",176.2674,15.7602,175.4375,27.5345,1.4733,1.2388,0.7358,0.6321
14.53,"","","",176.2263,15.7602,175.3703,27.7748,1.4727,1.2379,0.7355,0.6316
14.57,"Malate","Both","",176.2035,15.8516,175.3078,28.0150,1.4716,1.2369,0.7349,0.6312
14.60,"","","",176.1532,15.8972,175.2453,28.2072,1.4654,1.2362,0.7318,0.6308
14.63,"","","",176.1167,15.9886,175.1973,28.3514,1.4178,1.2354,0.7080,0.6304
14.67,"","","",176.0710,16.0800,175.1396,28.4956,1.3669,1.2346,0.6824,0.6300
14.70,"","","",176.0436,16.1256,175.0916,28.6397,1.3394,1.2338,0.6687,0.6296
14.73,"","","",176.0070,16.2170,175.0435,28.7839,1.3242,1.2331,0.6610,0.6292
14.77,"","","",175.9431,16.4454,175.0147,28.9280,1.3149,1.1660,0.6564,0.5961
14.80,"","","",175.8791,16.6738,174.9954,28.9280,1.3090,1.0661,0.6534,0.5467
14.83,"","","",175.8060,16.9479,174.9330,28.9280,1.3047,1.0261,0.6513,0.5269
14.87,"","","",175.7192,17.3134,174.8128,29.0722,1.3014,1.0088,0.6496,0.5183
14.90,"","","",175.6644,17.7245,174.6543,29.4086,1.3000,1.0004,0.6489,0.5142
14.93,"","","",175.5548,18.1813,174.5149,29.8891,1.2981,0.9949,0.6480,0.5114
14.97,"","","",175.4771,18.6381,174.3948,30.3696,1.2970,0.9915,0.6474,0.5098
15.00,"","","",175.4177,19.0950,174.2602,30.9463,1.2962,0.9891,0.6471,0.5086
15.03,"","","",175.3081,19.6888,174.1161,31.7151,1.2958,0.9871,0.6468,0.5076
15.07,"","","",175.2670,20.2370,173.9767,32.6281,1.2954,0.9855,0.6466,0.5068
15.10,"","","",175.2670,20.7852,173.8518,33.4450,1.2954,0.9842,0.6466,0.5062
15.13,"","","",175.2487,21.2877,173.7268,34.3581,1.2951,0.9834,0.6465,0.5058
15.17,"","","",175.1848,21.7902,173.6067,35.2711,1.2951,0.9827,0.6465,0.5054
15.20,"","","",175.0614,22.3384,173.4818,36.2321,1.2950,0.9816,0.6464,0.5049
15.23,"","","",174.9426,22.9322,173.3328,37.3854,1.2956,0.9815,0.6468,0.5048
15.27,"","","",174.8330,23.6631,173.2079,38.5387,1.2952,0.9807,0.6466,0.5044
15.30,"","","",174.7097,24.5311,173.0733,39.6439,1.2950,0.9803,0.6464,0.5042
15.33,"","","",174.6640,25.3533,172.9292,40.8452,1.2946,0.9799,0.6462,0.5040
15.37,"","","",174.6640,26.0843,172.7754,42.1427,1.2947,0.9798,0.6463,0.5040
15.40,"","","",174.6503,26.8152,172.6456,43.5362,1.2945,0.9794,0.6462,0.5038
15.43,"","","",174.5681,27.5461,172.5159,44.9298,1.2939,0.9791,0.6459,0.5036
15.47,"","","",174.4767,28.2770,172.3525,46.4194,1.2936,0.9789,0.6457,0.5036
15.50,"","","",174.3853,28.9165,172.1891,47.9571,1.2931,0.9788,0.6455,0.5035
15.53,"","","",174.2803,29.6474,172.0498,49.4468,1.2929,0.9787,0.6454,0.5034
15.57,"","","",174.2209,30.3327,171.9200,50.9364,1.2924,0.9788,0.6452,0.5035
15.60,"","","",174.1706,30.9722,171.7807,52.4261,1.2921,0.9789,0.6450,0.5035
15.63,"","","",174.1295,31.4290,171.6461,53.8196,1.2916,0.9789,0.6448,0.5036
15.67,"","","",174.0701,31.7945,171.5164,55.2132,1.2911,0.9789,0.6445,0.5036
15.70,"","","",173.9879,32.2513,171.3963,56.6067,1.2908,0.9791,0.6443,0.5036
15.73,"","","",173.9148,32.7538,171.2473,57.9041,1.2906,0.9790,0.6442,0.5036
15.77,"","","",173.8783,33.0736,171.0791,59.2496,1.2901,0.9791,0.6440,0.5036
15.80,"","","",173.8097,33.3476,170.9349,60.5951,1.2897,0.9792,0.6438,0.5037
15.83,"","","",173.7275,33.6674,170.8148,61.8445,1.2897,0.9793,0.6438,0.5037
15.87,"","","",173.6453,33.9415,170.7043,62.9978,1.2891,0.9793,0.6435,0.5037
15.90,"","","",173.6224,34.0785,170.5842,64.0550,1.2889,0.9796,0.6434,0.5039
15.93,"","","",173.5539,34.1699,170.4592,65.0160,1.2886,0.9796,0.6433,0.5039
15.97,"","","",173.4626,34.2613,170.3247,65.8810,1.2882,0.9797,0.6431,0.5039
16.00,"","","",173.4077,34.3070,170.1565,66.6979,1.2881,0.9799,0.6430,0.5040
16.03,"","","",173.3484,34.2613,170.0123,67.4187,1.2882,0.9800,0.6430,0.5041
16.07,"","","",173.2707,34.1699,169.8970,67.9473,1.2878,0.9802,0.6428,0.5042
16.10,"","","",173.2342,33.9872,169.7480,68.3317,1.2876,0.9805,0.6427,0.5043
16.13,"","","",173.2433,33.6674,169.6183,68.4759,1.2874,0.9806,0.6426,0.5044
16.17,"","","",173.2022,33.3476,169.4837,68.4759,1.2871,0.9807,0.6425,0.5044
16.20,"ADP","Both","",173.1291,33.0736,169.3588,68.4278,1.2869,0.9811,0.6424,0.5046
16.23,"","","",173.0377,32.7995,169.2146,68.4759,1.2859,0.9813,0.6419,0.5047
16.27,"","","",172.9327,32.7081,169.0849,68.4759,1.3206,0.9815,0.6592,0.5048
16.30,"","","",172.8139,32.7538,168.9503,68.4759,1.4337,0.9816,0.7159,0.5049
16.33,"","","",172.7042,32.7995,168.8110,68.4759,1.4952,0.9817,0.7467,0.5049
16.37,"","","",172.5946,33.0736,168.6620,68.4759,1.5264,0.9820,0.7623,0.5051
16.40,"","","",172.4804,33.3476,168.5227,68.5239,1.5424,0.9819,0.7704,0.5050
16.43,"","","",172.3708,33.5761,168.3689,68.5720,1.5512,0.9821,0.7748,0.5051
16.47,"","","",172.2337,33.8045,168.2247,68.6200,1.5573,0.9824,0.7778,0.5053
16.50,"","","",172.0693,34.1699,168.1142,68.5720,1.5617,0.9826,0.7801,0.5054
16.53,"","","",171.9459,34.7181,167.9893,68.4759,1.5655,0.9824,0.7819,0.5053
16.57,"","","",171.8180,35.4490,167.8403,68.4278,1.5686,1.0272,0.7835,0.5274
16.60,"","","",171.6627,36.3626,167.7154,68.3317,1.5710,1.1882,0.7847,0.6071
16.63,"","","",171.4526,37.5960,167.5616,68.2836,1.5730,1.2808,0.7857,0.6529
16.67,"","","",171.3247,38.8294,167.3310,68.3797,1.5748,1.3171,0.7866,0.6708
16.70,"","","",171.2013,40.0172,167.0138,68.8603,1.5760,1.3300,0.7872,0.6772
16.73,"","","",171.0780,41.1135,166.6150,69.7252,1.5771,1.3360,0.7878,0.6802
16.77,"","","",170.9318,42.3013,166.2353,71.0227,1.5782,1.3402,0.7883,0.6822
16.80,"","","",170.7399,43.6717,165.8653,72.7045,1.5785,1.3441,0.7885,0.6842
16.83,"","","",170.5252,45.2706,165.4905,74.7708,1.5787,1.3479,0.7886,0.6860
16.87,"","","",170.3471,47.0065,165.0676,77.2696,1.5787,1.3513,0.7886,0.6877
16.90,"","","",170.1552,48.8794,164.6015,80.2008,1.5787,1.3542,0.7885,0.6892
16.93,"","","",169.9907,50.7067,164.1835,83.4685,1.5786,1.3570,0.7885,0.6906
16.97,"","","",169.7989,52.6253,163.7318,87.1205,1.5784,1.3592,0.7884,0.6916
17.00,"","","",169.6436,54.5440,163.2657,91.1570,1.5780,1.3609,0.7882,0.6925
17.03,"","","",169.5065,56.4169,162.8476,95.3857,1.5775,1.3621,0.7880,0.6931
17.07,"","","",169.3558,58.2899,162.3911,99.9027,1.5769,1.3631,0.7876,0.6936
17.10,"","","",169.1548,60.2085,161.9009,104.8521,1.5728,1.3639,0.7856,0.6940
17.13,"","","",168.9903,62.0814,161.4444,110.0419,1.5776,1.3642,0.7880,0.6941
17.17,"","","",168.7893,64.0457,160.9687,115.4719,1.5758,1.3648,0.7871,0.6944
17.20,"","","",168.5244,66.1928,160.4834,121.0461,1.5750,1.3648,0.7867,0.6944
17.23,"","","",168.2777,68.3398,160.0028,126.7644,1.5741,1.3649,0.7863,0.6945
17.27,"","","",168.0950,70.4869,159.5175,132.6269,1.5733,1.3649,0.7859,0.6945
17.30,"","","",167.9716,72.4969,159.0418,138.6336,1.5726,1.3646,0.7855,0.6943
17.33,"","","",167.8163,74.3698,158.5660,144.7363,1.5718,1.3642,0.7851,0.6941
17.37,"","","",167.6610,76.1057,158.0519,150.9352,1.5711,1.3637,0.7848,0.6939
17.40,"","","",167.4554,77.8873,157.5521,157.2302,1.5702,1.3632,0.7843,0.6936
17.43,"","","",167.2087,79.5775,157.0524,163.5251,1.5695,1.3628,0.7840,0.6934
17.47,"","","",167.0169,81.0850,156.5286,169.8201,1.5688,1.3623,0.7836,0.6932
17.50,"","","",166.8296,82.4098,156.0240,176.0670,1.5679,1.3618,0.7831,0.6929
17.53,"","","",166.6606,83.5975,155.5531,182.1698,1.5673,1.3613,0.7828,0.6927
17.57,"","","",166.4824,84.6939,155.0630,188.1764,1.5665,1.3605,0.7825,0.6923
17.60,"","","",166.2448,85.7902,154.5872,193.9428,1.5658,1.3601,0.7821,0.6921
17.63,"","","",166.0530,86.8409,154.0827,199.5170,1.5651,1.3595,0.7817,0.6918
17.67,"","","",165.8748,87.8002,153.5637,204.9470,1.5645,1.3590,0.7814,0.6915
17.70,"","","",165.6875,88.6682,153.0543,210.1368,1.5638,1.3584,0.7811,0.6912
17.73,"","","",165.4911,89.4448,152.5450,215.0863,1.5632,1.3578,0.7808,0.6909
17.77,"","","",165.2947,90.1757,152.0404,219.7474,1.5625,1.3572,0.7804,0.6907
17.80,"","","",165.0800,90.8609,151.5407,224.0722,1.5619,1.3567,0.7801,0.6904
17.83,"","","",164.8698,91.5918,151.0217,228.0126,1.5613,1.3562,0.7799,0.6901
17.87,"","","",164.6414,92.3227,150.5315,231.4244,1.5606,1.3556,0.7795,0.6899
17.90,"","","",164.4313,92.9623,150.0030,234.4998,1.5600,1.3552,0.7792,0.6897
17.93,"","","",164.2303,93.6018,149.4552,237.1427,1.5594,1.3546,0.7789,0.6894
17.97,"","","",164.0567,94.2414,148.9698,239.2570,1.5589,1.3541,0.7787,0.6891
18.00,"","","",163.8603,94.8352,148.4941,240.9389,1.5583,1.3537,0.7783,0.6889
18.03,"","","",163.6684,95.2920,147.9703,242.3805,1.5578,1.3533,0.7781,0.6887
18.07,"","","",163.4628,95.6575,147.4754,243.7740,1.5570,1.3528,0.7777,0.6885
18.10,"","","",163.2527,95.9773,146.9996,244.9273,1.5566,1.3522,0.7775,0.6882
18.13,"","","",163.0563,96.2970,146.4807,245.9364,1.5560,1.3518,0.7772,0.6880
18.17,"","","",162.8690,96.6168,145.9232,246.8975,1.5554,1.3515,0.7769,0.6878
18.20,"","","",162.7182,96.8909,145.3899,247.8105,1.5551,1.3509,0.7767,0.6876
18.23,"","","",162.5264,97.1650,144.8709,248.7235,1.5545,1.3506,0.7764,0.6874
18.27,"","","",162.3162,97.3934,144.3807,249.4443,1.5541,1.3501,0.7762,0.6871
18.30,"","","",162.1198,97.6675,143.9002,250.0690,1.5537,1.3498,0.7760,0.6870
18.33,"","","",161.9188,97.8502,143.3908,250.6937,1.5532,1.3495,0.7758,0.6868
18.37,"","","",161.7087,97.9873,142.8574,251.2223,1.5527,1.3491,0.7755,0.6866
18.40,"","","",161.5077,98.0329,142.3433,251.7028,1.5521,1.3487,0.7752,0.6864
18.43,"","","",161.3249,98.0786,141.8291,252.1353,1.5517,1.3485,0.7751,0.6864
18.47,"","","",161.1468,97.9873,141.3245,252.5197,1.5508,1.3482,0.7746,0.6862
18.50,"","","",161.0371,97.8045,140.8248,252.8561,1.5442,1.3478,0.7713,0.6860
18.53,"","","",161.5396,96.4341,140.3202,253.1444,1.4798,1.3474,0.7390,0.6858
18.57,"","","",162.1335,93.8302,139.7916,253.4327,1.3855,1.3471,0.6918,0.6857
18.60,"Olig","Both","",162.4167,90.4955,139.2631,253.7691,1.3316,1.3468,0.6648,0.6855
18.63,"","","",162.5538,86.5668,138.7345,254.0094,1.3081,1.3459,0.6530,0.6851
18.67,"","","",162.6132,82.3641,138.3260,254.0574,1.2982,1.3256,0.6480,0.6750
18.70,"","","",162.6223,77.9330,138.5519,252.7600,1.2938,1.1599,0.6458,0.5931
18.73,"","","",162.6177,73.4562,138.8450,250.0690,1.2915,0.9993,0.6447,0.5136
18.77,"","","",162.5309,69.1621,138.9219,246.4650,1.2898,0.9396,0.6439,0.4841
18.80,"","","",162.4624,64.8680,138.8834,242.2363,1.2886,0.9256,0.6432,0.4772
18.83,"","","",162.3436,60.7567,138.7873,237.4791,1.2872,0.9245,0.6425,0.4766
18.87,"","","",162.2751,56.6910,138.7105,232.1452,1.2859,0.9264,0.6419,0.4776
18.90,"","","",162.2340,52.6253,138.6288,226.3307,1.2846,0.9288,0.6412,0.4787
18.93,"","","",162.2112,48.6510,138.5182,220.0838,1.2832,0.9309,0.6406,0.4798
18.97,"","","",162.2112,44.6767,138.3981,213.5005,1.2820,0.9324,0.6399,0.4805
19.00,"","","",162.1381,40.7938,138.3116,206.6289,1.2809,0.9337,0.6394,0.4812
19.03,"","","",162.0878,37.0479,138.2539,199.4209,1.2798,0.9348,0.6388,0.4817
19.07,"","","",162.0147,33.4390,138.1675,191.9727,1.2787,0.9357,0.6383,0.4822
19.10,"","","",161.9416,30.0586,138.0569,184.2841,1.2776,0.9362,0.6377,0.4824
19.13,"","","",161.9097,26.8152,137.9897,176.4515,1.2765,0.9370,0.6372,0.4828
19.17,"","","",161.8731,23.7088,137.9704,168.3305,1.2754,0.9373,0.6367,0.4829
19.20,"","","",161.8000,20.9222,137.9080,160.0173,1.2745,0.9373,0.6362,0.4829
19.23,"","","",161.7315,18.4097,137.7734,151.8482,1.2736,0.9375,0.6357,0.4831
19.27,"","","",161.6538,16.1713,137.6437,143.7753,1.2727,0.9377,0.6353,0.4832
19.30,"","","",161.5899,14.1156,137.5524,135.7023,1.2719,0.9378,0.6349,0.4832
19.33,"","","",161.5168,12.3797,137.4418,127.6774,1.2711,0.9378,0.6345,0.4832
19.37,"","","",161.4757,10.8266,137.3361,119.8448,1.2703,0.9379,0.6341,0.4833
19.40,"","","",161.4117,9.6388,137.2400,112.1082,1.2695,0.9380,0.6337,0.4833
19.43,"","","",161.3341,8.7709,137.1439,104.5158,1.2687,0.9380,0.6333,0.4833
19.47,"","","",161.2655,8.2227,137.0382,97.2117,1.2681,0.9379,0.6330,0.4833
19.50,"","","",161.2062,7.9486,136.9373,90.2440,1.2675,0.9378,0.6327,0.4832
19.53,"","","",161.1285,7.9943,136.8364,83.6607,1.2669,0.9379,0.6324,0.4833
19.57,"","","",161.0463,8.4054,136.7499,77.4138,1.2664,0.9378,0.6321,0.4832
19.60,"","","",160.9595,9.2277,136.6682,71.5032,1.2659,0.9376,0.6318,0.4831
19.63,"","","",160.8910,10.4154,136.5529,66.0251,1.2654,0.9376,0.6316,0.4831
19.67,"","","",160.8407,11.9686,136.4423,61.0276,1.2648,0.9375,0.6313,0.4831
19.70,"","","",160.8361,13.8416,136.3462,56.5587,1.2644,0.9374,0.6311,0.4830
19.73,"","","",160.8224,16.0343,136.2501,52.6663,1.2641,0.9374,0.6310,0.4830
19.77,"","","",160.7539,18.6838,136.1492,49.3507,1.2641,0.9373,0.6309,0.4830
19.80,"","","",160.6169,21.8359,136.0483,46.7077,1.2641,0.9372,0.6310,0.4829
19.83,"","","",160.4387,25.4447,135.9426,44.6895,1.2637,0.9371,0.6308,0.4828
19.87,"","","",160.3062,28.3227,135.8465,43.3440,1.2633,0.9370,0.6305,0.4828
19.90,"","","",160.2514,30.0129,135.7504,42.8154,1.2630,0.9368,0.6304,0.4827
19.93,"","","",160.1920,31.1092,135.6495,43.0557,1.2626,0.9368,0.6302,0.4827
19.97,"","","",160.1646,31.7945,135.5822,44.1129,1.2621,0.9367,0.6300,0.4827
20.00,"","","",160.1281,32.2056,135.5053,45.8428,1.2617,0.9364,0.6297,0.4825
20.03,"","","",160.0504,32.4797,135.3659,47.0922,1.2614,0.9363,0.6296,0.4825
20.07,"","","",160.0184,32.6167,135.2458,47.7169,1.2611,0.9363,0.6294,0.4825
20.10,"","","",159.9865,32.7081,135.1593,48.0052,1.2607,0.9361,0.6293,0.4824
20.13,"","","",159.9682,32.7081,135.0584,48.1974,1.2604,0.9360,0.6291,0.4823
20.17,"F 62.5","Both","",159.9453,32.7995,134.9719,48.3415,1.2603,0.9360,0.6291,0.4823
20.20,"","","",159.8631,32.8908,134.8998,48.4377,1.2600,0.9359,0.6289,0.4822
20.23,"","","",159.7809,33.0279,134.8326,48.4857,1.2686,0.9357,0.6332,0.4822
20.27,"","","",159.7169,33.0736,134.7989,48.3896,1.3952,0.9357,0.6966,0.4821
20.30,"","","",159.6895,32.9365,134.7461,48.3415,1.4628,0.9355,0.7305,0.4821
20.33,"","","",159.6393,32.7995,134.6740,48.1974,1.4848,0.9355,0.7415,0.4821
20.37,"","","",159.5799,32.6624,134.5779,48.0052,1.4952,0.9354,0.7467,0.4820
20.40,"","","",159.5114,32.5254,134.4722,47.8610,1.5022,0.9351,0.7503,0.4819
20.43,"","","",159.4109,32.4797,134.3761,47.7169,1.5074,1.0446,0.7528,0.5360
20.47,"","","",159.2510,32.5254,134.3328,47.4766,1.5116,1.1788,0.7549,0.6024
20.50,"","","",159.1276,32.6624,134.2223,47.0922,1.5147,1.2011,0.7565,0.6134
20.53,"","","",158.9632,32.9365,134.0205,46.8519,1.5172,1.2048,0.7578,0.6153
20.57,"","","",158.7668,33.4847,133.7514,46.9961,1.5194,1.2057,0.7588,0.6157
20.60,"","","",158.5886,34.2156,133.4775,47.5246,1.5211,1.2062,0.7597,0.6160
20.63,"","","",158.4013,35.0835,133.2180,48.3415,1.5227,1.2067,0.7605,0.6162
20.67,"","","",158.2231,36.1799,132.9345,49.4468,1.5240,1.2071,0.7611,0.6164
20.70,"","","",158.1044,37.2306,132.6509,50.8403,1.5248,1.2075,0.7615,0.6166
20.73,"","","",157.9902,38.3269,132.3626,52.5702,1.5255,1.2081,0.7619,0.6169
20.77,"","","",157.8166,39.5147,132.0887,54.4443,1.5262,1.2084,0.7623,0.6171
20.80,"","","",157.6658,40.8394,131.8196,56.6067,1.5267,1.2088,0.7625,0.6172
20.83,"","","",157.5105,42.1642,131.5409,58.9613,1.5270,1.2094,0.7627,0.6175
20.87,"","","",157.3552,43.6260,131.2910,61.4601,1.5272,1.2097,0.7627,0.6177
20.90,"","","",157.2044,45.1335,131.0123,64.1030,1.5273,1.2102,0.7628,0.6179
20.93,"","","",157.0628,46.7324,130.7000,66.9381,1.5274,1.2104,0.7629,0.6180
20.97,"","","",156.9258,48.3312,130.3732,70.0616,1.5273,1.2107,0.7628,0.6182
21.00,"","","",156.7568,49.9758,130.0801,73.3292,1.5274,1.2110,0.7629,0.6184
21.03,"","","",156.5923,51.5290,129.8014,76.6930,1.5273,1.2114,0.7628,0.6185
21.07,"","","",156.4598,52.9908,129.5179,80.1528,1.5271,1.2117,0.7627,0.6187
21.10,"","","",156.2862,54.4526,129.2344,83.6607,1.5272,1.2121,0.7627,0.6189
21.13,"","","",156.1172,56.0971,128.9797,87.2166,1.5270,1.2122,0.7627,0.6190
21.17,"","","",155.9665,57.9244,128.7010,90.8206,1.5267,1.2125,0.7625,0.6191
21.20,"","","",155.8111,59.8430,128.4078,94.4726,1.5265,1.2126,0.7624,0.6191
21.23,"","","",155.6421,61.8073,128.1099,98.1247,1.5262,1.2128,0.7622,0.6192
21.27,"","","",155.4503,63.7717,127.8024,101.8248,1.5260,1.2130,0.7622,0.6193
21.30,"","","",155.2675,65.6903,127.5044,105.4768,1.5258,1.2133,0.7621,0.6195
21.33,"","","",155.1396,67.4262,127.2450,109.0328,1.5256,1.2134,0.7619,0.6195
21.37,"","","",154.9752,69.1621,126.9710,112.5407,1.5254,1.2136,0.7619,0.6196
21.40,"","","",154.7970,70.8523,126.6923,116.0005,1.5250,1.2138,0.7616,0.6197
21.43,"","","",154.6143,72.4055,126.4232,119.3162,1.5248,1.2140,0.7615,0.6198
21.47,"","","",154.4772,73.7303,126.1541,122.4877,1.5245,1.2141,0.7614,0.6199
21.50,"","","",154.3037,74.9180,125.8562,125.5631,1.5242,1.2141,0.7613,0.6199
21.53,"","","",154.1392,76.0144,125.5583,128.4463,1.5239,1.2142,0.7611,0.6199
21.57,"","","",154.0022,77.0193,125.2844,131.0892,1.5235,1.2144,0.7609,0.6200
21.60,"","","",153.8560,77.8416,125.0105,133.3958,1.5234,1.2147,0.7608,0.6202
21.63,"","","",153.6732,78.5268,124.7318,135.4140,1.5230,1.2148,0.7607,0.6202
21.67,"","","",153.5225,79.0293,124.4579,137.1439,1.5229,1.2148,0.7606,0.6202
21.70,"","","",153.3763,79.3034,124.1647,138.5855,1.5227,1.2150,0.7605,0.6203
21.73,"","","",153.1616,79.5318,123.8764,139.8349,1.5223,1.2153,0.7603,0.6204
21.77,"","","",153.0291,79.6232,123.5929,140.7479,1.5220,1.2154,0.7601,0.6205
21.80,"","","",152.9149,79.5775,123.2902,141.3245,1.5219,1.2155,0.7601,0.6206
21.83,"","","",152.7733,79.4862,122.9922,141.6129,1.5216,1.2156,0.7600,0.6206
21.87,"","","",152.6454,79.3491,122.7087,141.7570,1.5212,1.2157,0.7598,0.6207
21.90,"F 125","Both","",152.4947,79.2578,122.4444,141.8051,1.5210,1.2159,0.7596,0.6208
21.93,"","","",152.3439,79.1664,122.1705,141.8531,1.5205,1.2161,0.7594,0.6209
21.97,"","","",152.1520,79.2578,121.8726,141.9012,1.5569,1.2162,0.7776,0.6209
22.00,"","","",152.0104,79.3034,121.5795,141.9012,1.6467,1.2164,0.8226,0.6210
22.03,"","","",151.8825,79.2578,121.3152,141.9492,1.6700,1.2164,0.8343,0.6210
22.07,"","","",151.6952,79.2121,121.0365,141.9492,1.6787,1.2166,0.8387,0.6211
22.10,"","","",151.4623,79.3034,120.7626,141.9012,1.6838,1.2166,0.8412,0.6211
22.13,"","","",151.2201,79.5318,120.5031,141.8051,1.6874,1.2907,0.8430,0.6578
22.17,"","","",150.9963,79.8973,120.2965,141.5648,1.6903,1.4185,0.8445,0.7210
22.20,"","","",150.7770,80.3541,120.0033,141.2765,1.6926,1.4346,0.8456,0.7289
22.23,"","","",150.5349,80.9023,119.6285,141.1804,1.6942,1.4362,0.8464,0.7298
22.27,"","","",150.2745,81.5418,119.2153,141.3245,1.6956,1.4366,0.8471,0.7299
22.30,"","","",149.9959,82.3641,118.7828,141.8531,1.6966,1.4369,0.8476,0.7301
22.33,"","","",149.7446,83.3234,118.3503,142.6220,1.6974,1.4371,0.8480,0.7302
22.37,"","","",149.4614,84.4198,117.9082,143.6311,1.6980,1.4373,0.8483,0.7303
22.40,"","","",149.1782,85.6532,117.4757,144.8805,1.6987,1.4376,0.8487,0.7304
22.43,"","","",148.9178,87.0236,117.0144,146.3701,1.6991,1.4378,0.8489,0.7305
22.47,"","","",148.6939,88.3941,116.5579,148.0520,1.6992,1.4379,0.8489,0.7306
22.50,"","","",148.4792,89.7645,116.0870,149.9741,1.6993,1.4380,0.8490,0.7306
22.53,"","","",148.2463,91.1807,115.6305,152.0885,1.6993,1.4381,0.8490,0.7307
22.57,"","","",148.0361,92.5968,115.1692,154.4431,1.6992,1.4381,0.8489,0.7307
22.60,"","","",147.8123,94.0586,114.7031,157.0380,1.6990,1.4382,0.8488,0.7307
22.63,"","","",147.5930,95.5661,114.2658,159.7289,1.6989,1.4383,0.8488,0.7308
22.67,"","","",147.3326,97.0736,113.8189,162.5641,1.6987,1.4382,0.8487,0.7307
22.70,"","","",147.0540,98.6725,113.3768,165.3992,1.6984,1.4381,0.8485,0.7307
22.73,"","","",146.8027,100.3170,112.9155,168.3785,1.6982,1.4380,0.8484,0.7306
22.77,"","","",146.5195,102.0986,112.4542,171.4539,1.6978,1.4380,0.8482,0.7306
22.80,"","","",146.2226,103.9259,111.9881,174.5293,1.6976,1.4379,0.8481,0.7306
22.83,"","","",145.9759,105.7531,111.5364,177.7008,1.6974,1.4378,0.8480,0.7305
22.87,"","","",145.7064,107.6261,111.0943,180.9204,1.6967,1.4378,0.8477,0.7305
22.90,"","","",145.4551,109.4077,110.6330,184.1400,1.6965,1.4376,0.8476,0.7304
22.93,"","","",145.2404,111.0979,110.1716,187.3595,1.6959,1.4375,0.8473,0.7304
22.97,"","","",145.0257,112.6968,109.7151,190.5791,1.6956,1.4375,0.8471,0.7304
23.00,"","","",144.7836,114.2043,109.2538,193.7506,1.6954,1.4372,0.8470,0.7302
23.03,"","","",144.5232,115.6661,108.7925,196.8741,1.6950,1.4373,0.8468,0.7303
23.07,"","","",144.2582,117.2192,108.3408,199.9495,1.6943,1.4371,0.8465,0.7302
23.10,"","","",144.0298,118.5897,107.9035,202.9288,1.6938,1.4370,0.8462,0.7301
23.13,"","","",143.8197,119.7317,107.4470,205.8600,1.6935,1.4369,0.8461,0.7301
23.17,"","","",143.5639,120.7367,107.0145,208.6471,1.6931,1.4369,0.8459,0.7301
23.20,"","","",143.3081,121.6047,106.5821,211.2901,1.6927,1.4367,0.8457,0.7300
23.23,"","","",143.0979,122.2442,106.1256,213.7408,1.6923,1.4365,0.8455,0.7299
23.27,"","","",142.8558,122.7467,105.6931,215.9993,1.6919,1.4364,0.8453,0.7298
23.30,"","","",142.6137,123.2036,105.2654,218.0656,1.6915,1.4362,0.8450,0.7297
23.33,"","","",142.3716,123.4776,104.8281,219.9396,1.6910,1.4362,0.8448,0.7297
23.37,"","","",142.1112,123.5233,104.3812,221.5254,1.6906,1.4361,0.8446,0.7297
23.40,"","","",141.8554,123.5233,103.9295,222.9189,1.6903,1.4360,0.8444,0.7296
23.43,"","","",141.5950,123.5233,103.4634,224.0722,1.6900,1.4359,0.8443,0.7296
23.47,"","","",141.3392,123.5233,103.0117,224.9852,1.6898,1.4358,0.8442,0.7295
23.50,"","","",141.1199,123.4320,102.5696,225.4177,1.6895,1.4358,0.8441,0.7295
23.53,"","","",140.8732,123.2492,102.1227,225.5619,1.6892,1.4356,0.8439,0.7294
23.57,"","","",140.6037,123.1122,101.6806,225.5619,1.6887,1.4357,0.8437,0.7295
23.60,"","","",140.3479,123.0665,101.2433,225.4658,1.6884,1.4356,0.8435,0.7294
23.63,"F 250","Both","",140.1103,123.0208,100.7965,225.3696,1.6884,1.4355,0.8435,0.7294
23.67,"","","",139.8774,122.9295,100.3736,225.1774,1.6883,1.4355,0.8435,0.7294
23.70,"","","",139.5622,123.0665,99.9219,224.9372,1.6882,1.4354,0.8434,0.7293
23.73,"","","",139.2424,123.3863,99.4702,224.6969,1.6876,1.4355,0.8431,0.7294
23.77,"","","",138.9637,123.7974,99.0281,224.4566,1.7116,1.4354,0.8551,0.7293
23.80,"","","",138.8495,123.9345,98.5860,224.2164,1.8421,1.4354,0.9205,0.7293
23.83,"","","",138.7810,123.6604,98.1439,224.0242,1.8709,1.4354,0.9349,0.7293
23.87,"","","",138.5526,123.3406,97.6922,223.8319,1.8764,1.4353,0.9377,0.7293
23.90,"","","",138.2694,123.0208,97.2549,223.6397,1.8784,1.4354,0.9387,0.7293
23.93,"","","",137.9770,122.7924,96.8321,223.4475,1.8793,1.4354,0.9391,0.7293
23.97,"","","",137.6572,122.6097,96.3996,223.2073,1.8795,1.4388,0.9392,0.7310
24.00,"","","",137.3512,122.5640,95.9911,222.9189,1.8796,1.6453,0.9393,0.8331
24.03,"","","",137.0497,122.7011,95.7605,222.1981,1.8792,1.7382,0.9391,0.8791
24.07,"","","",136.7025,122.9751,95.3760,221.4293,1.8788,1.7410,0.9389,0.8805
24.10,"","","",136.3142,123.5690,94.8379,220.9007,1.8782,1.7390,0.9386,0.8795
24.13,"","","",135.9533,124.4370,94.2372,220.7085,1.8774,1.7372,0.9382,0.8786
24.17,"","","",135.6564,125.3963,93.6173,220.8526,1.8766,1.7355,0.9378,0.8778
24.20,"","","",135.3320,126.4470,92.9782,221.3332,1.8761,1.7335,0.9375,0.8768
24.23,"","","",134.9666,127.6804,92.3439,222.1501,1.8755,1.7321,0.9372,0.8761
24.27,"","","",134.5829,129.0965,91.7144,223.3034,1.8748,1.7306,0.9369,0.8754
24.30,"","","",134.2128,130.5583,91.0465,224.7930,1.8741,1.7291,0.9365,0.8746
24.33,"","","",133.8611,132.1115,90.3977,226.6190,1.8734,1.7277,0.9362,0.8739
24.37,"","","",133.5139,133.8017,89.7442,228.7814,1.8727,1.7265,0.9358,0.8733
24.40,"","","",133.1759,135.5833,89.0907,231.2321,1.8721,1.7252,0.9355,0.8727
24.43,"","","",132.8195,137.3649,88.4324,233.8751,1.8715,1.7240,0.9352,0.8721
24.47,"","","",132.4450,139.2378,87.7740,236.8063,1.8708,1.7229,0.9349,0.8715
24.50,"","","",132.1115,141.1565,87.1013,239.9778,1.8700,1.7219,0.9345,0.8711
24.53,"","","",131.7689,143.0751,86.4381,243.2935,1.8694,1.7207,0.9342,0.8705
24.57,"","","",131.4126,144.9937,85.7846,246.7533,1.8689,1.7197,0.9339,0.8700
24.60,"","","",131.0654,146.9124,85.1263,250.4054,1.8682,1.7187,0.9336,0.8695
24.63,"","","",130.7045,148.8310,84.4776,254.1055,1.8675,1.7177,0.9332,0.8690
24.67,"","","",130.3482,150.7953,83.8241,257.9017,1.8669,1.7170,0.9329,0.8686
24.70,"","","",130.0101,152.7139,83.1561,261.7940,1.8663,1.7159,0.9326,0.8681
24.73,"","","",129.6858,154.5869,82.4978,265.7824,1.8657,1.7150,0.9323,0.8676
24.77,"","","",129.3386,156.4598,81.8346,269.8669,1.8651,1.7141,0.9320,0.8672
24.80,"","","",128.9640,158.3785,81.1811,273.9995,1.8647,1.7134,0.9318,0.8668
24.83,"","","",128.6031,160.2057,80.5372,278.1321,1.8639,1.7125,0.9314,0.8664
24.87,"","","",128.2651,161.9416,79.8933,282.1686,1.8633,1.7118,0.9311,0.8660
24.90,"","","",127.9453,163.5862,79.2494,286.2050,1.8629,1.7109,0.9309,0.8656
24.93,"","","",127.6027,165.1850,78.5911,290.1454,1.8624,1.7102,0.9307,0.8653
24.97,"","","",127.2555,166.6468,77.9231,294.0858,1.8618,1.7096,0.9304,0.8650
25.00,"","","",126.8855,168.0630,77.2600,297.8820,1.8613,1.7090,0.9301,0.8647
25.03,"","","",126.5200,169.5248,76.5968,301.5821,1.8611,1.7083,0.9300,0.8643
25.07,"","","",126.1957,170.9866,75.9481,305.1380,1.8605,1.7075,0.9297,0.8639
25.10,"","","",125.8394,172.4027,75.2946,308.5498,1.8600,1.7070,0.9295,0.8637
25.13,"","","",125.4831,173.4534,74.6363,311.7694,1.8596,1.7064,0.9293,0.8634
25.17,"","","",125.1679,173.9559,73.9876,314.8448,1.8591,1.7059,0.9290,0.8632
25.20,"","","",124.8253,174.2300,73.3436,317.6318,1.8588,1.7055,0.9289,0.8629
25.23,"","","",124.5009,174.4127,72.6997,320.1787,1.8583,1.7049,0.9286,0.8627
25.27,"","","",124.1492,174.4584,72.0606,322.3891,1.8580,1.7045,0.9285,0.8625
25.30,"","","",123.7928,174.5041,71.4071,324.3112,1.8576,1.7041,0.9283,0.8622
25.33,"","","",123.4548,174.4127,70.7680,325.8489,1.8574,1.7037,0.9282,0.8620
25.37,"","","",123.1076,174.2757,70.1241,326.6659,1.8568,1.7032,0.9279,0.8618
25.40,"","","",122.7650,174.0930,69.4706,327.0022,1.8547,1.7026,0.9268,0.8615
25.43,"","","",122.4635,173.9102,68.8411,327.0503,1.8937,1.7022,0.9464,0.8613
25.47,"","","",122.3493,173.3621,68.1971,327.0503,1.9269,1.7019,0.9630,0.8611
25.50,"","","",122.1437,172.4484,67.5484,326.9542,1.9301,1.7015,0.9646,0.8610
25.53,"","","",121.8240,171.4891,66.8949,326.8581,1.9304,1.7012,0.9647,0.8608
25.57,"","","",121.4813,170.5755,66.2462,326.6659,1.9301,1.7008,0.9646,0.8606
25.60,"","","",121.1205,169.8446,65.6023,326.4736,1.9297,1.7014,0.9644,0.8609
25.63,"","","",120.7550,169.1593,65.0208,326.1853,1.9291,1.8030,0.9641,0.9112
25.67,"F 375","Both","",120.3804,168.6112,64.6748,325.2723,1.9287,1.8414,0.9639,0.9301
25.70,"","","",120.0104,168.1543,64.2039,324.1190,1.9281,1.8418,0.9636,0.9304
25.73,"","","",119.6358,167.7432,63.5984,322.9177,1.9275,1.8404,0.9633,0.9297
25.77,"","","",119.2475,167.4691,62.9257,321.8125,1.9271,1.8388,0.9631,0.9288
25.80,"","","",118.8501,167.3778,62.2337,320.8514,1.9265,1.8373,0.9628,0.9282
25.83,"","","",118.4481,167.3778,61.5225,320.1306,1.9261,1.8359,0.9626,0.9275
25.87,"","","",118.0507,167.4691,60.8066,319.5540,1.9256,1.8347,0.9623,0.9269
25.90,"","","",117.6852,167.6518,60.0858,319.1696,1.9251,1.8335,0.9621,0.9262
25.93,"","","",117.3426,167.8346,59.3746,318.8812,1.9246,1.8324,0.9618,0.9257
25.97,"","","",116.9634,168.1087,58.6490,318.8332,1.9242,1.8312,0.9616,0.9251
26.00,"","","",116.5614,168.5198,57.9282,318.8812,1.9238,1.8302,0.9614,0.9246
26.03,"","","",116.1731,169.0223,57.1978,319.1215,1.9233,1.8294,0.9612,0.9242
26.07,"","","",115.7940,169.4791,56.4722,319.5540,1.9230,1.8286,0.9611,0.9238
26.10,"","","",115.4103,170.0730,55.7514,320.1306,1.9228,1.8278,0.9609,0.9235
26.13,"","","",115.0174,170.7582,55.0161,320.8514,1.9224,1.8271,0.9607,0.9231
26.17,"","","",114.6245,171.5348,54.2953,321.6683,1.9219,1.8264,0.9605,0.9228
26.20,"","","",114.2317,172.4027,53.5745,322.5813,1.9217,1.8256,0.9604,0.9223
26.23,"","","",113.8616,173.2250,52.8393,323.6385,1.9214,1.8249,0.9602,0.9220
26.27,"","","",113.4962,174.0930,52.1137,324.7918,1.9209,1.8241,0.9600,0.9216
26.30,"","","",113.1353,174.9152,51.3929,326.0412,1.9205,1.8236,0.9598,0.9213
26.33,"","","",112.7836,175.7832,50.6625,327.4347,1.9203,1.8230,0.9597,0.9211
26.37,"","","",112.4135,176.7425,49.9321,328.9724,1.9200,1.8225,0.9595,0.9208
26.40,"","","",112.0115,177.7018,49.2161,330.5101,1.9196,1.8219,0.9593,0.9205
26.43,"","","",111.6232,178.7525,48.5049,332.1439,1.9193,1.8212,0.9592,0.9202
26.47,"","","",111.2167,179.8489,47.7793,333.8258,1.9189,1.8208,0.9590,0.9200
26.50,"","","",110.8466,180.9452,47.0537,335.6038,1.9189,1.8203,0.9589,0.9197
26.53,"","","",110.4903,181.9502,46.3377,337.3817,1.9185,1.8198,0.9588,0.9195
26.57,"","","",110.1249,182.9552,45.6169,339.1597,1.9183,1.8194,0.9587,0.9193
26.60,"","","",109.7640,183.9145,44.9009,340.9377,1.9179,1.8190,0.9585,0.9191
26.63,"","","",109.3985,184.9195,44.1801,342.7637,1.9177,1.8186,0.9583,0.9189
26.67,"","","",108.9965,185.9245,43.4641,344.5897,1.9173,1.8182,0.9582,0.9187
26.70,"","","",108.6082,186.9295,42.7385,346.4157,1.9171,1.8176,0.9581,0.9184
26.73,"","","",108.2200,187.9802,42.0274,348.1937,1.9171,1.8171,0.9580,0.9181
26.77,"","","",107.8408,188.9395,41.3114,349.9236,1.9163,1.8168,0.9577,0.9180
26.80,"","","",107.4845,189.3963,40.5858,351.6535,1.9160,1.8165,0.9575,0.9178
26.83,"","","",107.1236,189.5334,39.8698,353.3834,1.9155,1.8161,0.9573,0.9176
26.87,"","","",106.7536,189.5334,39.1586,355.0173,1.9155,1.8157,0.9573,0.9175
26.90,"","","",106.3790,189.4420,38.4474,356.6511,1.9150,1.8152,0.9570,0.9172
26.93,"","","",106.0090,189.3050,37.7458,358.1407,1.9100,1.8148,0.9545,0.9170
26.97,"","","",105.6663,189.1222,37.0394,359.4382,1.9240,1.8147,0.9615,0.9169
27.00,"F 500","Both","",105.5613,188.3913,36.3330,360.1109,1.9369,1.8144,0.9680,0.9168
27.03,"","","",105.4105,187.2950,35.6171,360.3031,1.9377,1.8142,0.9684,0.9167
27.07,"","","",105.1273,186.0616,34.9011,360.3031,1.9377,1.8137,0.9684,0.9164
27.10,"","","",104.7893,184.7825,34.1899,360.2070,1.9376,1.8135,0.9683,0.9164
27.13,"","","",104.4147,183.6404,33.4835,360.0148,1.9371,1.8134,0.9681,0.9163
27.17,"","","",104.0538,182.5898,32.7867,359.8226,1.9369,1.8129,0.9680,0.9161
27.20,"","","",103.6838,181.6304,32.0803,359.5343,1.9366,1.8126,0.9678,0.9159
27.23,"","","",103.2955,180.7168,31.3788,359.2459,1.9361,1.8122,0.9676,0.9157
27.27,"","","",102.9254,179.7575,30.6772,358.9576,1.9358,1.8247,0.9675,0.9219
27.30,"","","",102.5417,178.9352,30.2447,358.1407,1.9357,1.8617,0.9674,0.9402
27.33,"","","",102.1808,178.1586,29.8987,356.6511,1.9354,1.8642,0.9672,0.9414
27.37,"","","",101.8017,177.4734,29.3605,354.9212,1.9353,1.8639,0.9672,0.9413
27.40,"","","",101.4317,176.8795,28.7262,353.1432,1.9349,1.8632,0.9670,0.9409
27.43,"","","",101.0571,176.3314,28.0487,351.4133,1.9346,1.8626,0.9669,0.9406
27.47,"","","",100.6962,175.8746,27.3567,349.7314,1.9343,1.8619,0.9667,0.9403
27.50,"","","",100.3307,175.4634,26.6551,348.1456,1.9341,1.8614,0.9666,0.9400
27.53,"","","",99.9424,175.1893,25.9295,346.7041,1.9340,1.8608,0.9665,0.9397
27.57,"","","",99.5404,175.0523,25.2087,345.3586,1.9336,1.8603,0.9663,0.9395
27.60,"","","",99.1704,174.9152,24.4927,344.1572,1.9334,1.8597,0.9662,0.9392
27.63,"","","",98.8095,174.7782,23.7719,343.0520,1.9332,1.8592,0.9661,0.9390
27.67,"","","",98.4532,174.6868,23.0559,342.0429,1.9331,1.8590,0.9661,0.9389
27.70,"","","",98.0969,174.5498,22.3544,341.1779,1.9328,1.8584,0.9659,0.9386
27.73,"","","",97.7360,174.5498,21.6384,340.4091,1.9326,1.8580,0.9659,0.9384
27.77,"","","",97.3705,174.5955,20.9272,339.6883,1.9325,1.8576,0.9658,0.9382
27.80,"","","",97.0142,174.7325,20.2160,339.1116,1.9324,1.8572,0.9657,0.9380
27.83,"","","",96.6168,175.0066,19.5096,338.5831,1.9321,1.8568,0.9656,0.9378
27.87,"","","",96.2239,175.3264,18.7936,338.1986,1.9319,1.8565,0.9655,0.9376
27.90,"","","",95.8585,175.6918,18.0872,337.9103,1.9316,1.8560,0.9654,0.9374
27.93,"","","",95.4976,176.0573,17.3857,337.7181,1.9315,1.8558,0.9653,0.9373
27.97,"","","",95.1321,176.4684,16.6793,337.5739,1.9313,1.8554,0.9652,0.9371
28.00,"","","",94.7667,176.9709,15.9729,337.5739,1.9312,1.8551,0.9651,0.9369
28.03,"","","",94.3875,177.6105,15.2713,337.6220,1.9310,1.8538,0.9651,0.9363
28.07,"","","",94.0266,178.2957,14.8677,337.2376,1.9307,1.8701,0.9649,0.9444
28.10,"","","",93.6840,179.0266,15.3194,334.8349,1.9305,1.8748,0.9648,0.9467
28.13,"Rot","Both","",93.3323,179.7118,15.6317,330.8465,1.9304,1.8748,0.9648,0.9467
28.17,"","","",92.9760,180.4884,15.7711,325.6087,1.9303,1.8746,0.9647,0.9466
28.20,"","","",92.6059,181.2650,15.8287,319.3618,1.9291,1.8743,0.9641,0.9464
28.23,"","","",92.3638,181.9045,15.8576,312.2499,1.9317,1.8741,0.9654,0.9463
28.27,"","","",92.9257,180.8995,15.8720,304.3692,1.9391,1.8740,0.9691,0.9463
28.30,"","","",93.4739,178.3414,15.8816,295.7676,1.9393,1.8738,0.9692,0.9462
28.33,"","","",93.7160,174.3671,15.8912,286.4934,1.9396,1.8736,0.9693,0.9461
28.37,"","","",93.8439,169.3421,15.9008,276.6905,1.9395,1.8734,0.9693,0.9460
28.40,"","","",93.8987,163.7232,15.9152,266.3591,1.9394,1.8732,0.9692,0.9459
28.43,"","","",93.9216,157.6019,15.9200,255.6432,1.9396,1.8730,0.9693,0.9458
28.47,"","","",93.9261,151.2064,15.9248,244.5429,1.9396,1.8729,0.9694,0.9457
28.50,"","","",93.9490,144.4912,15.9296,233.1543,1.9394,1.8726,0.9693,0.9456
28.53,"","","",93.9673,137.4562,15.9345,221.4773,1.9395,1.8724,0.9693,0.9455
28.57,"","","",93.9581,130.3299,15.9441,209.6562,1.9395,1.8721,0.9693,0.9453
28.60,"","","",93.9399,123.0208,15.9537,197.7390,1.9394,1.8719,0.9692,0.9452
28.63,"","","",93.9353,115.6661,15.9585,185.1971,1.9394,1.8718,0.9692,0.9452
28.67,"","","",93.9353,108.1743,15.9681,172.0306,1.9393,1.8715,0.9692,0.9451
28.70,"","","",93.9307,100.6368,15.9729,158.5276,1.9392,1.8713,0.9691,0.9449
28.73,"","","",93.9581,93.0079,15.9729,145.0246,1.9392,1.8711,0.9691,0.9449
28.77,"","","",93.9810,85.3791,15.9825,131.6178,1.9389,1.8709,0.9690,0.9448
28.80,"","","",93.9810,77.7959,15.9873,118.3551,1.9388,1.8707,0.9689,0.9446
28.83,"","","",93.9810,70.2585,15.9921,105.4288,1.9386,1.8705,0.9689,0.9446
28.87,"","","",93.9718,62.9037,16.0017,92.8388,1.9388,1.8704,0.9689,0.9445
28.90,"","","",93.9810,55.7317,16.0113,80.6814,1.9388,1.8701,0.9689,0.9443
28.93,"","","",93.9947,48.7424,16.0113,69.0525,1.9384,1.8698,0.9687,0.9442
28.97,"","","",93.9947,41.9358,16.0161,58.0002,1.9383,1.8696,0.9687,0.9441
29.00,"","","",93.9992,35.4033,16.0209,47.6208,1.9384,1.8693,0.9687,0.9440
29.03,"","","",93.9901,29.0992,16.0258,37.8659,1.9382,1.8691,0.9686,0.9438
29.07,"","","",93.9718,23.1606,16.0258,28.9280,1.9382,1.8689,0.9686,0.9438
29.10,"","","",93.9627,17.5875,16.0306,20.8070,1.9381,1.8687,0.9686,0.9437
29.13,"","","",93.9536,12.4254,16.0354,13.5991,1.9381,1.8685,0.9686,0.9436
29.17,"","","",93.9399,7.7202,16.0402,7.3521,1.9379,1.8682,0.9685,0.9434
29.20,"","","",93.9536,3.5175,16.0498,2.1143,1.9379,1.8680,0.9685,0.9433
29.23,"","","",93.9718,-0.2284,16.0498,-1.9702,1.9379,1.8677,0.9685,0.9432
29.27,"","","",93.9718,-3.4718,16.0594,-4.9495,1.9377,1.8676,0.9684,0.9431
29.30,"","","",93.9673,-6.1213,16.0594,-6.7275,1.9377,1.8674,0.9684,0.9430
29.33,"","","",93.9627,-8.1770,16.0642,-7.1599,1.9376,1.8672,0.9684,0.9429
29.37,"","","",93.9627,-9.5932,16.0690,-6.2469,1.9374,1.8671,0.9683,0.9429
29.40,"","","",93.9855,-10.4154,16.0738,-4.5170,1.9375,1.8669,0.9683,0.9428
29.43,"","","",93.9764,-10.5068,16.0786,-3.5559,1.9373,1.8667,0.9682,0.9427
29.47,"","","",93.9581,-9.9129,16.0834,-3.1235,1.9374,1.8665,0.9683,0.9426
29.50,"","","",93.9033,-8.4511,16.0882,-2.9312,1.9371,1.8663,0.9681,0.9425
29.53,"","","",93.9124,-6.2127,16.0930,-2.7871,1.9369,1.8661,0.9680,0.9424
29.57,"","","",93.9033,-3.3804,16.0978,-2.7390,1.9368,1.8660,0.9680,0.9423
29.60,"","","",93.9033,-1.4618,16.1026,-2.6910,1.9366,1.8656,0.9678,0.9421
29.63,"","","",93.9033,-0.5482,16.1074,-2.6429,1.9364,1.8654,0.9678,0.9420
29.67,"","","",93.8987,0.0000,16.1122,-2.5949,1.9364,1.8652,0.9678,0.9419
29.70,"","","",93.9307,0.2284,16.1122,-2.5468,1.9362,1.8650,0.9676,0.9419
29.73,"","","",93.9536,0.3198,16.1122,-2.4988,1.9362,1.8647,0.9676,0.9417
29.77,"","","",93.9627,0.3655,16.1171,-2.4507,1.9361,1.8644,0.9676,0.9415
29.80,"","","",93.9673,0.4111,16.1219,-2.4027,1.9361,1.8643,0.9676,0.9415
29.83,"","","",93.9536,0.4111,16.1267,-2.3546,1.9361,1.8641,0.9676,0.9414
29.87,"","","",93.9353,0.4568,16.1267,-2.3066,1.9359,1.8638,0.9675,0.9412
29.90,"","","",93.9033,0.5482,16.1363,-2.3066,1.9360,1.8636,0.9675,0.9412
29.93,"","","",93.8987,0.6395,16.1363,-2.2585,1.9358,1.8633,0.9674,0.9410
29.97,"","","",93.9261,0.7309,16.1411,-2.2104,1.9356,1.8631,0.9674,0.9409
30.00,"","","",93.9307,0.8223,16.1459,-2.2104,1.9356,1.8628,0.9674,0.9407
30.03,"","","",93.9307,0.9136,16.1507,-2.2104,1.9356,1.8627,0.9673,0.9407
30.07,"","","",93.9444,0.9136,16.1507,-2.1624,1.9355,1.8626,0.9673,0.9407
30.10,"","","",93.9307,0.8680,16.1555,-2.1143,1.9351,1.8624,0.9671,0.9406
30.13,"","","",93.9261,0.8680,16.1651,-2.1143,1.9350,1.8623,0.9671,0.9405
30.17,"","","",93.9353,0.8223,16.1651,-2.0663,1.9349,1.8621,0.9670,0.9404
30.20,"","","",93.9399,0.7766,16.1651,-2.0663,1.9347,1.8620,0.9669,0.9403
30.23,"","","",93.9307,0.7766,16.1699,-2.0663,1.9346,1.8616,0.9668,0.9401
30.27,"","","",93.9170,0.7309,16.1699,-2.0182,1.9344,1.8615,0.9667,0.9401
30.30,"","","",93.9079,0.6852,16.1747,-2.0182,1.9342,1.8612,0.9666,0.9400
30.33,"","","",93.9170,0.6395,16.1747,-1.9702,1.9342,1.8611,0.9666,0.9399
30.37,"","","",93.9444,0.5025,16.1747,-1.9702,1.9342,1.8610,0.9666,0.9399
30.40,"","","",93.9307,0.4568,16.1843,-1.9221,1.9340,1.8608,0.9665,0.9397
30.43,"","","",93.9079,0.5025,16.1891,-1.9221,1.9340,1.8605,0.9665,0.9396
30.47,"","","",93.9216,0.4568,16.1891,-1.8741,1.9339,1.8604,0.9665,0.9396
30.50,"","","",93.9124,0.5025,16.1939,-1.8741,1.9337,1.8602,0.9664,0.9395
30.53,"","","",93.9124,0.5025,16.1987,-1.8260,1.9336,1.8601,0.9663,0.9394
30.57,"","","",93.9079,0.5025,16.2035,-1.8260,1.9333,1.8598,0.9662,0.9393
30.60,"","","",93.9170,0.4568,16.2084,-1.8260,1.9332,1.8596,0.9661,0.9391
30.63,"","","",93.9170,0.4111,16.2132,-1.8260,1.9330,1.8594,0.9660,0.9391
30.67,"","","",93.9079,0.3655,16.2180,-1.7780,1.9328,1.8593,0.9659,0.9390
30.70,"","","",93.9216,0.3198,16.2180,-1.7780,1.9329,1.8589,0.9660,0.9388
30.73,"","","",93.9627,0.1370,16.2276,-1.7780,1.9330,1.8587,0.9660,0.9387
30.77,"","","",93.9581,0.0000,16.2324,-1.7780,1.9329,1.8585,0.9660,0.9386
30.80,"","","",93.9353,-0.0914,16.2324,-1.7780,1.9327,1.8583,0.9659,0.9385
30.83,"","","",93.9399,-0.0914,16.2420,-1.7780,1.9325,1.8583,0.9658,0.9385
30.87,"","","",93.9353,-0.0457,16.2420,-1.8260,1.9324,1.8579,0.9657,0.9383
30.90,"","","",93.9353,-0.0457,16.2468,-1.8260,1.9323,1.8577,0.9657,0.9382
30.93,"","","",93.9444,0.0000,16.2468,-1.8260,1.9321,1.8576,0.9656,0.9382
30.97,"","","",93.9216,0.0457,16.2516,-1.8260,1.9319,1.8574,0.9655,0.9381
31.00,"","","",93.9124,0.1370,16.2564,-1.8260,1.9318,1.8573,0.9654,0.9380
31.03,"","","",93.9033,0.1827,16.2612,-1.8741,1.9316,1.8571,0.9653,0.9379
31.07,"","","",93.9033,0.1827,16.2660,-1.8741,1.9318,1.8569,0.9654,0.9378
31.10,"","","",93.8987,0.1827,16.2708,-1.8741,1.9315,1.8567,0.9653,0.9378
31.13,"","","",93.9079,0.1370,16.2708,-1.8741,1.9313,1.8566,0.9652,0.9377
31.17,"","","",93.9124,0.0914,16.2756,-1.8741,1.9311,1.8564,0.9651,0.9376
31.20,"","","",93.9170,0.0914,16.2756,-1.8741,1.9312,1.8562,0.9651,0.9375
31.23,"","","",93.9307,0.0914,16.2804,-1.8741,1.9311,1.8560,0.9651,0.9374
31.27,"","","",93.9536,0.0914,16.2852,-1.8741,1.9309,1.8558,0.9650,0.9373
31.30,"","","",94.0084,-0.0457,16.2900,-1.8741,1.9309,1.8556,0.9650,0.9372
31.33,"","","",94.0586,-0.3198,16.2997,-1.9221,1.9310,1.8555,0.9650,0.9371
31.37,"","","",94.0906,-0.5939,16.2997,-1.9221,1.9308,1.8552,0.9649,0.9370
31.40,"","","",94.1271,-0.9593,16.3045,-1.9221,1.9307,1.8550,0.9649,0.9369
31.43,"","","",94.1637,-1.3705,16.3093,-1.9221,1.9304,1.8549,0.9647,0.9368
31.47,"","","",94.1911,-1.7816,16.3141,-1.9702,1.9303,1.8548,0.9647,0.9368
31.50,"","","",94.2094,-2.2384,16.3189,-1.9702,1.9302,1.8545,0.9646,0.9366
31.53,"AA","Both","",94.2414,-2.6952,16.3237,-2.0182,1.9248,1.8542,0.9619,0.9365
31.57,"","","",94.4606,-3.5175,16.3285,-2.0182,1.9126,1.8541,0.9558,0.9365
31.60,"","","",95.3880,-5.9843,16.3429,-2.0663,1.9225,1.8540,0.9608,0.9364
31.63,"","","",96.0092,-9.4561,16.3477,-2.0663,1.9239,1.8536,0.9615,0.9362
31.67,"","","",96.3016,-13.2477,16.3477,-2.1143,1.9237,1.8534,0.9614,0.9361
31.70,"","","",96.3930,-17.0393,16.3477,-2.1143,1.9235,1.8472,0.9613,0.9330
31.73,"","","",96.4249,-20.6024,16.6312,-2.5949,1.9234,1.8364,0.9612,0.9277
31.77,"","","",96.4386,-23.9372,17.5971,-4.8534,1.9232,1.8449,0.9611,0.9319
31.80,"","","",96.4660,-27.1349,18.1978,-8.0729,1.9229,1.8461,0.9610,0.9325
31.83,"","","",96.4798,-30.0586,18.4765,-11.6289,1.9226,1.8460,0.9608,0.9324
31.87,"","","",96.4843,-32.7995,18.6206,-15.2329,1.9225,1.8457,0.9608,0.9323
31.90,"","","",96.4843,-35.2663,18.6975,-18.7888,1.9224,1.8455,0.9608,0.9322
31.93,"","","",96.4798,-37.5047,18.7504,-22.2006,1.9224,1.8453,0.9607,0.9321
31.97,"","","",96.4935,-39.5147,18.7792,-25.4202,1.9221,1.8450,0.9606,0.9319
32.00,"","","",96.4980,-41.2506,18.7984,-28.4475,1.9219,1.8449,0.9605,0.9319
32.03,"","","",96.4889,-42.8038,18.8176,-31.2827,1.9217,1.8446,0.9604,0.9317
32.07,"","","",96.4889,-44.1742,18.8273,-33.8775,1.9215,1.8445,0.9603,0.9317
32.10,"","","",96.5117,-45.3619,18.8417,-36.2802,1.9212,1.8443,0.9601,0.9316
32.13,"","","",96.5209,-46.2299,18.8513,-38.4906,1.9213,1.8442,0.9602,0.9315
32.17,"","","",96.5072,-46.8694,18.8561,-40.4128,1.9211,1.8438,0.9601,0.9314
32.20,"","","",96.4980,-47.2806,18.8705,-42.1907,1.9209,1.8437,0.9600,0.9313
32.23,"","","",96.5072,-47.4176,18.8801,-43.6804,1.9206,1.8436,0.9598,0.9312
32.27,"","","",96.5072,-47.3262,18.8849,-44.9778,1.9204,1.8434,0.9597,0.9311
32.30,"","","",96.4889,-46.9608,18.8945,-46.0350,1.9201,1.8431,0.9596,0.9310
32.33,"","","",96.4615,-46.2299,18.9041,-46.9000,1.9198,1.8429,0.9594,0.9309
32.37,"","","",96.4752,-45.3162,18.9089,-47.5246,1.9199,1.8429,0.9595,0.9309
32.40,"","","",96.4706,-44.1285,18.9138,-47.9091,1.9199,1.8427,0.9595,0.9308
32.43,"","","",96.4569,-42.6667,18.9186,-48.0532,1.9197,1.8424,0.9594,0.9306
32.47,"","","",96.4478,-40.9765,18.9234,-47.9571,1.9194,1.8422,0.9592,0.9306
32.50,"","","",96.4569,-39.1035,18.9282,-47.6208,1.9192,1.8420,0.9591,0.9305
32.53,"","","",96.4752,-37.0022,18.9378,-47.0922,1.9191,1.8417,0.9591,0.9303
32.57,"","","",96.4798,-34.6724,18.9426,-46.3233,1.9189,1.8416,0.9590,0.9302
32.60,"","","",96.4752,-32.1599,18.9474,-45.3142,1.9187,1.8413,0.9589,0.9301
32.63,"","","",96.4935,-29.5561,18.9570,-44.0648,1.9185,1.8412,0.9588,0.9301
32.67,"","","",96.5072,-26.8152,18.9618,-42.6232,1.9183,1.8409,0.9587,0.9299
32.70,"","","",96.4843,-23.8915,18.9666,-40.8933,1.9181,1.8406,0.9586,0.9298
32.73,"","","",96.4706,-20.7852,18.9666,-38.9712,1.9180,1.8405,0.9585,0.9297
32.77,"","","",96.4660,-17.5418,18.9714,-36.8088,1.9179,1.8403,0.9585,0.9296
32.80,"","","",96.4569,-14.0700,18.9762,-34.4061,1.9177,1.8403,0.9584,0.9296
32.83,"","","",96.4432,-10.4154,18.9810,-31.7632,1.9175,1.8401,0.9583,0.9295
32.87,"","","",96.4386,-6.6238,18.9858,-28.8800,1.9175,1.8398,0.9583,0.9294
32.90,"","","",96.4295,-3.0150,18.9906,-25.8046,1.9171,1.8396,0.9581,0.9293
32.93,"","","",96.4112,-0.9593,18.9954,-22.4889,1.9172,1.8394,0.9581,0.9292
32.97,"","","",96.4067,0.0000,18.9906,-18.9330,1.9172,1.8392,0.9581,0.9291
33.00,"","","",96.4158,0.4111,18.9954,-15.1368,1.9173,1.8391,0.9582,0.9290
33.03,"","","",96.4341,0.5939,19.0002,-11.1003,1.9170,1.8389,0.9580,0.9289
33.07,"","","",96.4295,0.7766,19.0147,-7.3521,1.9167,1.8387,0.9579,0.9288
33.10,"","","",96.4386,0.8680,19.0147,-5.2859,1.9165,1.8384,0.9577,0.9287
33.13,"","","",96.4386,0.9593,19.0147,-4.2287,1.9166,1.8382,0.9578,0.9286
33.17,"","","",96.4021,1.0507,19.0195,-3.6520,1.9164,1.8380,0.9577,0.9285
33.20,"","","",96.3701,1.2334,19.0195,-3.2676,1.9161,1.8379,0.9576,0.9284
33.23,"","","",96.3930,1.3248,19.0243,-3.0274,1.9160,1.8378,0.9575,0.9284
33.27,"","","",96.3930,1.4161,19.0339,-2.8832,1.9156,1.8376,0.9573,0.9283
33.30,"","","",96.3930,1.4618,19.0339,-2.7390,1.9155,1.8374,0.9573,0.9282
33.33,"","","",96.4021,1.5075,19.0339,-2.6429,1.9155,1.8373,0.9573,0.9281
33.37,"","","",96.3884,1.5532,19.0435,-2.5468,1.9154,1.8368,0.9572,0.9279
33.40,"","","",96.3747,1.6445,19.0531,-2.4507,1.9153,1.8368,0.9572,0.9279
33.43,"","","",96.3884,1.6445,19.0579,-2.4027,1.9152,1.8366,0.9571,0.9278
33.47,"","","",96.3884,1.5989,19.0579,-2.3546,1.9150,1.8364,0.9570,0.9277
33.50,"","","",96.3975,1.5532,19.0627,-2.3066,1.9146,1.8361,0.9568,0.9276
33.53,"","","",96.3793,1.5532,19.0675,-2.2585,1.9146,1.8360,0.9568,0.9275
33.57,"","","",96.3701,1.5532,19.0723,-2.2585,1.9146,1.8359,0.9568,0.9275
33.60,"","","",96.3747,1.5075,19.0771,-2.2104,1.9146,1.8357,0.9568,0.9273
33.63,"","","",96.3793,1.5075,19.0867,-2.2104,1.9143,1.8356,0.9567,0.9273
33.67,"","","",96.3838,1.5075,19.0867,-2.1624,1.9142,1.8354,0.9566,0.9272
33.70,"","","",96.3747,1.5075,19.0915,-2.1624,1.9142,1.8352,0.9566,0.9271
33.73,"","","",96.3747,1.5532,19.0915,-2.1624,1.9142,1.8348,0.9566,0.9269
33.77,"","","",96.3884,1.5075,19.1012,-2.1624,1.9138,1.8347,0.9564,0.9269
33.80,"","","",96.3838,1.5532,19.1060,-2.1624,1.9137,1.8346,0.9564,0.9268
33.83,"","","",96.3747,1.5532,19.1108,-2.1143,1.9135,1.8344,0.9563,0.9267
33.87,"","","",96.3473,1.5532,19.1108,-2.1143,1.9135,1.8343,0.9563,0.9266
33.90,"","","",96.3290,1.5989,19.1156,-2.1143,1.9135,1.8340,0.9562,0.9265
33.93,"","","",96.3199,1.6445,19.1204,-2.1143,1.9132,1.8339,0.9561,0.9264
33.97,"","","",96.3381,1.5989,19.1204,-2.1143,1.9130,1.8337,0.9560,0.9263
34.00,"","","",96.3564,1.4618,19.1252,-2.1143,1.9129,1.8334,0.9560,0.9262
34.03,"","","",96.3290,1.4161,19.1300,-2.1143,1.9126,1.8334,0.9558,0.9262
34.07,"","","",96.3107,1.4161,19.1348,-2.1143,1.9126,1.8332,0.9558,0.9261
