"Time [min]","Event Name","Chamber","Event Text","O2 Concentration  (A) [nmol/ml]","O2 Slope uncorr.  (A) [pmol/(s*ml)]","O2 Concentration  (B) [nmol/ml]","O2 Slope uncorr.  (B) [pmol/(s*ml)]","Amp - Raw  (A) [V]","Amp - slope  (A) [pmol/(s*ml)]","Amp - Raw  (B) [V]","Amp - slope  (B) [pmol/(s*ml)]"
3.00,"","","",181.4106,44.9770,182.6734,61.3986,9.9900,0.0000,9.7538,0.0000
3.03,"","","",181.3575,43.4794,182.5885,59.9510,9.9900,0.0000,9.7538,0.0000
3.07,"","","",181.3092,42.0301,182.5336,58.5034,9.9900,0.0000,9.7538,0.0000
3.10,"","","",181.2802,40.5808,182.4787,56.9560,9.9900,0.0000,9.7538,0.0000
3.13,"","","",181.2367,39.2281,182.4138,55.5083,9.9900,0.0000,9.7538,0.0000
3.17,"","","",181.1980,37.9720,182.3539,54.0108,9.9900,0.0000,9.7538,0.0000
3.20,"","","",181.1497,36.8126,182.2940,52.5632,9.9900,0.0000,9.7538,0.0000
3.23,"","","",181.1014,35.6531,182.2341,51.1655,9.9900,0.0000,9.7538,0.0000
3.27,"","","",181.1063,34.4937,182.1942,49.8677,9.9900,0.0000,9.7538,0.0000
3.30,"","","",181.0676,33.3825,182.1442,48.5698,9.9900,0.0000,9.7538,0.0000
3.33,"","","",181.0193,32.3197,182.0644,47.3718,9.9900,0.0000,9.7538,0.0000
3.37,"","","",180.9806,31.2569,181.9945,46.1738,9.9900,0.0000,9.7538,0.0000
3.40,"","","",180.9517,30.1940,181.9545,45.0257,9.9900,0.0000,9.7538,0.0000
3.43,"","","",180.9178,29.1795,181.9346,43.8276,9.9900,0.0000,9.7538,0.0000
3.47,"","","",180.9082,28.1650,181.8797,42.6795,9.9900,0.0000,9.7538,0.0000
3.50,"","","",180.8937,27.2471,181.8298,41.5813,9.9900,0.0000,9.7538,0.0000
3.53,"","","",180.8599,26.2809,181.8198,40.3833,9.9900,0.0000,9.7538,0.0000
3.57,"","","",180.8116,25.4113,181.7998,39.1853,9.9900,0.0000,9.7538,0.0000
3.60,"","","",180.7777,24.6866,181.7549,38.0372,9.9900,0.0000,9.7538,0.0000
3.63,"","","",180.7536,23.9137,181.6950,36.8891,9.9900,0.0000,9.7538,0.0000
3.67,"","","",180.7391,23.1407,181.6351,35.7909,9.9900,0.0000,9.7538,0.0000
3.70,"","","",180.7391,22.3194,181.5802,34.7925,9.9900,0.0000,9.7538,0.0000
3.73,"","","",180.7343,21.5465,181.5452,33.7443,9.9900,0.0000,9.7538,0.0000
3.77,"","","",180.7101,20.7735,181.5352,32.7459,9.9900,0.0000,9.7538,0.0000
3.80,"","","",180.7101,20.0005,181.4953,31.7476,9.9900,0.0000,9.7538,0.0000
3.83,"","","",180.7053,19.1793,181.4454,30.7991,9.9900,0.0000,9.7538,0.0000
3.87,"","","",180.6908,18.4063,181.4154,29.9006,9.9900,0.0000,9.7538,0.0000
3.90,"","","",180.6860,17.6333,181.3955,28.9023,9.9900,0.0000,9.7538,0.0000
3.93,"","","",180.6715,16.9087,181.3605,27.9538,9.9900,0.0000,9.7538,0.0000
3.97,"","","",180.6328,16.2806,181.3106,27.1552,9.9900,0.0000,9.7538,0.0000
4.00,"","","",180.5845,15.6526,181.2307,26.4064,9.9900,0.0000,9.7538,0.0000
4.03,"","","",180.5652,15.1212,181.1708,25.7076,9.9900,0.0000,9.7538,0.0000
4.07,"","","",180.5603,14.6381,181.1609,24.9588,9.9900,0.0000,9.7538,0.0000
4.10,"","","",180.5652,14.1067,181.1559,24.3099,9.9900,0.0000,9.7538,0.0000
4.13,"","","",180.5845,13.5269,181.1209,23.7108,9.9900,0.0000,9.7538,0.0000
4.17,"","","",180.5652,12.9955,181.0710,23.2616,9.9900,0.0000,9.7538,0.0000
4.20,"","","",180.5314,12.5124,181.0460,22.8123,9.9900,0.0000,9.7538,0.0000
4.23,"","","",180.4975,12.0776,181.0411,22.3132,9.9900,0.0000,9.7538,0.0000
4.27,"","","",180.4782,11.5945,181.0211,21.8140,9.9900,0.0000,9.7538,0.0000
4.30,"","","",180.4830,11.1114,181.0161,21.1651,9.9900,0.0000,9.7538,0.0000
4.33,"","","",180.4734,10.6766,181.0211,20.6160,9.9900,0.0000,9.7538,0.0000
4.37,"","","",180.4492,10.3384,181.0211,20.0169,9.9900,0.0000,9.7538,0.0000
4.40,"","","",180.4251,10.0003,181.0061,19.4179,9.9900,0.0000,9.7538,0.0000
4.43,"","","",180.4299,9.6621,180.9712,18.8189,9.9900,0.0000,9.7538,0.0000
4.47,"","","",180.4396,9.2756,180.9213,18.3197,9.9900,0.0000,9.7538,0.0000
4.50,"","","",180.4782,8.8408,180.9063,17.8206,9.9900,0.0000,9.7538,0.0000
4.53,"","","",180.4734,8.4060,180.9163,17.3214,9.9900,0.0000,9.7538,0.0000
4.57,"","","",180.4637,8.0678,180.8863,16.8222,9.9900,0.0000,9.7538,0.0000
4.60,"","","",180.4830,7.5847,180.8564,16.3230,9.9900,0.0000,9.7538,0.0000
4.63,"","","",180.4975,7.1016,180.8464,15.8239,9.9900,0.0000,9.7538,0.0000
4.67,"","","",180.4879,6.6668,180.8314,15.3746,9.9900,0.0000,9.7538,0.0000
4.70,"","","",180.4830,6.2804,180.8264,14.9753,9.9900,0.0000,9.7538,0.0000
4.73,"","","",180.4782,5.9422,180.8114,14.5260,9.9900,0.0000,9.7538,0.0000
4.77,"","","",180.4637,5.6040,180.8164,14.0768,9.9900,0.0000,9.7538,0.0000
4.80,"","","",180.4396,5.3142,180.8064,13.5776,9.9900,0.0000,9.7538,0.0000
4.83,"","","",180.4202,5.0243,180.7715,13.1782,9.9900,0.0000,9.7538,0.0000
4.87,"","","",180.3961,4.7827,180.7266,12.7290,9.9900,0.0000,9.7538,0.0000
4.90,"","","",180.3961,4.6378,180.7116,12.2797,9.9900,0.0000,9.7538,0.0000
4.93,"","","",180.4347,4.3963,180.7366,11.7805,9.9900,0.0000,9.7538,0.0000
4.97,"","","",180.4444,4.2030,180.7316,11.2814,9.9900,0.0000,9.7538,0.0000
5.00,"","","",180.4396,4.0098,180.7166,10.8321,9.9900,0.0000,9.7538,0.0000
5.03,"","","",180.4444,3.7199,180.7216,10.4328,9.9900,0.0000,9.7538,0.0000
5.07,"","","",180.4734,3.4300,180.7266,9.9835,9.9900,0.0000,9.7538,0.0000
5.10,"","","",180.5072,3.0436,180.7166,9.4843,9.9900,0.0000,9.7538,0.0000
5.13,"","","",180.5169,2.6571,180.6817,9.0850,9.9900,0.0000,9.7538,0.0000
5.17,"","","",180.4975,2.3189,180.6367,8.7855,9.9900,0.0000,9.7538,0.0000
5.20,"","","",180.4589,2.0290,180.6168,8.4860,9.9900,0.0000,9.7538,0.0000
5.23,"","","",180.4444,1.7392,180.6068,8.1366,9.9900,0.0000,9.7538,0.0000
5.27,"","","",180.4589,1.4493,180.5918,7.8371,9.9900,0.0000,9.7538,0.0000
5.30,"","","",180.4686,1.2078,180.5768,7.5875,9.9900,0.0000,9.7538,0.0000
5.33,"","","",180.4782,0.9662,180.5918,7.3878,9.9900,0.0000,9.7538,0.0000
5.37,"","","",180.4637,0.8213,180.6267,7.1881,9.9900,0.0000,9.7538,0.0000
5.40,"","","",180.4492,0.7247,180.6367,6.9385,9.9900,0.0000,9.7538,0.0000
5.43,"","","",180.4589,0.5797,180.6317,6.6890,9.9900,0.0000,9.7538,0.0000
5.47,"","","",180.4734,0.3382,180.6667,6.3395,9.9900,0.0000,9.7538,0.0000
5.50,"","","",180.4734,0.1449,180.6717,6.0899,9.9900,0.0000,9.7538,0.0000
5.53,"","","",180.4879,-0.0483,180.6667,5.8404,9.9900,0.0000,9.7538,0.0000
5.57,"","","",180.5072,-0.1932,180.6617,5.5409,9.9900,0.0000,9.7538,0.0000
5.60,"","","",180.5120,-0.2899,180.6467,5.2913,9.9900,0.0000,9.7538,0.0000
5.63,"","","",180.5072,-0.4348,180.6267,5.0417,9.9900,0.0000,9.7538,0.0000
5.67,"","","",180.5024,-0.5314,180.6068,4.7921,9.9900,0.0000,9.7538,0.0000
5.70,"","","",180.4975,-0.5314,180.5668,4.5924,9.9900,0.0000,9.7538,0.0000
5.73,"","","",180.4686,-0.4831,180.5119,4.4926,9.9900,0.0000,9.7538,0.0000
5.77,"","","",180.4589,-0.3865,180.4870,4.3927,9.9900,0.0000,9.7538,0.0000
5.80,"","","",180.4686,-0.3382,180.5019,4.3927,9.9900,0.0000,9.7538,0.0000
5.83,"","","",180.4830,-0.3865,180.5469,4.2430,9.9900,0.0000,9.7538,0.0000
5.87,"","","",180.4782,-0.3865,180.5768,3.9934,9.9900,0.0000,9.7538,0.0000
5.90,"","","",180.4782,-0.3865,180.6168,3.7438,9.9900,0.0000,9.7538,0.0000
5.93,"","","",180.5120,-0.4831,180.5918,3.5441,9.9900,0.0000,9.7538,0.0000
5.97,"","","",180.5265,-0.6763,180.5718,3.3445,9.9900,0.0000,9.7538,0.0000
6.00,"","","",180.5072,-0.7730,180.5868,3.1448,9.9900,0.0000,9.7538,0.0000
6.03,"","","",180.4975,-0.8213,180.6118,2.8952,9.9900,0.0000,9.7538,0.0000
6.07,"","","",180.4927,-0.8696,180.6267,2.5957,9.9900,0.0000,9.7538,0.0000
6.10,"","","",180.5024,-0.9179,180.6217,2.3461,9.9900,0.0000,9.7538,0.0000
6.13,"","","",180.4975,-0.9179,180.5618,2.1465,9.9900,0.0000,9.7538,0.0000
6.17,"","","",180.5024,-0.8213,180.5369,2.0466,9.9900,0.0000,9.7538,0.0000
6.20,"","","",180.4782,-0.6763,180.5668,1.9468,9.9900,0.0000,9.7538,0.0000
6.23,"","","",180.4686,-0.5314,180.5918,1.8470,9.9900,0.0000,9.7538,0.0000
6.27,"","","",180.4879,-0.4348,180.5768,1.6972,9.9900,0.0000,9.7538,0.0000
6.30,"","","",180.5024,-0.3865,180.5569,1.5974,9.9900,0.0000,9.7538,0.0000
6.33,"","","",180.5362,-0.4348,180.5569,1.4975,9.9900,0.0000,9.7538,0.0000
6.37,"","","",180.5265,-0.4348,180.5519,1.3478,9.9900,0.0000,9.7538,0.0000
6.40,"","","",180.5217,-0.4348,180.5269,1.2479,9.9900,0.0000,9.7538,0.0000
6.43,"","","",180.5410,-0.5797,180.5469,1.0982,9.9900,0.0000,9.7538,0.0000
6.47,"","","",180.5362,-0.7247,180.5618,0.9984,9.9900,0.0000,9.7538,0.0000
6.50,"","","",180.5265,-0.7730,180.5319,1.0483,9.9900,0.0000,9.7538,0.0000
6.53,"","","",180.5024,-0.7730,180.5069,1.0982,9.9900,0.0000,9.7538,0.0000
6.57,"","","",180.4879,-0.6763,180.5219,1.1980,9.9900,0.0000,9.7538,0.0000
6.60,"","","",180.5120,-0.6280,180.5069,1.2979,9.9900,0.0000,9.7538,0.0000
6.63,"","","",180.5265,-0.6280,180.5169,1.4476,9.9900,0.0000,9.7538,0.0000
6.67,"","","",180.5265,-0.6280,180.5569,1.4476,9.9900,0.0000,9.7538,0.0000
6.70,"","","",180.5507,-0.6763,180.5918,1.3478,9.9900,0.0000,9.7538,0.0000
6.73,"","","",180.5797,-0.7247,180.5519,1.2479,9.9900,0.0000,9.7538,0.0000
6.77,"","","",180.5652,-0.7730,180.5019,1.2979,9.9900,0.0000,9.7538,0.0000
6.80,"","","",180.5603,-0.8213,180.5019,1.2479,9.9900,0.0000,9.7538,0.0000
6.83,"","","",180.5797,-0.8696,180.5119,1.1481,9.9900,0.0000,9.7538,0.0000
6.87,"","","",180.6087,-1.0145,180.4920,1.0982,9.9900,0.0000,9.7538,0.0000
6.90,"","","",180.5893,-1.1595,180.4620,1.0483,9.9900,0.0000,9.7538,0.0000
6.93,"","","",180.5990,-1.3044,180.4620,1.0483,9.9900,0.0000,9.7538,0.0000
6.97,"","","",180.6183,-1.4493,180.5269,0.9484,9.9900,0.0000,9.7538,0.0000
7.00,"","","",180.5990,-1.5459,180.5369,0.8486,9.9900,0.0000,9.7538,0.0000
7.03,"","","",180.5700,-1.5942,180.5369,0.8486,9.9900,0.0000,9.7538,0.0000
7.07,"","","",180.5410,-1.5459,180.5369,0.8985,9.9900,0.0000,9.7538,0.0000
7.10,"","","",180.5217,-1.4010,180.5269,1.0483,9.9900,0.0000,9.7538,0.0000
7.13,"","","",180.5314,-1.2561,180.5069,1.1980,9.9900,0.0000,9.7538,0.0000
7.17,"","","",180.5652,-1.2561,180.4920,1.2979,9.9900,0.0000,9.7538,0.0000
7.20,"","","",180.5942,-1.2561,180.5119,1.3478,9.9900,0.0000,9.7538,0.0000
7.23,"","","",180.5942,-1.2561,180.5718,1.1481,9.9900,0.0000,9.7538,0.0000
7.27,"","","",180.5700,-1.3044,180.5868,0.9484,9.9900,0.0000,9.7538,0.0000
7.30,"","","",180.5603,-1.3044,180.5868,0.7987,9.9900,0.0000,9.7538,0.0000
7.33,"","","",180.5748,-1.3044,180.5968,0.6489,9.9900,0.0000,9.7538,0.0000
7.37,"","","",180.5942,-1.3044,180.6168,0.3494,9.9900,0.0000,9.7538,0.0000
7.40,"","","",180.5990,-1.3044,180.6317,0.0499,9.9900,0.0000,9.7538,0.0000
7.43,"","","",180.5507,-1.2561,180.5918,-0.1997,9.9900,0.0000,9.7538,0.0000
7.47,"","","",180.0966,-0.3382,180.5319,-0.1997,9.9900,0.0000,9.7538,0.0000
7.50,"","","",179.6859,1.3044,180.5419,-0.1997,9.9900,0.0000,9.7538,0.0000
7.53,"","","",179.3864,3.4300,180.5519,-0.2496,9.9900,0.0000,9.7538,0.0000
7.57,"","","",179.1932,5.8456,180.5269,-0.3494,9.9900,0.0000,9.7538,0.0000
7.60,"","","",179.0096,8.4543,180.5019,-0.3494,9.9900,0.0000,9.7538,0.0000
7.63,"","","",178.8405,11.2080,180.4920,-0.2995,9.9900,0.0000,9.7538,0.0000
7.67,"","","",178.7197,13.9134,180.5019,-0.2496,9.9900,0.0000,9.7538,0.0000
7.70,"","","",178.5893,16.7637,180.0876,0.5491,9.9900,0.0000,9.7538,0.0000
7.73,"","","",178.4443,19.6624,179.5635,2.2962,9.9900,0.0000,9.7538,0.0000
7.77,"LOff","Both","Light off",178.3574,22.5127,179.2290,4.4926,9.9900,0.0000,9.7538,0.0000
7.80,"","","",178.3139,25.2181,178.9645,7.0883,9.9900,0.0000,9.7538,0.0000
7.83,"","","",178.2414,27.8751,178.7498,9.9336,5.3028,-8.5740,9.7538,0.0000
7.87,"","","",178.1690,30.5322,178.6101,12.9287,0.1892,-26.0630,9.7538,0.0000
7.90,"","","",178.1158,33.0444,178.5252,15.8738,0.0714,-42.8470,8.6367,-2.0430
7.93,"","","",178.0772,35.4116,178.4553,18.8189,0.0686,-58.7070,0.8448,-18.2360
7.97,"","","",178.0385,37.5372,178.3805,21.6642,0.0679,-73.6370,0.1522,-34.8590
8.00,"","","",177.9902,39.5663,178.3156,24.3598,0.0673,-87.6370,0.1473,-50.5910
8.03,"","","",177.9226,41.4021,178.2606,26.8557,0.0674,-100.7060,0.1494,-65.4170
8.07,"","","",177.8791,43.0446,178.1958,29.3515,0.0673,-112.8450,0.1505,-79.3410
8.10,"","","",177.8308,44.5422,178.1109,31.8474,0.0672,-124.0530,0.1511,-92.3620
8.13,"","","",177.7825,45.8466,178.0260,34.2934,0.0668,-134.3300,0.1515,-104.4830
8.17,"","","",177.7197,47.0061,177.9312,36.6894,0.0663,-143.6780,0.1518,-115.7010
8.20,"","","",177.6714,47.9240,177.9012,38.8858,0.0663,-152.0950,0.1521,-126.0190
8.23,"","","",177.6617,48.6003,177.9012,40.9324,0.0664,-159.5810,0.1523,-135.4350
8.27,"","","",177.6472,49.0351,177.9012,42.7294,0.0665,-166.1360,0.1525,-143.9510
8.30,"","","",177.6279,49.1800,177.8713,44.2270,0.0662,-171.7600,0.1525,-151.5650
8.33,"","","",177.5748,49.1800,177.8363,45.4749,0.0659,-176.4540,0.1526,-158.2790
8.37,"","","",177.5361,49.0351,177.8164,46.5731,0.0657,-180.2170,0.1526,-164.0920
8.40,"","","",177.5216,48.6486,177.7565,47.4716,0.0657,-183.0500,0.1527,-169.0040
8.43,"","","",177.4926,48.1172,177.7165,48.2204,0.0653,-184.9520,0.1524,-173.0160
8.47,"","","",177.4685,47.2959,177.7265,48.7196,0.0656,-185.9220,0.1527,-176.1270
8.50,"","","",177.4492,46.1365,177.6866,49.0690,0.0652,-185.9630,0.1527,-178.3370
8.53,"","","",177.4202,44.7355,177.6217,49.2187,0.0637,-185.0750,0.1525,-179.6470
8.57,"","","",177.3767,43.0929,177.6117,49.0191,0.0600,-183.2620,0.1526,-180.0560
8.60,"","","",177.4250,41.1122,177.6017,48.5199,0.0666,-180.5060,0.1524,-179.5650
8.63,"","","",177.4008,38.8899,177.5319,47.8710,0.0660,-176.8200,0.1524,-178.1730
8.67,"","","",177.4202,36.3295,177.5019,46.9724,0.0656,-172.2040,0.1526,-175.8800
8.70,"","","",177.4492,33.3342,177.4720,45.8243,0.0651,-166.6580,0.1527,-172.6860
8.73,"","","",177.4395,30.0974,177.4769,44.3268,0.0653,-160.1810,0.1526,-168.5920
8.77,"","","",177.4250,26.6674,177.4869,42.5797,0.0648,-152.7730,0.1528,-163.5960
8.80,"","","",177.4202,23.8171,177.4819,40.6828,0.0642,-144.4360,0.1524,-157.7010
8.83,"","","",177.4250,21.4982,177.4819,38.4864,0.0641,-135.1670,0.1524,-150.9050
8.87,"","","",177.4395,19.5657,177.4769,35.9407,0.0641,-124.9670,0.1524,-143.2080
8.90,"","","",177.4443,17.7782,177.5019,33.1453,0.0642,-113.8360,0.1524,-134.6110
8.93,"","","",177.4733,16.0874,177.5468,30.0504,0.0642,-101.7740,0.1522,-125.1130
8.97,"","","",177.4926,14.5898,177.5518,26.6560,0.0641,-88.7810,0.1521,-114.7150
9.00,"","","",177.4975,13.1888,177.5818,22.9122,0.0641,-74.8570,0.1527,-103.4150
9.03,"","","",177.5071,11.8844,177.5718,19.7674,0.0640,-60.0020,0.1524,-91.2150
9.07,"","","",177.5168,10.7249,177.5718,17.3214,0.0638,-44.2160,0.1522,-78.1140
9.10,"","","",177.5361,9.6621,177.6217,15.2748,0.0635,-27.4990,0.1521,-64.1130
9.13,"","","",177.5554,8.5510,177.6616,13.5277,0.0637,-9.8510,0.1522,-49.2110
9.17,"","","",177.5651,7.4881,177.6517,12.0301,0.0636,-0.2860,0.1522,-33.4080
9.20,"","","",177.6086,6.3770,177.6167,10.8321,0.0633,-0.0640,0.1519,-16.7050
9.23,"","","",177.6231,5.3625,177.6467,9.5842,0.0637,-0.0550,0.1518,-1.2500
9.27,"","","",177.6424,4.2996,177.6816,8.3862,0.0634,-0.0520,0.1520,0.0170
9.30,"","","",177.6714,3.2368,177.7165,7.1382,0.0633,-0.0500,0.1517,0.0160
9.33,"","","",177.7004,2.1257,177.7365,5.9901,0.0631,-0.0490,0.1517,0.0070
9.37,"","","",177.7197,1.1595,177.7315,4.8420,0.0631,-0.0480,0.1516,0.0000
9.40,"","","",177.7390,0.1932,177.7365,3.7937,0.0632,-0.0460,0.1516,-0.0040
9.43,"","","",177.7583,-0.7730,177.7715,2.7455,0.0634,-0.0430,0.1516,-0.0080
9.47,"","","",177.7970,-1.6909,177.8114,1.7970,0.0633,-0.0410,0.1515,-0.0110
9.50,"","","",177.8405,-2.5605,177.8164,0.9984,0.0632,-0.0400,0.1514,-0.0130
9.53,"","","",177.8501,-3.3334,177.8264,0.2496,0.0631,-0.0390,0.1515,-0.0150
9.57,"","","",177.8839,-4.1547,177.8413,-0.5491,0.0636,-0.0360,0.1513,-0.0160
9.60,"","","",177.9081,-4.9277,177.8663,-1.3977,0.0634,-0.0330,0.1514,-0.0170
9.63,"","","",177.9081,-5.7006,177.8763,-2.2463,0.0631,-0.0320,0.1512,-0.0180
9.67,"","","",177.9323,-6.3287,177.8962,-3.0450,0.0630,-0.0300,0.1516,-0.0190
9.70,"","","",177.9661,-6.9567,177.9162,-3.7937,0.0628,-0.0290,0.1514,-0.0190
9.73,"","","",178.0192,-7.5847,177.9162,-4.4427,0.0628,-0.0280,0.1514,-0.0190
9.77,"","","",178.0675,-8.2128,177.9661,-5.0916,0.0626,-0.0280,0.1512,-0.0200
9.80,"","","",178.0820,-8.7925,178.0111,-5.8404,0.0628,-0.0260,0.1514,-0.0200
9.83,"","","",178.0965,-9.2756,178.0360,-6.5392,0.0626,-0.0250,0.1514,-0.0200
9.87,"","","",178.1255,-9.7104,178.0909,-7.1382,0.0626,-0.0270,0.1514,-0.0200
9.90,"","","",178.1593,-10.0486,178.1508,-7.7871,0.0627,-0.0360,0.1513,-0.0200
9.93,"","","",178.1835,-10.4351,178.1808,-8.4361,0.0626,-0.0330,0.1513,-0.0200
9.97,"","","",178.2221,-10.7732,178.2207,-8.9852,0.0625,-0.0300,0.1511,-0.0200
10.00,"","","",178.2559,-11.1597,178.2307,-9.4344,0.0621,-0.0290,0.1512,-0.0200
10.03,"","","",178.2898,-11.5945,178.2157,-9.6840,0.0624,-0.0280,0.1513,-0.0190
10.07,"","","",178.3477,-11.9810,178.2257,-9.9336,0.0627,-0.0250,0.1513,-0.0190
10.10,"","","",178.3719,-12.3675,178.2507,-10.1832,0.0623,-0.0240,0.1512,-0.0180
10.13,"","","",178.3864,-12.6573,178.2856,-10.3829,0.0626,-0.0240,0.1513,-0.0170
10.17,"","","",178.4250,-12.8989,178.2856,-10.5326,0.0625,-0.0230,0.1512,-0.0170
10.20,"","","",178.4733,-13.1888,178.3156,-10.6324,0.0622,-0.0230,0.1510,-0.0160
10.23,"","","",178.5023,-13.4786,178.3505,-10.7822,0.0618,-0.0240,0.1511,-0.0160
10.27,"","","",178.5120,-13.6719,178.3655,-10.9319,0.0622,-0.0230,0.1510,-0.0160
10.30,"","","",178.5410,-13.9134,178.4104,-11.1316,0.0622,-0.0220,0.1511,-0.0150
10.33,"","","",178.5361,-14.0583,178.4354,-11.3313,0.0620,-0.0220,0.1511,-0.0140
10.37,"","","",178.5313,-14.1067,178.4354,-11.4311,0.0619,-0.0220,0.1510,-0.0130
10.40,"","","",178.5603,-14.1067,178.4603,-11.5310,0.0619,-0.0220,0.1510,-0.0130
10.43,"","","",178.6134,-14.1550,178.4753,-11.6308,0.0622,-0.0220,0.1508,-0.0120
10.47,"","","",178.6666,-14.2516,178.5052,-11.8305,0.0623,-0.0210,0.1510,-0.0120
10.50,"","","",178.7052,-14.2999,178.5402,-11.9303,0.0622,-0.0200,0.1510,-0.0110
10.53,"","","",178.7439,-14.4448,178.5502,-11.9303,0.0621,-0.0200,0.1510,-0.0100
10.57,"","","",178.7777,-14.5414,178.5552,-11.9303,0.0620,-0.0190,0.1509,-0.0100
10.60,"","","",178.7874,-14.5898,178.5951,-11.9802,0.0621,-0.0190,0.1510,-0.0090
10.63,"","","",178.8018,-14.5898,178.6300,-12.0301,0.0622,-0.0180,0.1509,-0.0090
10.67,"","","",178.8357,-14.6381,178.6300,-12.0801,0.0622,-0.0180,0.1510,-0.0080
10.70,"","","",178.8646,-14.6381,178.6650,-12.0801,0.0619,-0.0180,0.1510,-0.0080
10.73,"","","",178.9081,-14.6864,178.6849,-12.0301,0.0621,-0.0180,0.1509,-0.0080
10.77,"","","",178.9371,-14.6864,178.7299,-12.0801,0.0618,-0.0170,0.1511,-0.0070
10.80,"","","",178.9371,-14.6381,178.7598,-12.1300,0.0620,-0.0170,0.1511,-0.0070
10.83,"","","",178.9564,-14.6381,178.7748,-12.1300,0.0618,-0.0160,0.1512,-0.0060
10.87,"","","",178.9903,-14.5898,178.7748,-12.0801,0.0617,-0.0160,0.1510,-0.0060
10.90,"","","",179.0241,-14.5898,178.8197,-12.0801,0.0616,-0.0150,0.1508,-0.0060
10.93,"","","",179.0289,-14.4931,178.8297,-11.9802,0.0618,-0.0140,0.1506,-0.0070
10.97,"","","",179.0337,-14.3482,178.8447,-11.8804,0.0617,-0.0140,0.1508,-0.0070
11.00,"","","",179.0579,-14.1550,178.8846,-11.8305,0.0616,-0.0130,0.1508,-0.0070
11.03,"","","",179.0917,-14.0100,178.9196,-11.7306,0.0614,-0.0140,0.1509,-0.0070
11.07,"","","",179.1448,-13.9134,178.9795,-11.6807,0.0618,-0.0130,0.1508,-0.0070
11.10,"","","",179.1883,-13.9134,179.0044,-11.6807,0.0618,-0.0130,0.1503,-0.0080
11.13,"","","",179.2173,-13.9134,179.0044,-11.6308,0.0618,-0.0120,0.1504,-0.0080
11.17,"","","",179.2125,-13.7685,179.0194,-11.5809,0.0616,-0.0120,0.1504,-0.0090
11.20,"","","",179.2366,-13.6719,179.0543,-11.6308,0.0615,-0.0120,0.1504,-0.0090
11.23,"","","",179.2705,-13.5752,179.0843,-11.7306,0.0615,-0.0120,0.1504,-0.0090
11.27,"","","",179.2849,-13.4303,179.0893,-11.8305,0.0614,-0.0120,0.1506,-0.0090
11.30,"","","",179.3043,-13.3337,179.1092,-11.9303,0.0614,-0.0120,0.1505,-0.0100
11.33,"","","",179.3381,-13.2371,179.1342,-12.0301,0.0610,-0.0130,0.1505,-0.0100
11.37,"mito","Both","",179.2705,-12.9472,179.1642,-12.0801,0.0350,-0.0620,0.1505,-0.0100
11.40,"","","",179.4347,-13.0438,179.1841,-12.0801,0.0284,-0.1190,0.1506,-0.0090
11.43,"","","",179.7681,-13.6719,179.1991,-12.0801,0.0279,-0.1750,0.1505,-0.0090
11.47,"","","",179.9565,-14.4931,179.2241,-12.0801,0.0278,-0.2270,0.1505,-0.0090
11.50,"","","",180.0338,-15.4593,179.2540,-12.0801,0.0275,-0.2770,0.1504,-0.0090
11.53,"","","",180.0241,-16.2806,179.2690,-12.0801,0.0279,-0.3230,0.1505,-0.0090
11.57,"","","",180.0386,-17.1019,179.2989,-12.0801,0.0278,-0.3670,0.1505,-0.0090
11.60,"","","",180.0579,-17.7782,179.3139,-12.0301,0.0280,-0.4060,0.1504,-0.0100
11.63,"","","",180.0676,-18.4063,179.1991,-11.8305,0.0279,-0.4430,0.1331,-0.0410
11.67,"","","",180.0772,-18.8894,179.3439,-11.8305,0.0282,-0.4760,0.1266,-0.0830
11.70,"","","",180.0627,-19.2276,179.6633,-12.3296,0.0281,-0.5060,0.1266,-0.1230
11.73,"","","",180.0531,-19.4208,179.8331,-13.0784,0.0282,-0.5330,0.1267,-0.1600
11.77,"","","",180.0579,-19.6140,179.8979,-13.8272,0.0283,-0.5560,0.1266,-0.1960
11.80,"","","",180.0531,-19.7590,179.9229,-14.5759,0.0285,-0.5760,0.1266,-0.2280
11.83,"","","",180.0676,-19.8556,179.9079,-15.2249,0.0283,-0.5920,0.1269,-0.2580
11.87,"","","",180.0821,-19.9522,179.9079,-15.7240,0.0283,-0.6060,0.1268,-0.2860
11.90,"","","",180.0917,-19.9522,179.9029,-16.1733,0.0285,-0.6170,0.1268,-0.3120
11.93,"","","",180.0821,-19.9039,179.9329,-16.5726,0.0287,-0.6230,0.1268,-0.3360
11.97,"","","",180.0772,-19.7107,179.9878,-17.0219,0.0284,-0.6270,0.1270,-0.3570
12.00,"","","",180.0772,-19.4691,180.0327,-17.4212,0.0283,-0.6280,0.1273,-0.3750
12.03,"","","",180.0869,-19.1793,180.0477,-17.8206,0.0282,-0.6270,0.1272,-0.3910
12.07,"","","",180.0869,-18.8411,180.0377,-18.0702,0.0282,-0.6220,0.1274,-0.4040
12.10,"","","",180.1014,-18.5029,180.0377,-18.2698,0.0281,-0.6140,0.1273,-0.4150
12.13,"","","",180.1352,-18.1164,180.0327,-18.4196,0.0281,-0.6030,0.1273,-0.4240
12.17,"","","",180.1545,-17.6816,180.0377,-18.4695,0.0283,-0.5890,0.1271,-0.4310
12.20,"","","",180.1690,-17.2468,180.0577,-18.4695,0.0284,-0.5720,0.1271,-0.4360
12.23,"","","",180.1835,-16.7637,180.0776,-18.4695,0.0287,-0.5510,0.1271,-0.4390
12.27,"","","",180.1932,-16.1840,180.0527,-18.3197,0.0286,-0.5270,0.1270,-0.4410
12.30,"","","",180.1932,-15.5560,180.0377,-18.0202,0.0285,-0.5000,0.1268,-0.4400
12.33,"","","",180.2125,-14.8796,180.0477,-17.7207,0.0286,-0.4700,0.1269,-0.4370
12.37,"","","",180.2125,-14.1550,180.0377,-17.3713,0.0286,-0.4380,0.1271,-0.4310
12.40,"","","",180.2077,-13.4303,180.0377,-17.0718,0.0289,-0.4010,0.1271,-0.4230
12.43,"","","",180.2173,-12.6573,180.0627,-16.7224,0.0287,-0.3610,0.1272,-0.4130
12.47,"","","",180.2222,-11.9327,180.0627,-16.2731,0.0288,-0.3180,0.1271,-0.4020
12.50,"","","",180.1884,-10.9665,180.0427,-15.7240,0.0288,-0.2720,0.1271,-0.3880
12.53,"","","",180.1690,-9.9520,180.0427,-15.1250,0.0288,-0.2240,0.1273,-0.3720
12.57,"","","",180.1739,-8.9374,180.0677,-14.5759,0.0288,-0.1720,0.1272,-0.3530
12.60,"","","",180.2077,-7.9229,180.0677,-13.9270,0.0290,-0.1170,0.1273,-0.3320
12.63,"","","",180.2270,-6.9084,180.0776,-13.2282,0.0293,-0.0590,0.1272,-0.3090
12.67,"","","",180.2367,-5.8456,180.0876,-12.5293,0.0289,0.0010,0.1269,-0.2850
12.70,"","","",180.2415,-4.5895,180.0776,-11.7805,0.0289,0.0140,0.1269,-0.2580
12.73,"","","",180.2608,-3.6233,180.0776,-10.9319,0.0289,0.0150,0.1269,-0.2290
12.77,"","","",180.2657,-3.1885,180.0727,-10.0833,0.0288,0.0150,0.1269,-0.1980
12.80,"","","",180.2415,-3.0919,180.0926,-9.1848,0.0288,0.0140,0.1270,-0.1640
12.83,"","","",180.2077,-2.9952,180.0876,-8.2863,0.0291,0.0140,0.1270,-0.1280
12.87,"","","",180.2270,-2.8986,180.1026,-7.3878,0.0289,0.0130,0.1268,-0.0910
12.90,"","","",180.2608,-2.8986,180.1176,-6.4394,0.0289,0.0120,0.1270,-0.0500
12.93,"","","",180.2560,-2.8986,180.1375,-5.5409,0.0292,0.0120,0.1271,-0.0080
12.97,"","","",180.2608,-2.8986,180.1425,-4.2929,0.0293,0.0120,0.1269,0.0030
13.00,"","","",180.2463,-2.8986,180.1176,-3.2446,0.0293,0.0130,0.1269,0.0020
13.03,"","","",180.2222,-2.8020,180.1126,-2.6955,0.0294,0.0130,0.1270,0.0010
13.07,"","","",180.2270,-2.6571,180.1226,-2.4460,0.0292,0.0130,0.1272,0.0010
13.10,"","","",180.2657,-2.6088,180.1276,-2.3461,0.0290,0.0130,0.1274,0.0010
13.13,"","","",180.2946,-2.5605,180.1226,-2.1964,0.0292,0.0130,0.1271,0.0000
13.17,"","","",180.2946,-2.5121,180.1176,-2.0466,0.0292,0.0130,0.1273,0.0000
13.20,"","","",180.2850,-2.4638,180.1126,-1.8470,0.0293,0.0130,0.1272,0.0000
13.23,"","","",180.2657,-2.3672,180.1176,-1.5974,0.0292,0.0140,0.1272,0.0000
13.27,"","","",180.2850,-2.2706,180.1176,-1.4476,0.0292,0.0140,0.1273,-0.0010
13.30,"","","",180.3043,-2.2223,180.1026,-1.2979,0.0294,0.0140,0.1275,0.0000
13.33,"","","",180.3140,-2.1257,180.0776,-1.1980,0.0293,0.0140,0.1274,0.0010
13.37,"","","",180.3333,-2.0773,180.0677,-1.1481,0.0296,0.0140,0.1274,0.0020
13.40,"","","",180.3526,-2.0290,180.0377,-0.9484,0.0295,0.0140,0.1275,0.0030
13.43,"","","",180.3768,-2.0290,180.0277,-0.7987,0.0292,0.0130,0.1276,0.0040
13.47,"","","",180.3768,-2.1257,180.0177,-0.5990,0.0294,0.0120,0.1275,0.0050
13.50,"","","",180.3623,-2.1257,180.0377,-0.4493,0.0297,0.0120,0.1276,0.0060
13.53,"","","",180.3333,-2.1257,180.0926,-0.3993,0.0293,0.0110,0.1276,0.0060
13.57,"","","",180.2946,-2.0773,180.1076,-0.4493,0.0292,0.0110,0.1276,0.0070
13.60,"","","",180.3043,-2.0290,180.0776,-0.3993,0.0292,0.0100,0.1276,0.0080
13.63,"","","",180.3188,-1.9807,180.0627,-0.2496,0.0292,0.0090,0.1276,0.0080
13.67,"","","",180.2946,-1.9807,180.0277,-0.0998,0.0293,0.0090,0.1277,0.0080
13.70,"","","",180.2946,-1.9324,180.0427,0.0499,0.0295,0.0080,0.1275,0.0080
13.73,"","","",180.3333,-1.9324,180.0627,0.1997,0.0296,0.0090,0.1275,0.0080
13.77,"","","",180.3574,-1.9807,180.0727,0.2496,0.0297,0.0090,0.1276,0.0090
13.80,"","","",180.3816,-2.0773,180.0727,0.2995,0.0297,0.0090,0.1279,0.0100
13.83,"","","",180.3768,-2.0773,180.0677,0.3993,0.0299,0.0100,0.1279,0.0110
13.87,"","","",180.3623,-1.9807,180.0377,0.5990,0.0298,0.0100,0.1279,0.0120
13.90,"","","",180.3671,-1.9324,180.0327,0.6988,0.0300,0.0100,0.1277,0.0120
13.93,"","","",180.3526,-1.8841,180.0677,0.7488,0.0300,0.0110,0.1278,0.0130
13.97,"","","",180.3333,-1.7875,180.0677,0.7987,0.0302,0.0130,0.1277,0.0130
14.00,"","","",180.3043,-1.6909,180.0627,0.8486,0.0298,0.0130,0.1280,0.0140
14.03,"","","",180.2801,-1.5459,180.0527,0.8985,0.0299,0.0130,0.1280,0.0140
14.07,"","","",180.2850,-1.4010,180.0477,0.9484,0.0297,0.0120,0.1278,0.0140
14.10,"","","",180.2657,-1.3044,180.0227,1.0982,0.0300,0.0120,0.1277,0.0130
14.13,"","","",180.2608,-1.1111,180.0128,1.1980,0.0301,0.0120,0.1275,0.0120
14.17,"","","",180.2801,-0.8696,180.0078,1.2979,0.0302,0.0130,0.1276,0.0120
14.20,"","","",180.2801,-0.6763,180.0128,1.3478,0.0299,0.0130,0.1276,0.0110
14.23,"","","",180.2705,-0.5314,180.0277,1.3478,0.0298,0.0120,0.1275,0.0100
14.27,"","","",180.2946,-0.3865,180.0377,1.2979,0.0296,0.0110,0.1275,0.0090
14.30,"","","",180.3043,-0.2899,180.0327,1.1980,0.0299,0.0110,0.1276,0.0080
14.33,"","","",180.3091,-0.1932,180.0227,1.1980,0.0298,0.0110,0.1275,0.0060
14.37,"","","",180.2995,0.0000,180.0327,1.1481,0.0299,0.0120,0.1275,0.0050
14.40,"","","",180.2801,0.2416,180.0227,1.0982,0.0299,0.0110,0.1279,0.0050
14.43,"","","",180.2801,0.3865,180.0277,1.0483,0.0300,0.0110,0.1276,0.0050
14.47,"","","",180.2898,0.4348,180.0377,0.9484,0.0299,0.0110,0.1275,0.0040
14.50,"","","",180.2946,0.5314,180.0177,0.8985,0.0298,0.0100,0.1277,0.0030
14.53,"","","",180.2995,0.5797,180.0128,0.8486,0.0300,0.0100,0.1275,0.0020
14.57,"","","",180.2801,0.7730,180.0277,0.7488,0.0297,0.0090,0.1275,0.0010
14.60,"","","",180.2512,0.9179,180.0227,0.6988,0.0300,0.0090,0.1277,0.0010
14.63,"","","",180.2463,1.0628,180.0227,0.5990,0.0300,0.0090,0.1276,0.0010
14.67,"","","",180.2512,1.1595,179.9928,0.6489,0.0300,0.0080,0.1276,0.0000
14.70,"","","",180.2753,1.2078,179.9978,0.6489,0.0301,0.0090,0.1275,-0.0010
14.73,"pyruvate","Both","",180.2560,1.2078,179.9928,0.7488,0.0301,0.0090,0.1275,-0.0010
14.77,"","","",180.1690,1.3044,179.9928,0.8486,0.0282,0.0050,0.1275,-0.0010
14.80,"","","",180.3140,1.1595,179.9978,0.9484,0.0307,0.0060,0.1276,-0.0020
14.83,"","","",180.5797,0.5314,180.0227,0.9984,0.0305,0.0070,0.1275,-0.0020
14.87,"","","",180.6908,-0.2416,180.0177,0.8985,0.0304,0.0070,0.1275,-0.0030
14.90,"","","",180.7343,-0.9662,179.9479,0.9484,0.0304,0.0070,0.1271,-0.0040
14.93,"","","",180.7488,-1.6909,179.8780,1.0982,0.0305,0.0070,0.1273,-0.0040
14.97,"","","",180.7198,-2.3672,180.1525,0.7987,0.0306,0.0070,0.1275,-0.0040
15.00,"","","",180.6908,-2.8986,180.3372,0.2496,0.0305,0.0070,0.1276,-0.0040
15.03,"","","",180.6860,-3.3817,180.4321,-0.4992,0.0305,0.0070,0.1278,-0.0040
15.07,"","","",180.6715,-3.8648,180.4121,-1.1980,0.0304,0.0070,0.1281,-0.0040
15.10,"","","",180.6425,-4.3479,180.3871,-1.8470,0.0304,0.0070,0.1280,-0.0030
15.13,"","","",180.6038,-4.7344,180.3821,-2.4460,0.0304,0.0070,0.1279,-0.0020
15.17,"","","",180.5748,-5.0726,180.3672,-2.9951,0.0304,0.0070,0.1277,-0.0010
15.20,"","","",180.5459,-5.3142,180.3921,-3.4942,0.0301,0.0070,0.1277,-0.0010
15.23,"","","",180.5120,-5.4591,180.3672,-3.8936,0.0304,0.0080,0.1277,-0.0010
15.27,"","","",180.4927,-5.5074,180.2873,-4.1931,0.0305,0.0080,0.1277,0.0000
15.30,"","","",180.4589,-5.5074,180.2623,-4.4427,0.0307,0.0100,0.1276,0.0000
15.33,"","","",180.4396,-5.3625,180.2424,-4.5924,0.0307,0.0100,0.1278,0.0010
15.37,"","","",180.4154,-5.1209,180.1875,-4.6423,0.0308,0.0110,0.1278,0.0020
15.40,"","","",180.3623,-4.7827,180.1475,-4.5924,0.0314,0.0120,0.1280,0.0030
15.43,"","","",180.3188,-4.2996,180.1176,-4.3927,0.0309,0.0130,0.1280,0.0040
15.47,"","","",180.2753,-3.7682,180.1076,-4.1931,0.0310,0.0150,0.1277,0.0040
15.50,"","","",180.2560,-3.1885,180.1076,-3.9435,0.0309,0.0160,0.1276,0.0040
15.53,"","","",180.2463,-2.6088,180.1026,-3.6939,0.0313,0.0170,0.1275,0.0030
15.57,"","","",180.2270,-1.9807,180.0776,-3.4443,0.0313,0.0180,0.1277,0.0030
15.60,"","","",180.1932,-1.3527,180.0327,-3.0949,0.0313,0.0190,0.1277,0.0030
15.63,"","","",180.1594,-0.6763,179.9878,-2.6456,0.0311,0.0190,0.1280,0.0040
15.67,"","","",180.1111,0.0483,179.9379,-2.1465,0.0309,0.0190,0.1278,0.0040
15.70,"","","",180.0579,0.8696,179.9529,-1.6473,0.0309,0.0190,0.1278,0.0030
15.73,"","","",180.0096,1.8358,179.9479,-1.1481,0.0309,0.0190,0.1279,0.0040
15.77,"","","",179.9758,2.8020,179.8880,-0.5491,0.0308,0.0180,0.1275,0.0040
15.80,"","","",179.9516,3.7682,179.8430,0.0998,0.0310,0.0180,0.1276,0.0030
15.83,"","","",179.9033,4.7827,179.8131,0.7987,0.0310,0.0180,0.1276,0.0030
15.87,"","","",179.8598,5.8456,179.7632,1.5974,0.0308,0.0170,0.1276,0.0030
15.90,"","","",179.8067,6.9567,179.7482,2.3960,0.0308,0.0160,0.1279,0.0030
15.93,"","","",179.7584,8.2128,179.7282,3.1947,0.0312,0.0160,0.1278,0.0030
15.97,"","","",179.7487,9.4205,179.7033,3.9934,0.0314,0.0160,0.1278,0.0030
16.00,"","","",179.7391,10.6283,179.6583,4.9418,0.0312,0.0160,0.1276,0.0030
16.03,"","","",179.7149,11.7394,179.6134,5.8903,0.0309,0.0150,0.1276,0.0020
16.07,"","","",179.6859,12.9472,179.5535,6.9385,0.0308,0.0140,0.1275,0.0020
16.10,"","","",179.6618,14.2516,179.5236,8.0367,0.0305,0.0090,0.1276,0.0010
16.13,"","","",179.6376,15.3144,179.5136,9.0351,0.0310,0.0090,0.1275,0.0010
16.17,"","","",179.5893,15.8458,179.4836,10.0334,0.0311,0.0090,0.1277,0.0000
16.20,"","","",179.5507,16.1840,179.4437,11.0318,0.0311,0.0090,0.1277,0.0000
16.23,"","","",179.5072,16.4256,179.4038,12.2298,0.0311,0.0080,0.1276,-0.0010
16.27,"","","",179.4589,16.5705,179.3838,13.5277,0.0309,0.0080,0.1277,-0.0020
16.30,"","","",179.4395,16.7154,179.3638,14.2764,0.0310,0.0080,0.1278,-0.0020
16.33,"","","",179.4154,16.8120,179.3189,14.6758,0.0310,0.0070,0.1282,-0.0020
16.37,"","","",179.3816,16.8604,179.2790,14.8754,0.0309,0.0070,0.1282,-0.0010
16.40,"","","",179.3478,16.9087,179.2490,15.0751,0.0308,0.0060,0.1282,0.0010
16.43,"","","",179.2898,16.9570,179.2041,15.2748,0.0307,0.0040,0.1282,0.0020
16.47,"","","",179.2415,17.0536,179.1542,15.5244,0.0308,0.0030,0.1283,0.0030
16.50,"","","",179.2125,17.1502,179.1192,15.6741,0.0309,0.0020,0.1284,0.0040
16.53,"","","",179.1738,17.2468,179.0893,15.7240,0.0309,0.0010,0.1282,0.0050
16.57,"","","",179.1110,17.3918,179.0543,15.8239,0.0311,0.0000,0.1280,0.0050
16.60,"","","",179.0724,17.4884,178.9944,16.0235,0.0310,-0.0010,0.1278,0.0050
16.63,"","","",179.0820,17.4884,178.9345,16.2232,0.0311,-0.0010,0.1278,0.0040
16.67,"","","",179.0627,17.4884,178.8647,16.5227,0.0310,-0.0020,0.1281,0.0050
16.70,"","","",179.0144,17.4401,178.8247,16.8222,0.0311,-0.0020,0.1283,0.0060
16.73,"","","",178.9709,17.4884,178.7948,17.1716,0.0312,-0.0010,0.1283,0.0070
16.77,"","","",178.9226,17.5367,178.7548,17.5211,0.0314,0.0000,0.1282,0.0080
16.80,"","","",178.8840,17.6333,178.7798,17.6708,0.0316,0.0010,0.1283,0.0080
16.83,"","","",178.8453,17.6816,178.7448,17.8206,0.0313,0.0010,0.1280,0.0080
16.87,"","","",178.8067,17.7299,178.6600,17.9703,0.0313,0.0020,0.1278,0.0070
16.90,"","","",178.7680,17.7299,178.6051,18.1201,0.0309,0.0030,0.1280,0.0070
16.93,"","","",178.7342,17.6816,178.5452,18.3697,0.0310,0.0030,0.1282,0.0070
16.97,"","","",178.7004,17.6816,178.5003,18.6193,0.0309,0.0030,0.1281,0.0080
17.00,"","","",178.6907,17.6333,178.5252,18.7690,0.0308,0.0020,0.1281,0.0080
17.03,"","","",178.6666,17.5850,178.5102,18.8189,0.0309,0.0020,0.1282,0.0080
17.07,"","","",178.6086,17.6333,178.4853,18.7690,0.0311,0.0020,0.1282,0.0090
17.10,"","","",178.5506,17.6816,178.4304,18.7690,0.0316,0.0030,0.1281,0.0080
17.13,"","","",178.5071,17.7299,178.3705,18.8688,0.0312,0.0030,0.1282,0.0080
17.17,"","","",178.4782,17.8266,178.3305,18.9687,0.0310,0.0030,0.1283,0.0080
17.20,"","","",178.4588,17.8749,178.3056,19.0186,0.0311,0.0030,0.1281,0.0070
17.23,"","","",178.4154,17.9715,178.2706,19.0685,0.0311,0.0020,0.1281,0.0070
17.27,"","","",178.3719,18.1164,178.2457,19.0685,0.0314,0.0030,0.1284,0.0080
17.30,"","","",178.3381,18.2130,178.2007,19.0685,0.0313,0.0040,0.1282,0.0080
17.33,"","","",178.2753,18.3580,178.1458,19.0685,0.0312,0.0050,0.1282,0.0070
17.37,"","","",178.2414,18.4063,178.1059,19.1184,0.0311,0.0050,0.1281,0.0060
17.40,"","","",178.2173,18.4546,178.0660,19.2183,0.0313,0.0050,0.1285,0.0060
17.43,"","","",178.1883,18.4546,178.0111,19.3181,0.0313,0.0040,0.1284,0.0060
17.47,"","","",178.1641,18.4063,177.9811,19.3181,0.0313,0.0040,0.1284,0.0050
17.50,"","","",178.1207,18.3580,177.9462,19.3680,0.0314,0.0050,0.1282,0.0050
17.53,"","","",178.0820,18.3580,177.8863,19.4179,0.0311,0.0050,0.1282,0.0040
17.57,"malate","Both","",178.0434,18.3580,177.8613,19.4679,0.0303,0.0030,0.1281,0.0030
17.60,"","","",178.0144,18.4063,177.8363,19.4179,0.0278,-0.0030,0.1278,0.0010
17.63,"","","",177.9902,18.3580,177.8164,19.3181,0.0332,0.0010,0.1280,0.0000
17.67,"","","",177.9806,18.2614,177.7964,19.2183,0.0326,0.0040,0.1278,0.0000
17.70,"","","",177.9371,18.1164,177.7165,19.1683,0.0323,0.0050,0.1278,-0.0010
17.73,"","","",177.8936,18.0681,177.6616,19.1184,0.0324,0.0070,0.1280,-0.0010
17.77,"","","",177.8211,18.0681,177.6217,19.1184,0.0323,0.0080,0.1279,-0.0010
17.80,"","","",177.7632,18.1164,177.5568,19.1683,0.0321,0.0090,0.1279,-0.0010
17.83,"","","",177.7052,18.2614,177.5368,19.1683,0.0322,0.0100,0.1285,0.0000
17.87,"","","",177.6231,18.4063,177.5668,19.0186,0.0319,0.0100,0.1284,0.0010
17.90,"","","",177.5651,18.6961,177.5718,18.8189,0.0318,0.0110,0.1283,0.0010
17.93,"","","",177.4975,18.9860,177.5169,18.6692,0.0316,0.0110,0.1282,0.0000
17.97,"","","",177.4008,19.3242,177.4620,18.5693,0.0317,0.0110,0.1282,0.0000
18.00,"","","",177.3042,19.7107,177.3821,18.6692,0.0315,0.0110,0.1283,0.0000
18.03,"","","",177.2028,20.2421,177.3122,18.7690,0.0315,0.0100,0.1281,0.0000
18.07,"","","",177.0965,20.8218,177.2323,18.9687,0.0316,0.0100,0.1282,0.0000
18.10,"","","",176.9854,21.5465,177.1125,19.3181,0.0317,0.0110,0.1285,0.0010
18.13,"","","",176.8984,22.3194,177.0177,19.6675,0.0315,0.0120,0.1279,0.0010
18.17,"","","",176.8115,23.1407,176.9528,19.9670,0.0315,0.0120,0.1280,0.0000
18.20,"","","",176.7438,24.0103,176.8929,20.4163,0.0312,0.0110,0.1283,0.0000
18.23,"","","",176.6762,24.8316,176.8080,20.9654,0.0313,0.0100,0.1284,0.0000
18.27,"","","",176.6085,25.6529,176.7132,21.6143,0.0315,0.0090,0.1280,0.0000
18.30,"","","",176.5216,26.5224,176.6283,22.3631,0.0318,0.0090,0.1281,0.0000
18.33,"","","",176.4346,27.3437,176.5934,22.9122,0.0319,0.0090,0.1280,-0.0010
18.37,"","","",176.3235,28.2133,176.5435,23.4113,0.0319,0.0080,0.1280,-0.0010
18.40,"","","",176.2366,29.1312,176.4636,23.9604,0.0317,0.0080,0.1278,-0.0020
18.43,"","","",176.1448,30.0974,176.3738,24.5594,0.0316,0.0080,0.1280,-0.0020
18.47,"","","",176.0626,31.0636,176.2889,25.2084,0.0316,0.0080,0.1280,-0.0020
18.50,"","","",175.9757,32.0298,176.1991,25.9571,0.0317,0.0070,0.1282,-0.0020
18.53,"","","",175.8839,32.9960,176.1342,26.6061,0.0319,0.0070,0.1280,-0.0020
18.57,"","","",175.7969,33.9139,176.0743,27.3049,0.0319,0.0070,0.1285,-0.0010
18.60,"","","",175.7003,34.8802,175.9944,27.9538,0.0320,0.0070,0.1284,-0.0010
18.63,"","","",175.6085,35.7981,175.8896,28.6527,0.0318,0.0070,0.1283,0.0000
18.67,"","","",175.5071,36.8126,175.7797,29.4514,0.0317,0.0070,0.1282,0.0000
18.70,"","","",175.4104,37.7788,175.6849,30.3000,0.0320,0.0060,0.1284,0.0000
18.73,"","","",175.3187,38.6967,175.5801,31.1486,0.0321,0.0070,0.1280,0.0010
18.77,"","","",175.2462,39.5180,175.4752,32.0970,0.0322,0.0070,0.1280,0.0010
18.80,"","","",175.1641,40.2426,175.3754,33.0454,0.0321,0.0070,0.1279,0.0010
18.83,"","","",175.0530,41.0156,175.2856,33.9440,0.0320,0.0070,0.1280,0.0010
18.87,"","","",174.9467,41.7885,175.2157,34.8924,0.0324,0.0070,0.1282,0.0010
18.90,"","","",174.8404,42.4649,175.1358,35.7410,0.0322,0.0050,0.1281,0.0010
18.93,"","","",174.7389,43.1412,175.0609,36.5397,0.0319,-0.0020,0.1282,0.0010
18.97,"","","",174.6568,43.6727,174.9811,37.2385,0.0320,0.0000,0.1282,0.0010
19.00,"","","",174.5650,44.1074,174.8712,37.9374,0.0319,0.0020,0.1284,0.0010
19.03,"","","",174.4684,44.4456,174.7664,38.7360,0.0317,0.0020,0.1281,0.0000
19.07,"","","",174.3814,44.7355,174.6716,39.4848,0.0319,0.0040,0.1279,-0.0010
19.10,"","","",174.2848,44.9770,174.5867,40.1836,0.0320,0.0050,0.1280,-0.0020
19.13,"","","",174.1834,45.2186,174.5168,40.8825,0.0318,0.0050,0.1279,-0.0030
19.17,"","","",174.0867,45.4118,174.4420,41.4316,0.0319,0.0060,0.1279,-0.0020
19.20,"","","",174.0046,45.5568,174.3771,41.7810,0.0316,0.0060,0.1282,-0.0020
19.23,"","","",173.9177,45.6534,174.2972,41.9807,0.0315,0.0060,0.1284,-0.0010
19.27,"","","",173.8307,45.6534,174.1974,42.1304,0.0316,0.0050,0.1284,0.0000
19.30,"","","",173.7244,45.7500,174.1125,42.2802,0.0315,0.0040,0.1286,0.0010
19.33,"","","",173.6085,45.8466,174.0226,42.3800,0.0312,0.0030,0.1287,0.0020
19.37,"","","",173.5118,45.9916,173.9378,42.4799,0.0315,0.0020,0.1283,0.0020
19.40,"","","",173.4297,46.1365,173.8729,42.5298,0.0316,0.0010,0.1286,0.0030
19.43,"","","",173.3428,46.3297,173.7880,42.6296,0.0320,0.0010,0.1285,0.0040
19.47,"","","",173.2606,46.4747,173.6682,42.8293,0.0319,0.0010,0.1286,0.0040
19.50,"","","",173.1930,46.5713,173.5784,43.0289,0.0318,0.0010,0.1288,0.0050
19.53,"","","",173.0867,46.6679,173.5085,43.1288,0.0319,0.0000,0.1287,0.0060
19.57,"","","",172.9853,46.7162,173.4286,43.2286,0.0320,-0.0010,0.1286,0.0070
19.60,"","","",172.8983,46.7162,173.3438,43.3285,0.0319,-0.0020,0.1286,0.0070
19.63,"","","",172.8113,46.7162,173.2889,43.4283,0.0319,-0.0020,0.1284,0.0080
19.67,"","","",172.7437,46.6196,173.1790,43.4283,0.0319,-0.0010,0.1284,0.0070
19.70,"","","",172.6568,46.5713,173.0493,43.4782,0.0317,-0.0010,0.1286,0.0070
19.73,"","","",172.5360,46.5713,172.9744,43.4782,0.0316,-0.0020,0.1287,0.0070
19.77,"","","",172.4442,46.5713,172.9045,43.4283,0.0317,-0.0030,0.1287,0.0070
19.80,"","","",172.3621,46.5230,172.8246,43.4283,0.0320,-0.0030,0.1287,0.0080
19.83,"","","",172.2993,46.4264,172.7597,43.3285,0.0318,-0.0030,0.1285,0.0080
19.87,"","","",172.1881,46.3780,172.6449,43.2785,0.0318,-0.0030,0.1283,0.0070
19.90,"","","",172.0384,46.3780,172.5151,43.2286,0.0319,-0.0030,0.1282,0.0070
19.93,"","","",171.9369,46.4264,172.4203,43.1787,0.0320,-0.0030,0.1282,0.0070
19.97,"","","",171.8548,46.4264,172.3404,43.1288,0.0320,-0.0020,0.1282,0.0060
20.00,"","","",171.7775,46.4264,172.2855,43.0789,0.0322,-0.0020,0.1284,0.0060
20.03,"","","",171.6905,46.4264,172.2356,42.9790,0.0322,-0.0010,0.1283,0.0060
20.07,"","","",171.5939,46.4264,172.1507,42.9291,0.0320,-0.0010,0.1282,0.0050
20.10,"","","",171.4828,46.3780,172.0459,42.8792,0.0323,0.0010,0.1285,0.0050
20.13,"","","",171.3862,46.3780,171.9660,42.9291,0.0324,0.0020,0.1284,0.0040
20.17,"","","",171.3041,46.3297,171.8712,42.9291,0.0323,0.0030,0.1280,0.0030
20.20,"","","",171.2171,46.3297,171.7714,42.9790,0.0300,0.0010,0.1282,0.0020
20.23,"","","",171.0963,46.4264,171.6815,43.0289,0.0289,-0.0040,0.1282,0.0020
20.27,"ADP","Both","",170.9369,46.6196,171.5867,43.0289,0.0338,0.0000,0.1282,0.0010
20.30,"","","",170.6181,47.1993,171.4918,43.0789,0.0334,0.0040,0.1282,0.0000
20.33,"","","",170.1639,48.4071,171.4120,43.1288,0.0330,0.0060,0.1281,0.0000
20.37,"","","",169.6470,50.3395,171.3371,43.1787,0.0327,0.0070,0.1285,0.0000
20.40,"","","",169.0480,53.0932,171.2223,43.3285,0.0329,0.0090,0.1280,-0.0020
20.43,"","","",168.4296,56.6682,171.0825,43.5780,0.0326,0.0110,0.1282,-0.0030
20.47,"","","",167.8064,61.0161,170.8878,43.9774,0.0330,0.0120,0.1284,-0.0040
20.50,"","","",167.1639,66.0887,170.5384,44.7761,0.0330,0.0140,0.1282,-0.0050
20.53,"","","",166.5020,71.9343,170.0292,46.3235,0.0330,0.0150,0.1281,-0.0060
20.57,"","","",165.7967,78.5045,169.4652,48.6197,0.0328,0.0160,0.1282,-0.0060
20.60,"","","",165.0913,85.7994,168.8911,51.7146,0.0327,0.0160,0.1283,-0.0070
20.63,"","","",164.3908,93.7706,168.2622,55.6581,0.0325,0.0160,0.1282,-0.0070
20.67,"","","",163.7000,102.3216,167.6082,60.3503,0.0321,0.0140,0.1283,-0.0060
20.70,"","","",163.0043,111.4039,166.9493,65.8912,0.0322,0.0130,0.1280,-0.0070
20.73,"","","",162.2748,120.9694,166.2804,72.0810,0.0324,0.0130,0.1280,-0.0070
20.77,"","","",161.5309,131.0663,165.6065,78.9197,0.0326,0.0130,0.1281,-0.0070
20.80,"","","",160.8159,141.5013,164.9327,86.5072,0.0324,0.0130,0.1280,-0.0070
20.83,"","","",160.1009,152.1779,164.2588,94.6437,0.0323,0.0120,0.1281,-0.0070
20.87,"","","",159.3907,163.1444,163.6198,103.2295,0.0327,0.0130,0.1282,-0.0060
20.90,"","","",158.6757,174.3525,162.9559,112.2646,0.0325,0.0130,0.1282,-0.0060
20.93,"","","",157.9607,185.7054,162.2271,121.7989,0.0326,0.0130,0.1281,-0.0050
20.97,"","","",157.2554,197.0584,161.5333,131.6826,0.0326,0.0130,0.1280,-0.0060
21.00,"","","",156.5307,208.4596,160.8644,141.9157,0.0326,0.0130,0.1283,-0.0050
21.03,"","","",155.7916,219.8126,160.1655,152.4483,0.0327,0.0120,0.1282,-0.0050
21.07,"","","",155.0814,231.1656,159.4567,163.2804,0.0324,0.0110,0.1283,-0.0040
21.10,"","","",154.3761,242.3253,158.7828,174.1624,0.0325,0.0100,0.1282,-0.0030
21.13,"","","",153.6611,253.2434,158.1039,185.1443,0.0325,0.0100,0.1284,-0.0020
21.17,"","","",152.9413,263.8717,157.4251,196.1261,0.0327,0.0100,0.1280,-0.0020
21.20,"","","",152.2311,274.1619,156.7262,207.1579,0.0326,0.0090,0.1285,-0.0010
21.23,"","","",151.5064,284.2104,156.0124,218.2396,0.0326,0.0080,0.1287,0.0000
21.27,"","","",150.7721,293.8725,155.2986,229.2714,0.0326,0.0080,0.1286,0.0010
21.30,"","","",150.0523,303.0515,154.5947,240.1035,0.0325,0.0070,0.1284,0.0010
21.33,"","","",149.3373,311.6025,153.9059,250.6861,0.0327,0.0070,0.1286,0.0020
21.37,"","","",148.6223,319.5254,153.2120,260.8692,0.0325,0.0070,0.1286,0.0030
21.40,"","","",147.9218,326.7720,152.5331,270.7030,0.0325,0.0060,0.1286,0.0030
21.43,"","","",147.2165,333.2939,151.8243,280.1873,0.0322,0.0050,0.1287,0.0050
21.47,"","","",146.4966,339.0428,151.1304,289.2224,0.0323,0.0050,0.1285,0.0050
21.50,"","","",145.7961,343.8739,150.4316,297.7084,0.0325,0.0040,0.1285,0.0050
21.53,"","","",145.1053,347.7870,149.7328,305.6952,0.0323,-0.0010,0.1285,0.0050
21.57,"","","",144.3855,350.7339,149.0489,313.0331,0.0323,-0.0080,0.1284,0.0050
21.60,"","","",143.6656,352.8596,148.3401,319.7221,0.0325,-0.0060,0.1283,0.0050
21.63,"","","",142.9651,354.3089,147.6162,325.7122,0.0324,-0.0050,0.1283,0.0050
21.67,"","","",142.2646,355.3234,146.9174,330.9036,0.0327,-0.0040,0.1287,0.0050
21.70,"","","",141.5448,355.9998,146.2535,335.1965,0.0329,-0.0030,0.1288,0.0070
21.73,"","","",140.8298,356.5312,145.5796,338.5410,0.0327,-0.0020,0.1288,0.0070
21.77,"","","",140.1197,356.8694,144.8608,341.0868,0.0326,-0.0020,0.1288,0.0080
21.80,"","","",139.4288,357.0626,144.1470,342.8838,0.0327,-0.0010,0.1287,0.0080
21.83,"","","",138.7235,357.0626,143.4282,344.0818,0.0328,0.0010,0.1288,0.0090
21.87,"","","",138.0037,357.0143,142.7343,345.0303,0.0327,0.0020,0.1285,0.0090
21.90,"","","",137.3225,356.9177,142.0454,345.7790,0.0327,0.0030,0.1286,0.0090
21.93,"","","",136.6171,356.7727,141.3466,346.3281,0.0325,0.0030,0.1287,0.0090
21.97,"","","",135.8973,356.6278,140.6378,346.7774,0.0323,0.0020,0.1287,0.0090
22.00,"","","",135.2017,356.3863,139.9439,347.1767,0.0324,0.0010,0.1287,0.0090
22.03,"","","",134.5253,356.0964,139.2750,347.4762,0.0325,0.0010,0.1289,0.0090
22.07,"","","",133.8151,355.8065,138.5961,347.7258,0.0325,0.0000,0.1289,0.0090
22.10,"","","",133.1050,355.5650,137.8923,347.9255,0.0325,0.0000,0.1288,0.0090
22.13,"","","",132.4093,355.3234,137.1885,348.1252,0.0327,0.0000,0.1288,0.0090
22.17,"","","",131.7330,354.9853,136.5146,348.2250,0.0325,0.0000,0.1290,0.0090
22.20,"","","",131.0421,354.6954,135.8257,348.2250,0.0328,0.0010,0.1290,0.0090
22.23,"","","",130.3320,354.3572,135.1169,348.2250,0.0329,0.0010,0.1292,0.0100
22.27,"","","",129.6266,354.0191,134.4180,348.2749,0.0319,0.0000,0.1288,0.0090
22.30,"oligomycin","Both","",128.9310,353.6809,133.7541,348.2250,0.0246,-0.0140,0.1289,0.0090
22.33,"","","",128.3319,353.1978,133.0952,348.1252,0.0359,-0.0070,0.1291,0.0090
22.37,"","","",127.9647,352.1349,132.4213,347.9754,0.0350,-0.0020,0.1292,0.0090
22.40,"","","",127.5831,350.5407,131.7375,347.8257,0.0342,0.0010,0.1289,0.0090
22.43,"","","",127.2739,348.2701,131.1584,347.4263,0.0343,0.0040,0.1293,0.0090
22.47,"","","",127.0855,345.1782,130.8589,346.2782,0.0333,0.0050,0.1289,0.0090
22.50,"","","",126.9551,341.2168,130.5594,344.4313,0.0329,0.0060,0.1291,0.0080
22.53,"","","",126.8584,336.3374,130.2949,341.9354,0.0327,0.0060,0.1292,0.0080
22.57,"","","",126.7763,330.6851,130.0652,338.7407,0.0328,0.0060,0.1292,0.0090
22.60,"","","",126.6894,324.2115,129.9105,334.7473,0.0329,0.0070,0.1293,0.0100
22.63,"","","",126.6265,317.0132,129.8206,329.8553,0.0326,0.0070,0.1293,0.0100
22.67,"","","",126.5782,309.0903,129.7458,324.1647,0.0327,0.0070,0.1293,0.0100
22.70,"","","",126.5299,300.4911,129.6908,317.6255,0.0328,0.0070,0.1293,0.0110
22.73,"","","",126.4913,291.2155,129.6060,310.3376,0.0328,0.0070,0.1294,0.0110
22.77,"","","",126.4381,281.4084,129.5211,302.4007,0.0326,0.0060,0.1295,0.0120
22.80,"","","",126.3850,271.1183,129.4363,293.8648,0.0325,0.0050,0.1295,0.0130
22.83,"","","",126.3415,260.3934,129.3464,284.7798,0.0325,0.0050,0.1295,0.0130
22.87,"","","",126.2884,249.2337,129.2665,275.2455,0.0326,0.0040,0.1295,0.0130
22.90,"","","",126.2159,237.8807,129.1967,265.2121,0.0328,0.0040,0.1294,0.0130
22.93,"","","",126.1531,226.2862,129.1517,254.7793,0.0330,0.0040,0.1297,0.0130
22.97,"","","",126.1096,214.4501,129.1118,244.0470,0.0330,0.0040,0.1295,0.0120
23.00,"","","",126.0613,202.5174,129.0569,232.9653,0.0328,0.0040,0.1296,0.0120
23.03,"","","",126.0033,190.4881,128.9970,221.5841,0.0332,0.0050,0.1294,0.0130
23.07,"","","",125.9647,178.5071,128.9171,210.1031,0.0330,0.0060,0.1296,0.0130
23.10,"","","",125.9164,166.5745,128.8522,198.4723,0.0331,0.0060,0.1295,0.0130
23.13,"","","",125.8681,154.6901,128.7774,186.8914,0.0334,0.0080,0.1295,0.0130
23.17,"","","",125.7956,143.0956,128.7374,175.3105,0.0333,0.0090,0.1294,0.0130
23.20,"","","",125.7231,131.7426,128.6675,163.8295,0.0331,0.0090,0.1295,0.0120
23.23,"","","",125.6700,120.6795,128.5777,152.5481,0.0329,0.0090,0.1296,0.0120
23.27,"","","",125.6362,109.9063,128.5328,141.3666,0.0330,0.0090,0.1298,0.0120
23.30,"","","",125.5879,99.6162,128.4779,130.4845,0.0331,0.0090,0.1298,0.0120
23.33,"","","",125.5396,89.7608,128.4180,119.9020,0.0333,0.0090,0.1297,0.0110
23.37,"","","",125.4816,80.3886,128.3481,109.6190,0.0333,0.0090,0.1297,0.0110
23.40,"","","",125.4140,71.6927,128.3031,99.7353,0.0333,0.0100,0.1297,0.0110
23.43,"","","",125.3608,63.6249,128.2532,90.3009,0.0334,0.0100,0.1297,0.0110
23.47,"","","",125.3125,56.2817,128.2033,81.4655,0.0333,0.0100,0.1296,0.0100
23.50,"","","",125.2642,49.7115,128.1684,73.0793,0.0335,0.0110,0.1296,0.0100
23.53,"","","",125.1966,43.9142,128.1184,65.3920,0.0332,0.0110,0.1297,0.0100
23.57,"","","",125.1386,39.0832,128.0386,58.4535,0.0332,0.0110,0.1298,0.0100
23.60,"","","",125.0951,35.1700,127.9637,52.3136,0.0331,0.0090,0.1298,0.0100
23.63,"","","",125.0468,32.2714,127.9088,46.9724,0.0332,-0.0060,0.1296,0.0090
23.67,"","","",124.9888,30.2907,127.8589,42.4299,0.0334,-0.0010,0.1296,0.0080
23.70,"","","",124.9260,28.7930,127.8289,38.7360,0.0333,0.0030,0.1297,0.0080
23.73,"","","",124.8536,27.8751,127.7790,36.0405,0.0332,0.0060,0.1295,0.0070
23.77,"","","",124.8101,27.3920,127.7291,34.1436,0.0331,0.0080,0.1294,0.0060
23.80,"","","",124.7714,27.1022,127.6941,32.5962,0.0332,0.0090,0.1293,0.0050
23.83,"","","",124.7231,26.9089,127.6342,31.4481,0.0333,0.0090,0.1291,0.0030
23.87,"","","",124.6651,26.8123,127.5594,30.6494,0.0331,0.0090,0.1293,0.0020
23.90,"","","",124.6168,26.7640,127.4945,30.1502,0.0332,0.0080,0.1294,0.0010
23.93,"","","",124.5685,26.8123,127.4495,29.8008,0.0331,0.0080,0.1297,0.0010
23.97,"","","",124.4961,26.8606,127.4046,29.5013,0.0334,0.0080,0.1297,0.0010
24.00,"","","",124.4381,26.9089,127.3597,29.1519,0.0338,0.0090,0.1297,0.0010
24.03,"","","",124.3946,26.9572,127.3198,28.8024,0.0335,0.0090,0.1296,0.0010
24.07,"","","",124.3560,26.9089,127.2848,28.4530,0.0336,0.0090,0.1296,0.0000
24.10,"","","",124.2980,26.9089,127.2299,28.1036,0.0337,0.0090,0.1298,0.0010
24.13,"","","",124.2303,26.9089,127.1650,27.8540,0.0339,0.0090,0.1298,0.0010
24.17,"","","",124.1772,26.9089,127.1101,27.6543,0.0340,0.0090,0.1297,0.0010
24.20,"","","",124.1289,26.8606,127.0502,27.5046,0.0342,0.0090,0.1300,0.0010
24.23,"","","",124.0709,26.9089,126.9953,27.4047,0.0333,0.0090,0.1296,0.0010
24.27,"","","",124.0130,26.9089,126.9504,27.2550,0.0335,0.0080,0.1297,0.0010
24.30,"","","",123.9646,26.9572,126.9005,27.0553,0.0337,0.0080,0.1296,0.0010
24.33,"","","",123.9212,26.9089,126.8555,26.8557,0.0337,0.0080,0.1296,0.0010
24.37,"","","",123.8632,26.9572,126.7856,26.7059,0.0339,0.0090,0.1294,0.0000
24.40,"","","",123.8149,26.9089,126.7158,26.6061,0.0337,0.0090,0.1294,0.0000
24.43,"","","",123.7714,26.8123,126.6509,26.5062,0.0339,0.0090,0.1295,0.0000
24.47,"","","",123.7038,26.7640,126.6059,26.4563,0.0340,0.0100,0.1296,-0.0010
24.50,"","","",123.6410,26.7640,126.5760,26.3565,0.0339,0.0110,0.1294,-0.0010
24.53,"","","",123.5975,26.8123,126.5211,26.3066,0.0338,0.0110,0.1293,-0.0020
24.57,"","","",123.5298,26.8606,126.4512,26.3066,0.0340,0.0110,0.1294,-0.0030
24.60,"","","",123.4622,26.8606,126.3813,26.3066,0.0338,0.0100,0.1296,-0.0020
24.63,"","","",123.4091,26.9089,126.3314,26.3565,0.0336,0.0100,0.1295,-0.0020
24.67,"","","",123.3559,26.9089,126.2915,26.3565,0.0336,0.0100,0.1294,-0.0020
24.70,"","","",123.2835,26.9572,126.2465,26.4064,0.0338,0.0100,0.1294,-0.0020
24.73,"","","",123.2207,27.0539,126.1816,26.4563,0.0338,0.0100,0.1293,-0.0020
24.77,"","","",123.1772,27.1022,126.1367,26.4563,0.0338,0.0100,0.1292,-0.0030
24.80,"FCCP","Both","",123.1337,27.1022,126.0818,26.4563,0.0329,0.0080,0.1293,-0.0030
24.83,"","","",123.1675,26.9572,126.0219,26.4563,0.0339,0.0090,0.1292,-0.0040
24.87,"","","",123.1579,26.7640,125.9870,26.4064,0.0341,0.0090,0.1293,-0.0040
24.90,"","","",122.8487,27.0539,125.9570,26.3565,0.0338,0.0090,0.1293,-0.0040
24.93,"","","",122.3607,28.1167,125.8971,26.4064,0.0337,0.0080,0.1291,-0.0040
24.97,"","","",121.7858,30.0491,125.9021,26.3066,0.0338,0.0070,0.1296,-0.0030
25.00,"","","",121.1626,32.9477,125.8821,26.2067,0.0334,0.0070,0.1296,-0.0030
25.03,"","","",120.5104,36.7643,125.6176,26.4064,0.0334,0.0060,0.1296,-0.0020
25.07,"","","",119.8438,41.5470,125.1683,27.3548,0.0331,0.0040,0.1296,-0.0020
25.10,"","","",119.1626,47.1993,124.6192,29.1519,0.0335,0.0030,0.1297,-0.0020
25.13,"","","",118.4959,53.6246,124.0102,31.7975,0.0336,0.0020,0.1295,-0.0020
25.17,"","","",117.8244,60.7746,123.3663,35.4415,0.0338,0.0010,0.1295,-0.0030
25.20,"","","",117.1190,68.6492,122.7124,39.9840,0.0335,0.0000,0.1293,-0.0040
25.23,"","","",116.4330,77.2001,122.0734,45.3751,0.0333,-0.0020,0.1293,-0.0040
25.27,"","","",115.7470,86.3308,121.4495,51.5149,0.0336,-0.0030,0.1294,-0.0040
25.30,"","","",115.0755,95.9446,120.8055,58.3536,0.0337,-0.0030,0.1294,-0.0040
25.33,"","","",114.3798,106.1381,120.1616,65.7914,0.0337,-0.0030,0.1295,-0.0040
25.37,"","","",113.6697,116.7181,119.4827,73.9279,0.0339,-0.0030,0.1294,-0.0040
25.40,"","","",112.9692,127.6362,118.8238,82.5637,0.0339,-0.0030,0.1294,-0.0040
25.43,"","","",112.2783,138.8926,118.1749,91.7485,0.0336,-0.0030,0.1296,-0.0030
25.47,"","","",111.5972,150.3905,117.5060,101.3826,0.0334,-0.0030,0.1296,-0.0020
25.50,"","","",110.8967,162.1299,116.8271,111.4659,0.0337,-0.0030,0.1296,-0.0010
25.53,"","","",110.1865,173.9660,116.1532,121.9486,0.0337,-0.0020,0.1295,0.0000
25.57,"","","",109.4860,185.8987,115.4793,132.7308,0.0339,-0.0020,0.1295,0.0000
25.60,"","","",108.7903,197.8313,114.8204,143.7127,0.0337,-0.0020,0.1295,0.0010
25.63,"","","",108.0898,209.7157,114.1615,154.8942,0.0337,-0.0020,0.1294,0.0010
25.67,"","","",107.3942,221.5035,113.4976,166.1756,0.0337,-0.0020,0.1293,0.0010
25.70,"","","",106.6985,233.0980,112.7987,177.6067,0.0336,-0.0020,0.1294,0.0010
25.73,"","","",106.0028,244.4026,112.0949,189.1377,0.0336,-0.0020,0.1294,0.0010
25.77,"","","",105.3023,255.4657,111.3961,200.7186,0.0337,-0.0020,0.1294,0.0010
25.80,"","","",104.6066,266.1906,110.6922,212.1996,0.0339,-0.0010,0.1296,0.0010
25.83,"","","",103.9206,276.4808,110.0083,223.5309,0.0340,0.0000,0.1295,0.0020
25.87,"","","",103.2298,286.2878,109.3395,234.6625,0.0339,0.0010,0.1295,0.0010
25.90,"","","",102.5293,295.5634,108.6706,245.4946,0.0338,0.0020,0.1294,0.0010
25.93,"","","",101.8288,304.3076,107.9967,256.0272,0.0337,0.0020,0.1295,0.0020
25.97,"","","",101.1428,312.3754,107.3078,266.2104,0.0338,0.0020,0.1294,0.0020
26.00,"","","",100.4568,319.7186,106.6289,275.9443,0.0340,0.0030,0.1294,0.0020
26.03,"","","",99.7708,326.2888,105.9650,285.1292,0.0340,0.0040,0.1296,0.0020
26.07,"","","",99.0703,332.0378,105.2861,293.7649,0.0338,0.0040,0.1295,0.0020
26.10,"","","",98.3794,336.9171,104.6023,301.7517,0.0338,0.0040,0.1296,0.0010
26.13,"","","",97.6982,340.7820,103.9234,309.0896,0.0338,0.0030,0.1297,0.0020
26.17,"","","",97.0026,343.4391,103.2445,315.7287,0.0334,0.0030,0.1297,0.0020
26.20,"","","",96.3021,344.9850,102.5606,321.5191,0.0335,0.0030,0.1298,0.0020
26.23,"","","",95.6257,345.8063,101.8768,326.4110,0.0337,0.0030,0.1297,0.0020
26.27,"","","",94.9397,346.2894,101.2079,330.4044,0.0338,0.0040,0.1298,0.0020
26.30,"","","",94.2537,346.5792,100.5290,333.2996,0.0337,0.0040,0.1300,0.0030
26.33,"","","",93.5725,346.6759,99.8401,335.1466,0.0336,0.0030,0.1297,0.0030
26.37,"","","",92.8914,346.7242,99.1663,336.2947,0.0336,0.0030,0.1297,0.0030
26.40,"","","",92.2150,346.7242,98.4824,337.0435,0.0339,0.0020,0.1296,0.0040
26.43,"","","",91.5242,346.6759,97.8085,337.5926,0.0339,0.0020,0.1296,0.0040
26.47,"","","",90.8382,346.5309,97.1396,337.9919,0.0338,0.0020,0.1298,0.0050
26.50,"","","",90.1618,346.3860,96.4607,338.3912,0.0340,0.0020,0.1298,0.0050
26.53,"","","",89.4855,346.1928,95.7619,338.7906,0.0338,0.0020,0.1297,0.0050
26.57,"","","",88.8139,345.9995,95.0730,339.1400,0.0340,0.0020,0.1294,0.0040
26.60,"","","",88.1328,345.7580,94.4041,339.3896,0.0340,0.0020,0.1296,0.0040
26.63,"","","",87.4419,345.4681,93.7352,339.5393,0.0339,0.0020,0.1296,0.0040
26.67,"","","",86.7656,345.1782,93.0663,339.6392,0.0338,0.0020,0.1297,0.0040
26.70,"","","",86.0941,344.8884,92.3924,339.7390,0.0340,0.0020,0.1295,0.0030
26.73,"","","",85.4226,344.5985,91.7235,339.7390,0.0341,0.0030,0.1295,0.0030
26.77,"","","",84.7559,344.2603,91.0596,339.7390,0.0338,0.0030,0.1295,0.0030
26.80,"","","",84.0844,343.8739,90.4107,339.5893,0.0340,0.0030,0.1296,0.0030
26.83,"","","",83.4032,343.4874,89.7568,339.4395,0.0341,0.0030,0.1295,0.0030
26.87,"","","",82.7268,343.1492,89.1079,339.2398,0.0340,0.0030,0.1297,0.0030
26.90,"","","",82.0553,342.8110,88.4340,339.0402,0.0340,0.0040,0.1297,0.0030
26.93,"","","",81.3935,342.4245,87.7651,338.7407,0.0340,0.0040,0.1297,0.0030
26.97,"","","",80.7268,342.0381,87.1012,338.4412,0.0342,0.0040,0.1300,0.0030
27.00,"","","",80.0553,341.6999,86.4522,338.0418,0.0341,0.0040,0.1297,0.0030
27.03,"","","",79.3934,341.2651,85.7933,337.6425,0.0341,0.0040,0.1296,0.0020
27.07,"","","",78.7316,340.8786,85.1494,337.2930,0.0343,0.0040,0.1297,0.0020
27.10,"","","",78.0649,340.4921,84.4955,336.8937,0.0340,0.0040,0.1297,0.0020
27.13,"","","",77.3934,340.1056,83.8366,336.5942,0.0339,0.0040,0.1298,0.0020
27.17,"","","",76.7315,339.7192,83.1727,336.2448,0.0339,0.0050,0.1297,0.0020
27.20,"","","",76.0600,339.2844,82.4988,335.9453,0.0339,0.0050,0.1296,0.0020
27.23,"","","",75.3933,338.8979,81.8399,335.5958,0.0341,0.0050,0.1297,0.0010
27.27,"","","",74.7266,338.5597,81.1810,335.1965,0.0340,0.0050,0.1299,0.0010
27.30,"","","",74.0599,338.1732,80.5220,334.8471,0.0339,0.0050,0.1298,0.0010
27.33,"","","",73.3981,337.7867,79.8681,334.4977,0.0340,0.0050,0.1298,0.0010
27.37,"","","",72.7411,337.4003,79.2142,334.0983,0.0338,0.0050,0.1299,0.0010
27.40,"","","",72.0840,337.0138,78.5553,333.6990,0.0338,0.0040,0.1300,0.0010
27.43,"","","",71.4367,336.6273,77.9014,333.2996,0.0333,0.0030,0.1301,0.0020
27.47,"rot/aa","Both","",71.0309,335.7577,77.2524,332.9003,0.0345,0.0040,0.1298,0.0020
27.50,"","","",70.9536,333.8736,76.6035,332.4510,0.0340,0.0030,0.1300,0.0020
27.53,"","","",70.9342,330.9267,75.9596,332.0517,0.0338,0.0020,0.1295,0.0020
27.57,"","","",70.9198,326.9169,75.5353,331.2031,0.0340,0.0020,0.1299,0.0030
27.60,"","","",70.9053,321.8926,75.4654,329.3562,0.0339,0.0020,0.1300,0.0030
27.63,"","","",70.8956,315.9987,75.4105,326.4609,0.0340,0.0010,0.1300,0.0040
27.67,"","","",70.8908,309.2353,75.3556,322.6173,0.0343,0.0010,0.1300,0.0050
27.70,"","","",70.8956,301.6505,75.3007,317.9250,0.0339,0.0010,0.1298,0.0050
27.73,"","","",70.8956,293.2928,75.2557,312.3343,0.0339,0.0000,0.1299,0.0050
27.77,"","","",70.8811,284.2587,75.2258,305.9448,0.0339,0.0000,0.1299,0.0050
27.80,"","","",70.8714,274.6933,75.2108,298.7567,0.0338,-0.0010,0.1301,0.0050
27.83,"","","",70.8618,264.4998,75.1809,290.8697,0.0340,-0.0010,0.1299,0.0060
27.87,"","","",70.8570,253.8232,75.1559,282.3338,0.0337,-0.0010,0.1299,0.0060
27.90,"","","",70.8570,242.7118,75.1409,273.2488,0.0341,-0.0010,0.1298,0.0050
27.93,"","","",70.8521,231.2622,75.1259,263.6147,0.0337,-0.0010,0.1296,0.0050
27.97,"","","",70.8473,219.4744,75.1160,253.4814,0.0336,-0.0020,0.1299,0.0040
28.00,"","","",70.8328,207.4934,75.1060,242.8989,0.0337,-0.0030,0.1299,0.0050
28.03,"","","",70.8231,195.3192,75.0810,231.9670,0.0330,-0.0050,0.1301,0.0050
28.07,"","","",70.8328,182.9517,75.0561,220.7355,0.0349,-0.0030,0.1301,0.0040
28.10,"","","",71.0695,170.1011,75.0411,209.2545,0.0341,-0.0030,0.1300,0.0040
28.13,"","","",71.6782,156.1394,75.0361,197.5238,0.0340,-0.0020,0.1299,0.0040
28.17,"","","",72.0889,141.5496,75.1210,185.4937,0.0339,-0.0020,0.1297,0.0030
28.20,"","","",72.2918,126.8633,75.6052,172.4153,0.0341,-0.0020,0.1297,0.0020
28.23,"","","",72.3932,112.2735,75.9895,158.6380,0.0341,-0.0020,0.1297,0.0020
28.27,"AA","Both","",72.4464,97.9736,76.1692,144.7110,0.0339,-0.0020,0.1297,0.0010
28.30,"","","",72.4802,84.0602,76.2691,130.7341,0.0339,-0.0010,0.1297,0.0010
28.33,"","","",72.5092,70.5816,76.3190,116.9070,0.0341,-0.0010,0.1298,0.0010
28.37,"","","",72.5188,57.6827,76.3290,103.4292,0.0335,-0.0010,0.1297,0.0000
28.40,"","","",72.5140,45.3635,76.3389,90.2510,0.0339,0.0000,0.1299,0.0000
28.43,"","","",72.4995,33.8173,76.3489,77.4721,0.0339,0.0000,0.1300,0.0000
28.47,"","","",72.4802,23.0924,76.3489,65.1924,0.0340,0.0000,0.1299,0.0000
28.50,"","","",72.4754,13.1404,76.3489,53.5116,0.0340,0.0000,0.1298,0.0000
28.53,"","","",72.4705,4.1547,76.3340,42.4799,0.0340,0.0000,0.1298,-0.0010
28.57,"","","",72.4705,-3.9615,76.3240,32.1968,0.0340,0.0010,0.1298,-0.0010
28.60,"","","",72.4754,-11.0148,76.3240,22.6626,0.0341,0.0010,0.1298,-0.0010
28.63,"","","",72.4705,-17.0536,76.3290,13.8771,0.0341,0.0010,0.1299,-0.0010
28.67,"","","",72.4705,-21.9329,76.3489,5.9901,0.0340,0.0020,0.1297,-0.0020
28.70,"","","",72.4705,-25.6045,76.3589,-1.0483,0.0339,0.0010,0.1299,-0.0020
28.73,"","","",72.4754,-28.0684,76.3539,-7.0384,0.0338,0.0010,0.1300,-0.0010
28.77,"","","",72.4657,-29.2761,76.3389,-11.9802,0.0338,-0.0010,0.1298,-0.0010
28.80,"","","",72.4512,-29.5177,76.3340,-15.7740,0.0335,0.0000,0.1298,-0.0010
28.83,"","","",72.4319,-29.4694,76.3489,-18.4695,0.0338,-0.0010,0.1300,-0.0010
28.87,"","","",72.4270,-29.2761,76.3689,-19.9670,0.0339,-0.0010,0.1300,-0.0010
28.90,"","","",72.4125,-28.8413,76.3939,-20.6659,0.0340,-0.0010,0.1297,-0.0010
28.93,"","","",72.4077,-28.2133,76.4138,-21.1651,0.0341,0.0000,0.1301,-0.0010
28.97,"","","",72.4174,-27.4887,76.4088,-21.5145,0.0339,0.0000,0.1301,0.0000
29.00,"","","",72.4125,-26.5708,76.3889,-21.5644,0.0338,0.0000,0.1299,0.0000
29.03,"","","",72.4029,-25.5079,76.3839,-21.4146,0.0339,0.0000,0.1301,0.0010
29.07,"","","",72.4029,-24.3002,76.3889,-21.1151,0.0338,0.0000,0.1301,0.0010
29.10,"","","",72.4077,-22.9475,76.3739,-20.6160,0.0337,0.0000,0.1303,0.0020
29.13,"","","",72.4174,-21.4498,76.3839,-19.9670,0.0339,0.0000,0.1303,0.0030
29.17,"","","",72.4125,-19.7590,76.3839,-19.2183,0.0338,0.0000,0.1304,0.0040
29.20,"","","",72.4077,-17.9232,76.3739,-18.2199,0.0338,-0.0010,0.1305,0.0050
29.23,"","","",72.4029,-15.9425,76.3689,-17.1217,0.0336,-0.0010,0.1302,0.0050
29.27,"","","",72.3981,-13.8168,76.3739,-15.8738,0.0333,-0.0030,0.1300,0.0050
29.30,"","","",72.3932,-11.4496,76.3689,-14.4262,0.0337,-0.0030,0.1303,0.0050
29.33,"","","",72.3884,-8.9857,76.3689,-12.9287,0.0340,-0.0040,0.1302,0.0060
29.37,"","","",72.3787,-6.2804,76.3639,-11.1815,0.0342,-0.0050,0.1302,0.0070
29.40,"","","",72.3739,-3.4784,76.3589,-9.2847,0.0338,-0.0030,0.1301,0.0070
29.43,"","","",72.3642,-0.9662,76.3589,-7.2380,0.0338,-0.0030,0.1299,0.0070
29.47,"","","",72.3642,0.5314,76.3589,-5.0916,0.0336,-0.0030,0.1300,0.0070
29.50,"","","",72.3546,1.3044,76.3389,-2.8952,0.0338,-0.0030,0.1302,0.0070
29.53,"","","",72.3497,1.7392,76.3090,-1.4975,0.0335,-0.0030,0.1299,0.0060
29.57,"","","",72.3497,1.9324,76.2890,-0.6988,0.0335,-0.0040,0.1302,0.0060
29.60,"","","",72.3353,2.0773,76.2641,-0.1997,0.0337,-0.0040,0.1303,0.0060
29.63,"","","",72.3353,2.1740,76.2491,0.1498,0.0335,-0.0040,0.1301,0.0060
29.67,"","","",72.3401,2.1257,76.2491,0.3993,0.0337,-0.0040,0.1303,0.0060
29.70,"","","",72.3353,2.1257,76.2441,0.5990,0.0337,-0.0050,0.1303,0.0060
29.73,"","","",72.3304,2.0773,76.2341,0.8486,0.0336,-0.0050,0.1300,0.0050
29.77,"","","",72.3304,2.0290,76.2291,1.0483,0.0343,-0.0040,0.1301,0.0050
29.80,"","","",72.3353,2.0290,76.2291,1.2479,0.0343,-0.0030,0.1301,0.0050
29.83,"","","",72.3256,2.0290,76.2142,1.4476,0.0342,-0.0020,0.1302,0.0050
29.87,"","","",72.3159,2.0773,76.2092,1.6972,0.0343,0.0000,0.1300,0.0040
29.90,"","","",72.3159,2.0773,76.1992,1.9468,0.0343,0.0010,0.1298,0.0030
29.93,"","","",72.3159,2.0290,76.1892,2.1964,0.0344,0.0020,0.1298,0.0020
29.97,"","","",72.3111,2.0290,76.1792,2.4959,0.0343,0.0030,0.1299,0.0020
30.00,"","","",72.3014,1.9807,76.1692,2.6955,0.0341,0.0040,0.1297,0.0000
30.03,"","","",72.2869,1.9807,76.1642,2.8952,0.0339,0.0040,0.1296,-0.0010
30.07,"","","",72.2821,1.9807,76.1642,3.0949,0.0347,0.0060,0.1300,-0.0010
30.10,"","","",72.2869,1.9324,76.1642,3.2946,0.0336,0.0050,0.1294,-0.0030
30.13,"","","",72.2821,1.9324,76.1592,3.4942,0.0338,0.0040,0.1298,-0.0040
30.17,"","","",72.2724,1.9324,76.1443,3.6939,0.0339,0.0040,0.1298,-0.0050
30.20,"","","",72.2724,1.9807,76.1493,3.8437,0.0338,0.0040,0.1300,-0.0050
30.23,"","","",72.2628,2.0290,76.1543,3.8437,0.0338,0.0040,0.1300,-0.0050
30.27,"","","",72.2531,2.0773,76.1293,3.8936,0.0338,0.0040,0.1299,-0.0060
30.30,"","","",72.2531,2.1257,76.1043,3.9435,0.0336,0.0040,0.1299,-0.0060
30.33,"","","",72.2531,2.1257,76.0993,4.0433,0.0337,0.0030,0.1298,-0.0070
30.37,"","","",72.2435,2.1740,76.1043,4.0932,0.0334,0.0020,0.1296,-0.0070
30.40,"","","",72.2338,2.2223,76.1043,4.0932,0.0338,0.0020,0.1299,-0.0070
30.43,"","","",72.2290,2.2706,76.1093,4.0932,0.0338,0.0020,0.1301,-0.0070
30.47,"","","",72.2290,2.2706,76.0993,4.0932,0.0340,0.0020,0.1301,-0.0060
30.50,"","","",72.2290,2.2706,76.0894,4.0433,0.0336,0.0020,0.1299,-0.0050
30.53,"","","",72.2241,2.2223,76.0794,4.0433,0.0337,0.0010,0.1303,-0.0040
30.57,"","","",72.2241,2.2223,76.0943,3.9934,0.0337,0.0000,0.1302,-0.0030
