"Time [s]","Event Name","Chamber","Event Text","O2 Concentration  (A) [nmol/ml]","O2 Slope uncorr.  (A) [pmol/(s*ml)]","O2 Concentration  (B) [nmol/ml]","O2 Slope uncorr.  (B) [pmol/(s*ml)]","TMRM  (A) [µM]","TMRM  (B) [µM]","mtMPrel (A)  [au]","mtMPrel  (B)  [au]"
900.00,"LOff, C57, 3X Tg","Both, Left, Right","Light off, , ",179.5692,1.3470,179.2797,1.9406,0.0263,0.0105,0.0000,0.0000
902.00,"","","",179.5593,1.2473,179.2695,1.9917,0.0262,0.0105,-0.0001,0.0000
904.00,"","","",179.5543,1.1974,179.2593,1.9406,0.0263,0.0104,0.0000,0.0000
906.00,"","","",179.5642,1.1974,179.2440,1.9406,0.0263,0.0104,0.0000,0.0000
908.00,"","","",179.5543,1.2473,179.2337,1.9917,0.0262,0.0104,0.0000,0.0000
910.00,"","","",179.5393,1.3969,179.2491,1.9917,0.0262,0.0106,-0.0001,0.0000
912.00,"","","",179.5243,1.4967,179.2389,1.9917,0.0264,0.0107,0.0001,0.0001
914.00,"","","",179.5393,1.5466,179.1980,2.0428,0.0262,0.0105,0.0000,0.0000
916.00,"","","",179.5742,1.4967,179.1980,2.0939,0.0264,0.0105,0.0001,0.0000
918.00,"","","",179.5792,1.4468,179.2184,2.0939,0.0262,0.0107,0.0000,0.0001
920.00,"","","",179.5493,1.3969,179.2337,2.1449,0.0262,0.0107,0.0000,0.0001
922.00,"","","",179.5343,1.3470,179.2286,2.1960,0.0264,0.0105,0.0001,0.0000
924.00,"","","",179.5193,1.3470,179.2235,2.2471,0.0267,0.0107,0.0002,0.0001
926.00,"","","",179.5144,1.3969,179.2389,2.2471,0.0265,0.0107,0.0001,0.0001
928.00,"","","",179.5193,1.3969,179.2082,2.2981,0.0265,0.0107,0.0001,0.0001
930.00,"","","",179.5144,1.4468,179.1520,2.4513,0.0265,0.0107,0.0001,0.0001
932.00,"","","",179.5193,1.4468,179.1163,2.6556,0.0262,0.0108,-0.0001,0.0001
934.00,"T 0.5","Both","",179.5293,1.4468,179.1214,2.7578,0.0264,0.0107,0.0001,0.0001
936.00,"","","",179.5293,1.3969,179.1418,2.8088,0.0264,0.0108,0.0000,0.0001
938.00,"","","",179.5144,1.4967,179.1316,2.7578,0.2718,0.0109,0.1225,0.0002
940.00,"","","",179.5543,1.4468,179.1214,2.7578,0.4967,0.0108,0.2347,0.0001
942.00,"","","",179.6989,1.0976,179.1112,2.7578,0.4985,0.0108,0.2356,0.0001
944.00,"","","",179.7838,0.5987,179.1112,2.8088,0.4947,0.0185,0.2337,0.0040
946.00,"","","",179.8087,0.1497,179.0907,2.8599,0.4910,0.4009,0.2319,0.1950
948.00,"","","",179.8137,-0.3492,179.1827,2.7578,0.4880,0.5065,0.2304,0.2477
950.00,"","","",179.8037,-0.7982,179.2848,2.5024,0.4850,0.5035,0.2288,0.2462
952.00,"","","",179.8037,-1.1974,179.3512,2.0939,0.4822,0.4992,0.2275,0.2441
954.00,"","","",179.8337,-1.5965,179.3512,1.6853,0.4796,0.4951,0.2262,0.2420
956.00,"","","",179.8586,-2.0455,179.3512,1.2257,0.4775,0.4916,0.2251,0.2403
958.00,"","","",179.8486,-2.4945,179.3665,0.7660,0.4755,0.4885,0.2241,0.2387
960.00,"","","",179.8237,-2.8437,179.3665,0.3064,0.4735,0.4856,0.2231,0.2373
962.00,"","","",179.8087,-3.1431,179.3665,-0.1021,0.4716,0.4829,0.2222,0.2359
964.00,"","","",179.7937,-3.4424,179.3716,-0.4596,0.4697,0.4804,0.2212,0.2347
966.00,"","","",179.7788,-3.6919,179.3614,-0.7150,0.4682,0.4780,0.2205,0.2335
968.00,"","","",179.7738,-3.9413,179.3716,-1.0214,0.4669,0.4759,0.2198,0.2324
970.00,"","","",179.7888,-4.1409,179.3716,-1.2767,0.4653,0.4740,0.2190,0.2315
972.00,"","","",179.7888,-4.3404,179.3818,-1.4810,0.4638,0.4721,0.2183,0.2306
974.00,"","","",179.7937,-4.4901,179.3972,-1.7364,0.4899,0.4706,0.2313,0.2298
976.00,"","","",179.8337,-4.6897,179.4074,-2.0428,0.9265,0.4688,0.4491,0.2289
978.00,"","","",179.9085,-4.9890,179.3972,-2.3492,1.0050,0.4672,0.4883,0.2281
980.00,"","","",179.9684,-5.3382,179.3870,-2.6556,1.0013,0.4658,0.4864,0.2274
982.00,"","","",180.0033,-5.7374,179.3870,-2.9110,0.9966,0.4646,0.4841,0.2268
984.00,"","","",180.0482,-6.1365,179.3767,-3.0642,0.9921,0.8191,0.4819,0.4039
986.00,"T 1.0","Both","",180.0532,-6.4857,179.4278,-3.3195,0.9885,1.0270,0.4801,0.5077
988.00,"","","",180.0532,-6.8349,179.5248,-3.7281,0.9849,1.0258,0.4783,0.5070
990.00,"","","",180.0781,-7.0844,179.5606,-4.1877,0.9818,1.0205,0.4767,0.5044
992.00,"","","",180.0931,-7.3338,179.5351,-4.5452,0.9788,1.0155,0.4752,0.5019
994.00,"","","",180.1031,-7.5833,179.5248,-4.8005,0.9759,1.0112,0.4738,0.4998
996.00,"","","",180.1130,-7.8327,179.5453,-5.0559,0.9732,1.0072,0.4724,0.4978
998.00,"","","",180.0981,-8.0323,179.5453,-5.3112,0.9706,1.0033,0.4711,0.4958
1000.00,"","","",180.0831,-8.0822,179.5606,-5.5666,0.9686,0.9999,0.4702,0.4941
1002.00,"","","",180.0582,-8.0323,179.5708,-5.8730,0.9662,0.9967,0.4689,0.4925
1004.00,"","","",180.0482,-7.8327,179.5963,-6.1283,0.9642,0.9939,0.4679,0.4911
1006.00,"","","",180.0133,-7.5833,179.6066,-6.3837,1.0156,0.9912,0.4936,0.4898
1008.00,"","","",179.9783,-7.1842,179.6014,-6.5880,1.4557,0.9888,0.7132,0.4886
1010.00,"","","",180.0881,-6.9347,179.6321,-6.6390,1.5243,0.9863,0.7474,0.4873
1012.00,"","","",180.2128,-6.8848,179.6219,-6.5880,1.5207,0.9842,0.7456,0.4863
1014.00,"T 1.5","Both","",180.2777,-6.8848,179.5759,-6.4348,1.5163,0.9819,0.7434,0.4852
1016.00,"","","",180.3176,-6.9347,179.5657,-6.2305,1.5121,0.9799,0.7413,0.4841
1018.00,"","","",180.3475,-6.8848,179.5657,-5.9751,1.5082,1.2975,0.7394,0.6428
1020.00,"","","",180.3625,-6.8848,179.6321,-5.8219,1.5046,1.5156,0.7376,0.7517
1022.00,"","","",180.3375,-7.0345,179.7291,-5.7198,1.5012,1.5154,0.7359,0.7516
1024.00,"","","",180.3276,-7.2839,179.7955,-5.7198,1.4981,1.5105,0.7343,0.7491
1026.00,"","","",180.3575,-7.5833,179.8006,-5.6177,1.4952,1.5058,0.7329,0.7468
1028.00,"","","",180.3775,-7.8826,179.8210,-5.6177,1.4926,1.5014,0.7316,0.7446
1030.00,"","","",180.3725,-8.0822,179.8313,-5.8219,1.4903,1.4979,0.7304,0.7428
1032.00,"","","",180.3824,-8.2319,179.8415,-6.1283,1.4880,1.4944,0.7293,0.7411
1034.00,"","","",180.3824,-8.4314,179.8466,-6.3837,1.4855,1.4909,0.7280,0.7394
1036.00,"","","",180.3675,-8.5811,179.8466,-6.5880,1.5183,1.4881,0.7444,0.7379
1038.00,"","","",180.3326,-8.5811,179.8517,-6.7923,1.9568,1.4855,0.9632,0.7366
1040.00,"T 2.0","Both","",180.4074,-8.6310,179.8517,-6.9455,2.0382,1.4827,1.0038,0.7353
1042.00,"","","",180.5072,-8.7806,179.8517,-7.0476,2.0352,1.4801,1.0023,0.7340
1044.00,"","","",180.5770,-8.9802,179.8415,-7.0987,2.0306,1.5472,1.0000,0.7675
1046.00,"","","",180.6269,-9.1798,179.8415,-7.0987,2.0264,1.9777,0.9979,0.9824
1048.00,"","","",180.6469,-9.2795,179.9845,-7.3029,2.0228,2.0251,0.9961,1.0061
1050.00,"","","",180.6469,-9.3793,180.0866,-7.6604,2.0193,2.0201,0.9944,1.0037
1052.00,"","","",180.6469,-9.3294,180.1172,-8.0179,2.0159,2.0150,0.9927,1.0011
1054.00,"","","",180.6369,-9.2795,180.1326,-8.3754,2.0128,2.0107,0.9911,0.9989
1056.00,"","","",180.6369,-9.1798,180.1581,-8.7329,2.0098,2.0066,0.9896,0.9969
1058.00,"","","",180.6369,-9.1299,180.1377,-8.9372,2.0075,2.0029,0.9885,0.9950
1060.00,"","","",180.6319,-9.1299,180.1326,-9.0393,2.0052,1.9994,0.9873,0.9933
1062.00,"","","",180.6419,-9.1798,180.1275,-9.0904,2.0028,1.9961,0.9861,0.9917
1064.00,"","","",180.6369,-9.2297,180.1428,-9.0904,2.0004,1.9933,0.9849,0.9903
1066.00,"","","",180.6269,-9.1798,180.1683,-9.1415,1.9985,1.9905,0.9840,0.9889
1068.00,"","","",180.6169,-9.0800,180.1581,-9.2947,1.9963,1.9879,0.9829,0.9875
1070.00,"","","",180.6219,-9.0301,180.1683,-9.4989,1.9943,1.9853,0.9819,0.9862
1072.00,"","","",180.6319,-8.9303,180.1734,-9.5500,1.9924,1.9831,0.9809,0.9851
1074.00,"","","",180.6369,-8.8305,180.1683,-9.5500,1.9906,1.9809,0.9801,0.9841
1076.00,"","","",180.6219,-8.6310,180.1683,-9.5500,1.9890,1.9786,0.9792,0.9829
1078.00,"","","",180.5870,-8.3316,180.1632,-9.4479,1.9874,1.9764,0.9784,0.9818
1080.00,"","","",180.5620,-7.8826,180.1428,-9.2947,1.9860,1.9746,0.9777,0.9809
1082.00,"","","",180.5521,-7.3837,180.1019,-9.0393,1.9842,1.9727,0.9769,0.9800
1084.00,"","","",180.5371,-6.7352,180.1172,-8.7840,1.9835,1.9709,0.9765,0.9791
1086.00,"","","",180.5271,-5.9868,180.1479,-8.5797,1.9832,1.9691,0.9764,0.9782
1088.00,"","","",180.5072,-5.0389,180.1581,-8.3243,1.9803,1.9673,0.9749,0.9773
1090.00,"","","",180.5072,-4.2905,180.1479,-8.0179,1.9771,1.9656,0.9733,0.9764
1092.00,"","","",180.5271,-3.7916,180.1326,-7.6604,1.9751,1.9639,0.9723,0.9756
1094.00,"","","",180.5670,-3.4424,180.1224,-7.1497,1.9742,1.9623,0.9718,0.9748
1096.00,"","","",180.5970,-3.1930,180.1121,-6.5369,1.9729,1.9608,0.9712,0.9740
1098.00,"","","",180.5770,-2.9435,180.0917,-5.8219,1.9713,1.9590,0.9704,0.9731
1100.00,"","","",180.5521,-2.6442,180.0968,-5.2602,1.9696,1.9576,0.9696,0.9724
1102.00,"","","",180.5321,-2.2451,180.0917,-4.7495,1.9683,1.9563,0.9689,0.9718
1104.00,"","","",180.5221,-1.7960,180.0815,-4.3409,1.9659,1.9548,0.9677,0.9710
1106.00,"","","",180.5371,-1.3969,180.0866,-3.9324,1.9662,1.9535,0.9678,0.9704
1108.00,"","","",180.5571,-1.0976,180.0917,-3.5749,1.9642,1.9520,0.9668,0.9696
1110.00,"","","",180.5521,-0.7484,180.1275,-3.2174,1.9639,1.9506,0.9667,0.9689
1112.00,"","","",180.5471,-0.3492,180.1326,-2.9110,1.9625,1.9494,0.9660,0.9683
1114.00,"","","",180.5521,0.0000,180.1121,-2.5535,1.9605,1.9479,0.9650,0.9676
1116.00,"","","",180.5770,0.3492,180.1019,-2.0939,1.9596,1.9467,0.9646,0.9670
1118.00,"","","",180.5670,0.8481,180.0815,-1.6342,1.9579,1.9454,0.9637,0.9663
1120.00,"","","",180.5371,1.2473,180.0917,-1.1746,1.9566,1.9442,0.9631,0.9657
1122.00,"","","",180.5421,1.4967,180.1019,-0.6639,1.9557,1.9430,0.9626,0.9651
1124.00,"","","",180.5371,1.5965,180.0866,-0.1021,1.9549,1.9419,0.9622,0.9646
1126.00,"","","",180.5171,1.5965,180.0662,0.5107,1.9551,1.9406,0.9623,0.9639
1128.00,"","","",180.5122,1.5965,180.0713,0.8682,1.9559,1.9396,0.9627,0.9634
1130.00,"","","",180.5122,1.5965,180.0815,0.9703,1.9557,1.9383,0.9626,0.9628
1132.00,"","","",180.4972,1.5965,180.0560,1.1235,1.9542,1.9372,0.9619,0.9622
1134.00,"","","",180.4673,1.6464,180.0202,1.2767,1.9533,1.9362,0.9614,0.9617
1136.00,"","","",180.4673,1.6963,180.0151,1.3789,1.9526,1.9349,0.9611,0.9611
1138.00,"","","",180.4722,1.6963,180.0202,1.5321,1.9517,1.9340,0.9607,0.9606
1140.00,"","","",180.4623,1.7462,180.0049,1.6853,1.9507,1.9330,0.9601,0.9601
1142.00,"","","",180.4473,1.7462,179.9896,1.8385,1.9500,1.9317,0.9598,0.9595
1144.00,"","","",180.4323,1.7960,179.9947,1.9917,1.9491,1.9311,0.9593,0.9592
1146.00,"","","",180.4224,1.8459,179.9640,2.0939,1.9482,1.9298,0.9589,0.9585
1148.00,"","","",180.4273,1.8958,179.9487,2.2471,1.9473,1.9287,0.9584,0.9580
1150.00,"Glu","Both","",180.4174,1.9457,179.9487,2.3492,1.9466,1.9277,0.9581,0.9575
1152.00,"","","",180.4224,1.9457,179.9487,2.4513,1.9459,1.9268,0.9577,0.9570
1154.00,"","","",180.3924,1.9457,179.9436,2.5535,1.9376,1.9257,0.9536,0.9565
1156.00,"","","",180.2627,2.1952,179.9436,2.6045,1.8939,1.9247,0.9318,0.9560
1158.00,"","","",180.1679,2.6941,179.9385,2.6556,1.8391,1.9236,0.9045,0.9555
1160.00,"","","",180.0931,3.2927,179.9436,2.7067,1.8158,1.9229,0.8928,0.9551
1162.00,"","","",180.0332,3.9912,179.9487,2.8088,1.8124,1.9222,0.8911,0.9548
1164.00,"","","",179.9933,4.7396,179.8976,3.0131,1.8187,1.9129,0.8943,0.9501
1166.00,"","","",179.9634,5.4879,179.7751,3.3195,1.8281,1.8733,0.8989,0.9303
1168.00,"","","",179.9384,6.3360,179.6627,3.7791,1.8384,1.8366,0.9041,0.9120
1170.00,"","","",179.9135,7.1343,179.6066,4.2898,1.8484,1.8237,0.9091,0.9055
1172.00,"","","",179.8486,7.9325,179.5861,4.8516,1.8599,1.8237,0.9148,0.9056
1174.00,"","","",179.7389,8.8305,179.5708,5.4134,1.8655,1.8287,0.9176,0.9081
1176.00,"","","",179.6989,9.6288,179.5504,5.9241,1.8705,1.8353,0.9201,0.9114
1178.00,"","","",179.7439,10.3272,179.5299,6.5369,1.8757,1.8420,0.9227,0.9147
1180.00,"","","",179.8037,10.8760,179.5095,7.0987,1.8797,1.8483,0.9247,0.9178
1182.00,"","","",179.8237,11.3749,179.4840,7.6094,1.8823,1.8537,0.9260,0.9206
1184.00,"","","",179.8436,11.7741,179.4687,8.1711,1.8847,1.8582,0.9272,0.9228
1186.00,"","","",179.8486,12.0734,179.4636,8.6818,1.8859,1.8621,0.9278,0.9247
1188.00,"","","",179.8337,12.2730,179.4585,9.0904,1.8867,1.8650,0.9282,0.9262
1190.00,"","","",179.8287,12.4725,179.4687,9.3968,1.8872,1.8674,0.9285,0.9274
1192.00,"","","",179.8237,12.5723,179.4636,9.6011,1.8874,1.8688,0.9285,0.9281
1194.00,"","","",179.8087,12.6721,179.4789,9.7543,1.8878,1.8698,0.9288,0.9286
1196.00,"","","",179.8187,12.5723,179.4533,9.9586,1.8876,1.8705,0.9287,0.9289
1198.00,"","","",179.8237,12.4725,179.4023,10.1628,1.8872,1.8708,0.9285,0.9291
1200.00,"","","",179.8187,12.3727,179.3870,10.3671,1.8873,1.8709,0.9285,0.9292
1202.00,"","","",179.8087,12.1732,179.3972,10.4693,1.8868,1.8708,0.9282,0.9291
1204.00,"","","",179.7838,11.9736,179.4278,10.4693,1.8859,1.8705,0.9278,0.9289
1206.00,"","","",179.7688,11.7741,179.4125,10.4693,1.8849,1.8700,0.9273,0.9287
1208.00,"","","",179.7488,11.5246,179.3870,10.4182,1.8840,1.8694,0.9269,0.9284
1210.00,"","","",179.7339,11.2751,179.3665,10.3671,1.8834,1.8689,0.9265,0.9281
1212.00,"","","",179.7439,10.9259,179.3308,10.3161,1.8826,1.8680,0.9262,0.9277
1214.00,"","","",179.7488,10.5767,179.3206,10.3161,1.8817,1.8674,0.9257,0.9274
1216.00,"","","",179.7389,10.1776,179.3206,10.2650,1.8811,1.8666,0.9254,0.9270
1218.00,"","","",179.7289,9.7286,179.3103,10.1628,1.8802,1.8658,0.9250,0.9266
1220.00,"","","",179.7239,9.1798,179.3001,10.0096,1.8796,1.8649,0.9247,0.9261
1222.00,"Pyr","Both","",179.7039,8.6809,179.2797,9.8564,1.8786,1.8641,0.9242,0.9258
1224.00,"","","",179.6740,8.1820,179.2899,9.6521,1.8780,1.8635,0.9239,0.9254
1226.00,"","","",179.6241,7.7330,179.3001,9.3968,1.8608,1.8624,0.9153,0.9249
1228.00,"","","",179.6590,7.1343,179.3001,9.0904,1.8099,1.8617,0.8899,0.9245
1230.00,"","","",179.9484,5.9369,179.2491,8.8350,1.7666,1.8609,0.8683,0.9241
1232.00,"","","",180.1280,4.3903,179.2286,8.5797,1.7168,1.8599,0.8435,0.9236
1234.00,"","","",180.2128,2.6941,179.1418,8.3754,1.6678,1.8355,0.8190,0.9114
1236.00,"","","",180.2228,1.1974,179.2848,7.8647,1.6229,1.7955,0.7966,0.8915
1238.00,"","","",180.1929,-0.0499,179.5504,6.7923,1.5839,1.7582,0.7771,0.8729
1240.00,"","","",180.1829,-1.1475,179.6934,5.4134,1.5505,1.7156,0.7605,0.8516
1242.00,"","","",180.1829,-2.0954,179.7342,3.9834,1.5220,1.6734,0.7462,0.8305
1244.00,"","","",180.1829,-2.9435,179.7547,2.5024,1.4971,1.6339,0.7338,0.8108
1246.00,"","","",180.1729,-3.7418,179.7444,1.3278,1.4754,1.5986,0.7230,0.7932
1248.00,"","","",180.1480,-4.3903,179.7240,0.4086,1.4558,1.5673,0.7132,0.7775
1250.00,"","","",180.1031,-4.8892,179.6934,-0.3575,1.4389,1.5397,0.7048,0.7637
1252.00,"","","",180.0582,-5.1886,179.6729,-1.0725,1.4232,1.5151,0.6970,0.7514
1254.00,"","","",180.0133,-5.1387,179.6270,-1.6342,1.4092,1.4930,0.6900,0.7404
1256.00,"","","",179.9833,-4.9890,179.6168,-2.1449,1.3965,1.4733,0.6836,0.7306
1258.00,"","","",179.9584,-4.7894,179.6117,-2.6045,1.3856,1.4557,0.6782,0.7218
1260.00,"","","",179.9434,-4.6897,179.5861,-2.9110,1.3755,1.4397,0.6731,0.7138
1262.00,"","","",179.8985,-4.5400,179.5606,-3.1663,1.3666,1.4254,0.6687,0.7067
1264.00,"","","",179.8486,-4.3404,179.5248,-3.3195,1.3584,1.4125,0.6646,0.7002
1266.00,"","","",179.8287,-4.0910,179.5095,-3.4217,1.3509,1.4010,0.6609,0.6945
1268.00,"","","",179.8237,-3.7916,179.4840,-3.4727,1.3440,1.3904,0.6574,0.6892
1270.00,"","","",179.7788,-3.4424,179.4278,-3.4217,1.3378,1.3810,0.6543,0.6845
1272.00,"","","",179.7289,-2.9435,179.4074,-3.3706,1.3322,1.3723,0.6515,0.6801
1274.00,"","","",179.6989,-2.4446,179.4278,-3.3195,1.3273,1.3644,0.6491,0.6762
1276.00,"","","",179.6790,-1.8459,179.4074,-3.2685,1.3223,1.3574,0.6466,0.6727
1278.00,"","","",179.6590,-1.2971,179.3665,-2.9620,1.3176,1.3511,0.6443,0.6695
1280.00,"","","",179.5992,-0.6486,179.3359,-2.6556,1.3134,1.3453,0.6422,0.6666
1282.00,"","","",179.5443,0.1497,179.3001,-2.2471,1.3096,1.3400,0.6403,0.6640
1284.00,"","","",179.5094,0.9978,179.2644,-1.8896,1.3057,1.3352,0.6383,0.6616
1286.00,"","","",179.4894,1.8958,179.2082,-1.3789,1.3024,1.3305,0.6367,0.6593
1288.00,"","","",179.4794,2.7938,179.1827,-0.8171,1.2990,1.3264,0.6350,0.6572
1290.00,"","","",179.4545,3.7916,179.1622,-0.1532,1.2958,1.3227,0.6334,0.6553
1292.00,"","","",179.4295,4.7396,179.1469,0.5618,1.2931,1.3191,0.6320,0.6535
1294.00,"","","",179.3896,5.7374,179.1265,1.3278,1.2903,1.3155,0.6307,0.6518
1296.00,"","","",179.3597,6.7850,179.1010,2.0939,1.2879,1.3123,0.6295,0.6501
1298.00,"","","",179.3198,7.8826,179.0499,2.9620,1.2852,1.3090,0.6281,0.6485
1300.00,"","","",179.2899,9.0301,178.9988,3.9324,1.2830,1.3060,0.6270,0.6470
1302.00,"","","",179.2599,10.2275,178.9886,4.9027,1.2808,1.3032,0.6259,0.6456
1304.00,"","","",179.2100,11.5246,178.9682,5.8730,1.2783,1.3004,0.6247,0.6442
1306.00,"","","",179.1751,12.9215,178.9273,6.8944,1.2764,1.2979,0.6237,0.6430
1308.00,"","","",179.1402,14.2686,178.8763,7.9669,1.2742,1.2955,0.6226,0.6417
1310.00,"","","",179.1003,15.1167,178.8456,9.1415,1.2725,1.2930,0.6217,0.6405
1312.00,"","","",179.0604,15.5657,178.8150,10.3671,1.2709,1.2908,0.6210,0.6394
1314.00,"","","",179.0055,15.9149,178.7588,11.8481,1.2691,1.2886,0.6201,0.6383
1316.00,"","","",178.9656,16.1644,178.7179,13.0738,1.2673,1.2863,0.6192,0.6372
1318.00,"","","",178.9257,16.4138,178.6975,13.7888,1.2654,1.2843,0.6182,0.6362
1320.00,"","","",178.8857,16.6633,178.6924,14.1463,1.2644,1.2824,0.6177,0.6352
1322.00,"","","",178.8558,16.8129,178.6873,14.3505,1.2628,1.2805,0.6169,0.6343
1324.00,"","","",178.8359,16.9127,178.6260,14.5038,1.2614,1.2787,0.6162,0.6334
1326.00,"","","",178.8059,16.9626,178.5545,14.7080,1.2603,1.2770,0.6157,0.6325
1328.00,"","","",178.7510,17.0125,178.5086,14.9634,1.2587,1.2754,0.6149,0.6317
1330.00,"","","",178.7261,17.0624,178.4524,15.2187,1.2576,1.2737,0.6143,0.6309
1332.00,"Mal","Both","",178.6812,17.1622,178.4166,15.4741,1.2564,1.2722,0.6137,0.6301
1334.00,"","","",178.6263,17.3118,178.3962,15.7805,1.2585,1.2708,0.6148,0.6294
1336.00,"","","",178.5914,17.4615,178.3860,15.9337,1.2050,1.2693,0.5881,0.6287
1338.00,"","","",178.5914,17.5114,178.3758,16.0358,1.1478,1.2679,0.5595,0.6280
1340.00,"","","",178.5764,17.4615,178.3196,16.1891,1.1217,1.2667,0.5465,0.6274
1342.00,"","","",178.5315,17.5114,178.3758,16.1891,1.1092,1.2457,0.5403,0.6169
1344.00,"","","",178.4766,17.6112,178.3451,16.1380,1.1030,1.1753,0.5372,0.5817
1346.00,"","","",178.4218,17.7110,178.3247,16.0869,1.0993,1.1377,0.5354,0.5629
1348.00,"","","",178.3819,17.7609,178.2736,16.0869,1.0970,1.1207,0.5342,0.5545
1350.00,"","","",178.3419,17.8606,178.2226,16.1380,1.0958,1.1124,0.5336,0.5503
1352.00,"","","",178.3070,17.9604,178.1664,16.2401,1.0951,1.1076,0.5333,0.5479
1354.00,"","","",178.2422,18.1101,178.1255,16.2401,1.0945,1.1048,0.5330,0.5465
1356.00,"","","",178.1723,18.2598,178.0745,16.2401,1.0942,1.1028,0.5328,0.5455
1358.00,"","","",178.1075,18.4593,178.0183,16.2912,1.0942,1.1017,0.5328,0.5450
1360.00,"","","",178.0376,18.7587,177.9519,16.4444,1.0942,1.1010,0.5328,0.5446
1362.00,"","","",177.9777,19.1079,177.8957,16.5976,1.0944,1.1003,0.5329,0.5443
1364.00,"","","",177.9129,19.5070,177.8344,16.8530,1.0946,1.1001,0.5330,0.5442
1366.00,"","","",177.8281,19.9560,177.7783,17.1083,1.0945,1.0998,0.5330,0.5440
1368.00,"","","",177.7433,20.4050,177.7272,17.4147,1.0949,1.0995,0.5331,0.5439
1370.00,"","","",177.6834,20.9039,177.6914,17.7211,1.0949,1.0995,0.5331,0.5439
1372.00,"","","",177.6435,21.3030,177.6404,17.9765,1.0949,1.0994,0.5332,0.5438
1374.00,"","","",177.5936,21.7022,177.5893,18.2318,1.0950,1.0994,0.5332,0.5438
1376.00,"","","",177.5237,22.1512,177.5280,18.4872,1.0958,1.0994,0.5336,0.5438
1378.00,"","","",177.4639,22.5503,177.4667,18.7936,1.0958,1.0992,0.5336,0.5437
1380.00,"","","",177.4190,22.9993,177.3901,19.2022,1.0959,1.0993,0.5337,0.5438
1382.00,"","","",177.3641,23.3485,177.3493,19.5596,1.0961,1.0992,0.5338,0.5437
1384.00,"","","",177.2843,23.7976,177.3288,19.8661,1.0962,1.0993,0.5338,0.5438
1386.00,"","","",177.1995,24.2965,177.2522,20.2235,1.0963,1.0993,0.5339,0.5438
1388.00,"","","",177.1396,24.7954,177.2012,20.5810,1.0966,1.0993,0.5340,0.5438
1390.00,"","","",177.0648,25.2943,177.1654,20.9385,1.0966,1.0993,0.5340,0.5438
1392.00,"","","",176.9999,25.8430,177.1093,21.2960,1.0967,1.0994,0.5341,0.5438
1394.00,"","","",176.9400,26.3918,177.0429,21.7046,1.0969,1.0992,0.5342,0.5437
1396.00,"","","",176.8802,26.8907,176.9918,22.1642,1.0969,1.0992,0.5342,0.5437
1398.00,"","","",176.8103,27.4395,176.9458,22.5727,1.0973,1.0992,0.5343,0.5437
1400.00,"","","",176.7255,28.0382,176.8794,22.9302,1.0972,1.0992,0.5343,0.5437
1402.00,"","","",176.6606,28.5371,176.8028,23.2877,1.0971,1.0992,0.5342,0.5437
1404.00,"","","",176.6207,29.0360,176.7262,23.6963,1.0973,1.0992,0.5343,0.5437
1406.00,"","","",176.5808,29.3852,176.6649,24.2070,1.0977,1.0993,0.5346,0.5438
1408.00,"","","",176.5259,29.7844,176.6394,24.6666,1.0978,1.0990,0.5346,0.5436
1410.00,"","","",176.4361,30.1336,176.6037,25.0752,1.0978,1.0990,0.5346,0.5436
1412.00,"","","",176.3314,30.5826,176.5271,25.5859,1.0979,1.0990,0.5347,0.5436
1414.00,"","","",176.2515,31.0316,176.4453,26.0965,1.0979,1.0990,0.5347,0.5436
1416.00,"","","",176.1967,31.4806,176.3841,26.5562,1.0982,1.0989,0.5348,0.5436
1418.00,"","","",176.1468,31.7301,176.3483,26.8626,1.0981,1.0990,0.5348,0.5436
1420.00,"","","",176.0919,31.9296,176.2870,27.2711,1.0982,1.0990,0.5348,0.5436
1422.00,"","","",176.0520,32.0294,176.1951,27.4754,1.0984,1.0988,0.5349,0.5435
1424.00,"","","",175.9971,32.1292,176.0981,27.7818,1.0982,1.0989,0.5348,0.5436
1426.00,"","","",175.9472,32.1791,176.0317,27.9861,1.0985,1.0990,0.5349,0.5436
1428.00,"","","",175.8973,32.1292,175.9857,28.1904,1.0985,1.0990,0.5350,0.5436
1430.00,"","","",175.8125,32.1292,175.9602,28.2925,1.0986,1.0989,0.5350,0.5436
1432.00,"","","",175.7227,32.0793,175.9193,28.3947,1.0989,1.0989,0.5352,0.5436
1434.00,"","","",175.6529,32.0793,175.8632,28.4968,1.0990,1.0990,0.5352,0.5436
1436.00,"ADP","Both","",175.5930,32.0793,175.7865,28.5479,1.0990,1.0991,0.5352,0.5437
1438.00,"","","",175.5182,32.0793,175.7457,28.6500,1.0993,1.0990,0.5353,0.5436
1440.00,"","","",175.4433,32.0793,175.7151,28.6500,1.1010,1.0990,0.5362,0.5436
1442.00,"","","",175.4134,32.0793,175.6436,28.7011,1.1918,1.0989,0.5815,0.5436
1444.00,"","","",175.3535,32.0294,175.5772,28.8032,1.3360,1.0988,0.6535,0.5435
1446.00,"","","",175.2637,32.0793,175.5159,28.9054,1.4243,1.0989,0.6975,0.5436
1448.00,"","","",175.0991,32.3287,175.4648,28.9564,1.4712,1.0989,0.7209,0.5436
1450.00,"","","",174.8646,32.8775,175.3933,29.0586,1.4973,1.1168,0.7339,0.5525
1452.00,"","","",174.6102,33.7257,175.3269,29.1097,1.5130,1.2441,0.7418,0.6161
1454.00,"","","",174.3408,34.8731,175.3065,29.0586,1.5238,1.3645,0.7472,0.6762
1456.00,"","","",174.0314,36.4197,175.1992,29.1607,1.5314,1.4335,0.7509,0.7107
1458.00,"","","",173.7121,38.3156,175.0154,29.4671,1.5372,1.4696,0.7538,0.7287
1460.00,"","","",173.3928,40.5606,174.8009,30.1310,1.5417,1.4900,0.7561,0.7389
1462.00,"","","",173.0436,43.1549,174.5507,31.0503,1.5449,1.5031,0.7577,0.7454
1464.00,"","","",172.6645,46.1483,174.2698,32.2760,1.5474,1.5119,0.7589,0.7498
1466.00,"","","",172.3052,49.5907,173.9532,33.9102,1.5495,1.5182,0.7600,0.7530
1468.00,"","","",171.9410,53.3325,173.6110,35.9530,1.5509,1.5231,0.7607,0.7554
1470.00,"","","",171.5469,57.4733,173.2841,38.3532,1.5518,1.5268,0.7611,0.7573
1472.00,"","","",171.1478,61.9135,172.9471,41.1110,1.5527,1.5294,0.7616,0.7586
1474.00,"","","",170.7636,66.6531,172.5845,44.2773,1.5534,1.5315,0.7619,0.7596
1476.00,"","","",170.3945,71.5922,172.2270,47.8011,1.5537,1.5332,0.7620,0.7605
1478.00,"","","",170.0203,76.7309,171.8950,51.5292,1.5540,1.5343,0.7622,0.7610
1480.00,"","","",169.6361,82.1190,171.5580,55.5126,1.5540,1.5354,0.7622,0.7616
1482.00,"","","",169.2420,87.6568,171.1903,59.8535,1.5540,1.5359,0.7622,0.7618
1484.00,"","","",168.8329,93.3443,170.8481,64.4498,1.5538,1.5366,0.7621,0.7622
1486.00,"","","",168.4038,99.1814,170.4957,69.2503,1.5538,1.5368,0.7621,0.7623
1488.00,"","","",167.9947,105.0684,170.1280,74.1530,1.5534,1.5369,0.7619,0.7623
1490.00,"","","",167.6106,111.0552,169.7808,79.2089,1.5530,1.5371,0.7617,0.7624
1492.00,"","","",167.2214,117.1418,169.4233,84.3669,1.5525,1.5371,0.7615,0.7624
1494.00,"","","",166.8124,123.2284,169.0811,89.6782,1.5521,1.5370,0.7613,0.7624
1496.00,"","","",166.3733,129.3649,168.7032,95.0915,1.5518,1.5367,0.7611,0.7622
1498.00,"","","",165.9443,135.5014,168.3304,100.5560,1.5514,1.5363,0.7609,0.7620
1500.00,"","","",165.5202,141.4882,167.9576,106.0715,1.5508,1.5362,0.7606,0.7620
1502.00,"","","",165.0961,147.3752,167.5695,111.6891,1.5503,1.5356,0.7604,0.7617
1504.00,"","","",164.7020,153.0627,167.1813,117.3579,1.5500,1.5352,0.7602,0.7615
1506.00,"","","",164.3178,158.5007,166.7932,123.0777,1.5495,1.5348,0.7600,0.7613
1508.00,"","","",163.9237,163.6393,166.4153,128.6442,1.5492,1.5345,0.7598,0.7611
1510.00,"","","",163.5146,168.5785,166.0731,134.0576,1.5485,1.5339,0.7595,0.7608
1512.00,"","","",163.0955,173.2681,165.7054,139.2667,1.5481,1.5335,0.7593,0.7606
1514.00,"","","",162.6765,177.7083,165.3224,144.3226,1.5474,1.5329,0.7589,0.7603
1516.00,"","","",162.2474,181.8492,164.9189,149.2763,1.5467,1.5323,0.7586,0.7600
1518.00,"","","",161.7984,185.6907,164.5104,154.0258,1.5462,1.5318,0.7583,0.7598
1520.00,"","","",161.3544,189.1830,164.1325,158.5199,1.5458,1.5313,0.7581,0.7595
1522.00,"","","",160.9203,192.1764,163.7597,162.7076,1.5451,1.5308,0.7578,0.7593
1524.00,"","","",160.4913,194.7707,163.3971,166.5379,1.5448,1.5301,0.7576,0.7590
1526.00,"","","",160.0572,196.9160,163.0141,170.1127,1.5441,1.5297,0.7573,0.7587
1528.00,"","","",159.6232,198.7619,162.5953,173.3301,1.5433,1.5291,0.7569,0.7584
1530.00,"","","",159.2091,200.3085,162.2072,176.1900,1.5427,1.5285,0.7566,0.7581
1532.00,"","","",158.7900,201.7054,161.8548,178.6413,1.5421,1.5280,0.7563,0.7579
1534.00,"","","",158.3759,202.8529,161.4973,180.4798,1.5415,1.5274,0.7560,0.7576
1536.00,"","","",157.9569,203.9006,161.1449,181.8587,1.5408,1.5267,0.7556,0.7573
1538.00,"","","",157.5627,204.7487,160.7568,182.9823,1.5403,1.5262,0.7554,0.7570
1540.00,"","","",157.1486,205.4472,160.3533,183.9526,1.5399,1.5256,0.7552,0.7567
1542.00,"","","",156.7445,206.0459,159.9805,184.7186,1.5394,1.5251,0.7549,0.7564
1544.00,"","","",156.3305,206.5947,159.6077,185.3315,1.5389,1.5247,0.7547,0.7562
1546.00,"","","",155.9064,207.0936,159.2196,185.8932,1.5383,1.5240,0.7544,0.7559
1548.00,"","","",155.4823,207.5426,158.8417,186.4039,1.5380,1.5236,0.7542,0.7557
1550.00,"","","",155.0383,207.9916,158.4638,186.8635,1.5375,1.5229,0.7540,0.7553
1552.00,"","","",154.6043,208.4406,158.0603,187.3232,1.5367,1.5226,0.7536,0.7552
1554.00,"","","",154.1802,208.8896,157.6671,187.7828,1.5364,1.5222,0.7535,0.7550
1556.00,"","","",153.7811,209.1890,157.2840,188.2935,1.5361,1.5216,0.7533,0.7547
1558.00,"","","",153.3670,209.3885,156.9112,188.6510,1.5359,1.5211,0.7532,0.7544
1560.00,"","","",152.9579,209.5881,156.5486,188.9574,1.5354,1.5205,0.7529,0.7541
1562.00,"","","",152.5538,209.6380,156.1554,189.2638,1.5347,1.5203,0.7526,0.7540
1564.00,"","","",152.1347,209.7377,155.7520,189.5702,1.5341,1.5197,0.7523,0.7537
1566.00,"","","",151.7056,209.8375,155.3945,189.7745,1.5338,1.5191,0.7522,0.7535
1568.00,"","","",151.2766,209.9872,155.0217,189.9277,1.5335,1.5187,0.7520,0.7532
1570.00,"","","",150.8376,210.0870,154.6284,190.0809,1.5331,1.5184,0.7518,0.7531
1572.00,"","","",150.3985,210.1369,154.2403,190.2341,1.5300,1.5177,0.7502,0.7527
1574.00,"","","",149.9046,210.3364,153.8522,190.2852,1.5290,1.5173,0.7497,0.7525
1576.00,"","","",149.5953,210.3364,153.4691,190.3873,1.5314,1.5170,0.7509,0.7524
1578.00,"","","",149.2361,210.2865,153.0810,190.4384,1.5225,1.5166,0.7465,0.7522
1580.00,"Succ","Both","",148.8220,210.1868,152.6980,190.4895,1.5121,1.5146,0.7413,0.7512
1582.00,"","","",148.3780,210.1868,152.2639,190.6427,1.5027,1.5119,0.7366,0.7498
1584.00,"","","",147.9240,210.1868,151.9779,190.6427,1.4948,1.5135,0.7327,0.7506
1586.00,"","","",147.4800,210.1868,151.6511,190.5916,1.4882,1.5056,0.7294,0.7467
1588.00,"","","",147.0160,210.1868,151.2732,190.4895,1.4821,1.4964,0.7264,0.7421
1590.00,"","","",146.5420,210.2865,150.8799,190.3363,1.4774,1.4879,0.7240,0.7379
1592.00,"","","",146.0531,210.4861,150.4918,190.2341,1.4733,1.4805,0.7219,0.7342
1594.00,"","","",145.5941,210.6857,150.0730,190.1831,1.4695,1.4742,0.7200,0.7310
1596.00,"","","",145.1551,210.9850,149.6594,190.1831,1.4661,1.4691,0.7183,0.7284
1598.00,"","","",144.6911,211.3342,149.2355,190.3873,1.4633,1.4643,0.7170,0.7261
1600.00,"","","",144.2271,211.8331,148.8167,190.5916,1.4608,1.4604,0.7157,0.7241
1602.00,"","","",143.7781,212.3320,148.4133,190.8470,1.4586,1.4567,0.7146,0.7223
1604.00,"","","",143.3191,212.8808,147.9945,191.1023,1.4568,1.4536,0.7137,0.7207
1606.00,"","","",142.8701,213.5294,147.5655,191.4598,1.4552,1.4510,0.7129,0.7194
1608.00,"","","",142.4211,214.1780,147.1518,191.9194,1.4537,1.4485,0.7122,0.7182
1610.00,"","","",141.9621,214.8764,146.7484,192.4301,1.4523,1.4465,0.7115,0.7172
1612.00,"","","",141.4832,215.6248,146.3296,192.9408,1.4511,1.4447,0.7109,0.7163
1614.00,"","","",141.0242,216.3731,145.9262,193.4004,1.4502,1.4430,0.7104,0.7154
1616.00,"","","",140.5702,217.1714,145.5329,193.7579,1.4492,1.4416,0.7099,0.7147
1618.00,"","","",140.1112,217.8698,145.1550,194.1665,1.4484,1.4400,0.7095,0.7139
1620.00,"","","",139.6572,218.6182,144.7567,194.5750,1.4475,1.4389,0.7091,0.7134
1622.00,"","","",139.2132,219.2667,144.3583,194.9325,1.4467,1.4379,0.7087,0.7129
1624.00,"","","",138.7442,219.9652,143.9651,195.2900,1.4461,1.4367,0.7084,0.7123
1626.00,"","","",138.2802,220.6637,143.5361,195.7496,1.4457,1.4359,0.7082,0.7119
1628.00,"","","",137.8362,221.3621,143.1020,196.2093,1.4452,1.4350,0.7079,0.7115
1630.00,"","","",137.3922,222.0107,142.6782,196.7200,1.4443,1.4343,0.7075,0.7111
1632.00,"","","",136.9482,222.7092,142.2492,197.2817,1.4437,1.4335,0.7072,0.7107
1634.00,"","","",136.5041,223.3577,141.8406,197.8946,1.4432,1.4328,0.7070,0.7103
1636.00,"","","",136.0402,223.9564,141.4678,198.4563,1.4430,1.4324,0.7068,0.7101
1638.00,"","","",135.5662,224.5551,141.0644,198.9670,1.4427,1.4316,0.7067,0.7098
1640.00,"","","",135.1172,225.1039,140.6405,199.4267,1.4420,1.4313,0.7063,0.7096
1642.00,"","","",134.6482,225.6028,140.2421,199.9373,1.4417,1.4305,0.7062,0.7092
1644.00,"","","",134.1843,226.1017,139.8438,200.4480,1.4412,1.4299,0.7060,0.7089
1646.00,"","","",133.7303,226.5507,139.4352,200.8566,1.4408,1.4296,0.7057,0.7087
1648.00,"","","",133.2763,226.9498,139.0318,201.2652,1.4405,1.4291,0.7056,0.7085
1650.00,"","","",132.8273,227.3489,138.6079,201.6737,1.4400,1.4286,0.7053,0.7082
1652.00,"","","",132.3733,227.7481,138.1840,202.1333,1.4397,1.4281,0.7052,0.7080
1654.00,"","","",131.8993,228.2470,137.7704,202.5930,1.4395,1.4276,0.7051,0.7077
1656.00,"","","",131.4303,228.4964,137.3516,203.0526,1.4391,1.4273,0.7049,0.7076
1658.00,"","","",130.9713,228.5962,136.9481,203.4611,1.4388,1.4271,0.7047,0.7075
1660.00,"","","",130.5024,228.6461,136.5549,203.8186,1.4385,1.4265,0.7046,0.7072
1662.00,"","","",130.0384,228.6960,136.1259,204.2783,1.4383,1.4262,0.7045,0.7071
1664.00,"","","",129.5844,228.6960,135.7174,204.4825,1.4378,1.4259,0.7042,0.7069
1666.00,"","","",129.1304,228.6461,135.3088,204.5847,1.4375,1.4255,0.7041,0.7067
1668.00,"","","",128.6814,228.5962,134.8900,204.6357,1.4374,1.4252,0.7040,0.7065
1670.00,"","","",128.2074,228.6461,134.4662,204.6868,1.4370,1.4250,0.7038,0.7064
1672.00,"","","",127.7385,228.7459,134.0780,204.6357,1.4368,1.4244,0.7037,0.7061
1674.00,"","","",127.2545,228.8955,133.6593,204.6357,1.4365,1.4240,0.7036,0.7060
1676.00,"","","",126.7856,228.9953,133.2303,204.6868,1.4365,1.4236,0.7036,0.7057
1678.00,"Olig","Both","",126.3216,229.1450,132.7911,204.7890,1.4359,1.4233,0.7033,0.7056
1680.00,"","","",125.8576,229.3445,132.3825,204.9422,1.4344,1.4231,0.7025,0.7055
1682.00,"","","",125.5433,229.1949,131.9944,204.9932,1.3778,1.4228,0.6743,0.7054
1684.00,"","","",125.8576,227.6982,131.5807,205.0954,1.1679,1.4223,0.5696,0.7051
1686.00,"","","",126.1819,224.8045,131.1466,205.2486,1.0455,1.4218,0.5085,0.7048
1688.00,"","","",126.3016,220.9630,130.7126,205.5039,1.0105,1.4216,0.4910,0.7047
1690.00,"","","",126.3116,216.5228,130.2682,205.7593,1.0048,1.4211,0.4882,0.7045
1692.00,"","","",126.2717,211.5837,129.9874,205.7593,1.0078,1.3930,0.4897,0.6905
1694.00,"","","",126.1919,206.2454,130.2529,204.5847,1.0123,1.2074,0.4920,0.5978
1696.00,"","","",126.0721,200.6578,130.5287,202.1333,1.0162,1.0589,0.4939,0.5236
1698.00,"","","",125.9424,194.7707,130.5900,198.9670,1.0200,1.0069,0.4958,0.4976
1700.00,"","","",125.8027,188.6841,130.5644,195.1879,1.0227,0.9939,0.4972,0.4911
1702.00,"","","",125.6680,182.4479,130.4674,191.0002,1.0251,0.9939,0.4983,0.4911
1704.00,"","","",125.5283,176.0620,130.3755,186.5061,1.0270,0.9970,0.4993,0.4927
1706.00,"","","",125.3787,169.5763,130.2785,181.6544,1.0286,1.0004,0.5001,0.4944
1708.00,"","","",125.2340,163.0407,130.1559,176.7007,1.0295,1.0032,0.5005,0.4958
1710.00,"","","",125.0893,156.4053,130.0231,171.5427,1.0304,1.0056,0.5010,0.4970
1712.00,"","","",124.9496,149.7699,129.9108,166.2314,1.0314,1.0073,0.5015,0.4978
1714.00,"","","",124.8049,143.0846,129.8086,160.7159,1.0320,1.0086,0.5018,0.4985
1716.00,"","","",124.6453,136.5491,129.6912,155.0472,1.0326,1.0096,0.5020,0.4990
1718.00,"","","",124.5056,130.0633,129.5890,149.2253,1.0330,1.0104,0.5023,0.4994
1720.00,"","","",124.3410,123.6774,129.4920,143.3012,1.0332,1.0109,0.5024,0.4996
1722.00,"","","",124.1763,117.5409,129.3950,137.2750,1.0334,1.0115,0.5025,0.4999
1724.00,"","","",124.0366,111.5541,129.2673,131.2488,1.0335,1.0117,0.5025,0.5000
1726.00,"","","",123.8870,105.7669,129.1600,125.2226,1.0338,1.0121,0.5027,0.5002
1728.00,"","","",123.7373,100.1792,129.0477,119.1964,1.0336,1.0123,0.5026,0.5003
1730.00,"","","",123.5826,94.8410,128.9302,113.2723,1.0335,1.0123,0.5025,0.5003
1732.00,"","","",123.4379,89.8021,128.7974,107.4504,1.0336,1.0122,0.5026,0.5003
1734.00,"","","",123.2833,85.1124,128.6800,101.8327,1.0335,1.0122,0.5025,0.5003
1736.00,"","","",123.1236,80.7720,128.5523,96.3683,1.0335,1.0121,0.5025,0.5002
1738.00,"","","",122.9590,76.8806,128.4246,91.0570,1.0335,1.0118,0.5025,0.5001
1740.00,"","","",122.8193,73.3883,128.3174,85.9501,1.0338,1.0115,0.5027,0.4999
1742.00,"","","",122.6696,70.2951,128.1948,81.0985,1.0333,1.0114,0.5024,0.4999
1744.00,"","","",122.5250,67.7008,128.0620,76.5022,1.0333,1.0112,0.5024,0.4998
1746.00,"","","",122.3653,65.6054,127.9344,72.2634,1.0333,1.0111,0.5024,0.4997
1748.00,"","","",122.1907,64.0588,127.8067,68.3311,1.0333,1.0109,0.5024,0.4996
1750.00,"","","",122.0360,63.0610,127.6637,64.8073,1.0331,1.0104,0.5023,0.4994
1752.00,"","","",121.8914,62.6619,127.5462,61.6410,1.0329,1.0104,0.5022,0.4994
1754.00,"","","",121.7467,62.9612,127.4492,58.8321,1.0329,1.0101,0.5022,0.4992
1756.00,"","","",121.5721,63.9091,127.3317,56.4319,1.0326,1.0097,0.5021,0.4990
1758.00,"","","",121.4074,65.5555,127.2194,54.5934,1.0325,1.0093,0.5020,0.4989
1760.00,"","","",121.2478,67.9502,127.0917,53.2145,1.0326,1.0091,0.5021,0.4987
1762.00,"","","",121.0831,70.8439,126.9794,52.2952,1.0325,1.0088,0.5020,0.4986
1764.00,"","","",120.9235,72.9891,126.8466,51.9888,1.0324,1.0086,0.5020,0.4985
1766.00,"","","",120.7589,74.3362,126.6934,52.2952,1.0324,1.0084,0.5020,0.4984
1768.00,"","","",120.6142,75.1843,126.5708,53.2656,1.0325,1.0081,0.5020,0.4982
1770.00,"","","",120.4695,75.7830,126.4380,54.9509,1.0323,1.0077,0.5019,0.4980
1772.00,"","","",120.2949,76.2320,126.3052,57.0447,1.0325,1.0073,0.5020,0.4978
1774.00,"","","",120.1203,76.5812,126.1929,58.5257,1.0324,1.0072,0.5020,0.4978
1776.00,"","","",119.9556,76.8806,126.0805,59.2407,1.0323,1.0070,0.5019,0.4977
1778.00,"","","",119.8109,77.1300,125.9529,59.7003,1.0324,1.0067,0.5020,0.4975
1780.00,"","","",119.6463,77.3795,125.8252,60.0067,1.0324,1.0063,0.5020,0.4973
1782.00,"","","",119.4817,77.6289,125.6975,60.2621,1.0323,1.0061,0.5019,0.4972
1784.00,"","","",119.3120,77.8285,125.5647,60.5174,1.0321,1.0061,0.5018,0.4972
1786.00,"","","",119.1524,78.0779,125.4269,60.7217,1.0323,1.0058,0.5019,0.4971
1788.00,"","","",118.9728,78.2775,125.2941,60.9771,1.0321,1.0056,0.5018,0.4970
1790.00,"","","",118.7932,78.5768,125.1664,61.2835,1.0320,1.0053,0.5017,0.4968
1792.00,"","","",118.6285,78.8263,125.0336,61.5388,1.0321,1.0054,0.5018,0.4969
1794.00,"","","",118.4639,79.0258,124.9264,61.7942,1.0319,1.0050,0.5017,0.4967
1796.00,"","","",118.3192,79.2254,124.8140,61.9985,1.0318,1.0049,0.5017,0.4966
1798.00,"","","",118.1596,79.4249,124.6914,62.1517,1.0319,1.0046,0.5017,0.4965
1800.00,"F 125","Both","",117.9999,79.6245,124.5485,62.3049,1.0318,1.0045,0.5017,0.4964
1802.00,"","","",117.8453,79.8241,124.4208,62.4070,1.0318,1.0043,0.5017,0.4963
1804.00,"","","",117.6707,79.9737,124.2982,62.5091,1.0923,1.0042,0.5319,0.4963
1806.00,"","","",117.5509,80.0735,124.1603,62.6113,1.3744,1.0039,0.6726,0.4961
1808.00,"","","",117.4960,79.9737,124.0224,62.7134,1.4498,1.0039,0.7102,0.4961
1810.00,"","","",117.2715,79.9737,123.8846,62.8156,1.4625,1.0038,0.7165,0.4961
1812.00,"","","",116.9024,80.3729,123.7364,62.9688,1.4662,1.0034,0.7184,0.4959
1814.00,"","","",116.4533,81.2709,123.6139,63.1220,1.4660,1.1071,0.7183,0.5477
1816.00,"","","",115.9944,82.6179,123.5730,63.0709,1.4654,1.3652,0.7180,0.6766
1818.00,"","","",115.5753,84.4140,123.4709,63.0198,1.4654,1.4242,0.7180,0.7060
1820.00,"","","",115.1612,86.5592,123.2513,63.1220,1.4659,1.4351,0.7183,0.7115
1822.00,"","","",114.7571,89.0038,122.9704,63.4795,1.4661,1.4383,0.7183,0.7131
1824.00,"","","",114.3430,91.7478,122.6231,64.2455,1.4668,1.4398,0.7187,0.7138
1826.00,"","","",113.9089,94.8410,122.2759,65.3690,1.4678,1.4411,0.7192,0.7145
1828.00,"","","",113.4599,98.2335,121.8928,66.9011,1.4683,1.4420,0.7194,0.7149
1830.00,"","","",112.9910,102.0251,121.4843,68.9439,1.4692,1.4429,0.7199,0.7154
1832.00,"","","",112.5320,106.0662,121.0910,71.3442,1.4698,1.4437,0.7202,0.7158
1834.00,"","","",112.0630,110.3568,120.7233,73.9487,1.4701,1.4448,0.7203,0.7163
1836.00,"","","",111.6040,114.9467,120.3556,76.8597,1.4700,1.4454,0.7203,0.7166
1838.00,"","","",111.1700,119.6862,119.9522,80.0771,1.4700,1.4463,0.7203,0.7171
1840.00,"","","",110.7409,124.5255,119.5436,83.6009,1.4703,1.4468,0.7204,0.7173
1842.00,"","","",110.3169,129.5146,119.1708,87.2779,1.4706,1.4474,0.7206,0.7176
1844.00,"","","",109.8978,134.5534,118.8031,91.1592,1.4704,1.4479,0.7205,0.7179
1846.00,"","","",109.4787,139.6422,118.4252,95.2958,1.4705,1.4484,0.7206,0.7181
1848.00,"","","",109.0596,144.7310,118.0371,99.6367,1.4701,1.4488,0.7203,0.7183
1850.00,"","","",108.6406,149.7699,117.6438,104.0798,1.4700,1.4492,0.7203,0.7185
1852.00,"","","",108.2165,154.8088,117.2659,108.6760,1.4710,1.4494,0.7208,0.7186
1854.00,"","","",107.7525,159.8976,116.8727,113.3744,1.4707,1.4497,0.7206,0.7188
1856.00,"","","",107.2885,164.9864,116.4744,118.1239,1.4712,1.4501,0.7209,0.7190
1858.00,"","","",106.8296,170.0253,116.1015,122.9244,1.4712,1.4502,0.7209,0.7190
1860.00,"","","",106.3855,174.9644,115.7236,127.6739,1.4705,1.4502,0.7206,0.7190
1862.00,"","","",105.9515,179.7538,115.3202,132.5255,1.4697,1.4502,0.7202,0.7190
1864.00,"","","",105.5524,184.3437,114.9065,137.3771,1.4699,1.4504,0.7203,0.7191
1866.00,"","","",105.1632,188.6841,114.5133,142.2287,1.4698,1.4505,0.7202,0.7192
1868.00,"","","",104.7641,192.7751,114.1149,147.0803,1.4697,1.4505,0.7201,0.7192
1870.00,"","","",104.3450,196.6167,113.7319,151.7787,1.4698,1.4504,0.7202,0.7191
1872.00,"","","",103.9160,200.2087,113.3336,156.3750,1.4697,1.4503,0.7202,0.7191
1874.00,"","","",103.4919,203.5514,112.9352,160.8691,1.4697,1.4504,0.7201,0.7191
1876.00,"","","",103.0678,206.4949,112.5471,165.1079,1.4695,1.4502,0.7200,0.7190
1878.00,"","","",102.6338,209.1391,112.1641,169.1424,1.4693,1.4502,0.7200,0.7190
1880.00,"","","",102.2047,211.4340,111.7708,173.0237,1.4692,1.4502,0.7199,0.7190
1882.00,"","","",101.7657,213.3298,111.3878,176.6496,1.4692,1.4501,0.7199,0.7189
1884.00,"","","",101.3317,214.8265,111.0048,179.9691,1.4692,1.4499,0.7199,0.7189
1886.00,"","","",100.8976,215.8243,110.6116,183.0333,1.4692,1.4498,0.7199,0.7188
1888.00,"","","",100.4536,216.2235,110.2183,185.7911,1.4692,1.4497,0.7199,0.7188
1890.00,"","","",100.0146,216.2235,109.8455,188.2424,1.4690,1.4497,0.7198,0.7188
1892.00,"","","",99.5755,216.0738,109.4676,190.3363,1.4689,1.4497,0.7197,0.7188
1894.00,"F 250","Both","",99.1565,215.9740,109.0744,192.0216,1.4687,1.4494,0.7196,0.7186
1896.00,"","","",98.7274,215.9241,108.7067,193.1451,1.4677,1.4491,0.7192,0.7185
1898.00,"","","",98.3283,215.7744,108.3237,193.7069,1.6142,1.4493,0.7922,0.7186
1900.00,"","","",98.0738,215.2755,107.9355,194.0133,1.6939,1.4491,0.8320,0.7185
1902.00,"","","",97.7196,214.6270,107.5423,194.1665,1.7027,1.4490,0.8364,0.7184
1904.00,"","","",97.2457,214.0283,107.1542,194.2176,1.7043,1.4587,0.8372,0.7233
1906.00,"","","",96.7119,213.6292,106.8018,194.1154,1.7053,1.6146,0.8377,0.8011
1908.00,"","","",96.1281,213.5294,106.5618,193.7579,1.7055,1.6672,0.8378,0.8274
1910.00,"","","",95.5095,213.8287,106.1941,193.4515,1.7058,1.6736,0.8380,0.8306
1912.00,"","","",94.8809,214.5771,105.7395,193.2472,1.7058,1.6750,0.8380,0.8313
1914.00,"","","",94.2622,215.6747,105.2442,193.2472,1.7058,1.6758,0.8379,0.8317
1916.00,"","","",93.6386,217.1215,104.7284,193.4515,1.7054,1.6761,0.8377,0.8318
1918.00,"","","",93.0100,218.8676,104.2023,193.9111,1.7055,1.6758,0.8378,0.8317
1920.00,"","","",92.3864,220.8632,103.6508,194.6772,1.7054,1.6756,0.8377,0.8316
1922.00,"","","",91.7578,223.1083,103.1095,195.6986,1.7050,1.6756,0.8375,0.8316
1924.00,"","","",91.1391,225.5529,102.5630,196.8732,1.7045,1.6755,0.8373,0.8315
1926.00,"","","",90.5155,228.1971,101.9961,198.3031,1.7043,1.6750,0.8372,0.8313
1928.00,"","","",89.8919,230.9909,101.4293,199.9884,1.7043,1.6748,0.8372,0.8312
1930.00,"","","",89.2583,233.9344,100.8522,201.9291,1.7038,1.6745,0.8370,0.8310
1932.00,"","","",88.6347,237.0775,100.2802,204.0740,1.7039,1.6740,0.8370,0.8308
1934.00,"","","",88.0160,240.3702,99.7133,206.3721,1.7036,1.6738,0.8368,0.8307
1936.00,"","","",87.3824,243.8625,99.1618,208.8745,1.7033,1.6734,0.8367,0.8305
1938.00,"","","",86.7488,247.5045,98.5796,211.5301,1.7028,1.6731,0.8364,0.8304
1940.00,"","","",86.1152,251.3460,98.0025,214.3390,1.7024,1.6726,0.8363,0.8301
1942.00,"","","",85.4816,255.2375,97.4458,217.2499,1.7021,1.6720,0.8361,0.8298
1944.00,"","","",84.8580,259.0790,96.8994,220.2630,1.7016,1.6718,0.8359,0.8297
1946.00,"","","",84.2493,262.8706,96.3427,223.4293,1.7013,1.6713,0.8357,0.8294
1948.00,"","","",83.6407,266.6124,95.7810,226.6467,1.7010,1.6708,0.8355,0.8292
1950.00,"","","",83.0120,270.3043,95.2243,229.8641,1.7007,1.6703,0.8354,0.8290
1952.00,"","","",82.3834,273.9462,94.6625,233.1836,1.7004,1.6700,0.8353,0.8288
1954.00,"","","",81.7648,277.5383,94.0957,236.5542,1.7002,1.6696,0.8351,0.8286
1956.00,"","","",81.1362,281.0805,93.5288,239.9248,1.6998,1.6693,0.8349,0.8285
1958.00,"","","",80.5076,284.5229,92.9568,243.2954,1.6993,1.6691,0.8347,0.8284
1960.00,"","","",79.8740,287.8656,92.4002,246.6660,1.6991,1.6686,0.8346,0.8281
1962.00,"","","",79.2503,291.1084,91.8282,249.9855,1.6987,1.6682,0.8344,0.8279
1964.00,"","","",78.6217,294.2515,91.2613,253.2029,1.6982,1.6679,0.8342,0.8277
1966.00,"","","",77.9881,297.2449,90.6995,256.4203,1.6981,1.6675,0.8341,0.8275
1968.00,"","","",77.3545,300.0886,90.1480,259.4845,1.6978,1.6671,0.8340,0.8273
1970.00,"","","",76.7309,302.7328,89.5811,262.4465,1.6978,1.6666,0.8339,0.8271
1972.00,"","","",76.1222,305.1774,89.0245,265.2042,1.6975,1.6664,0.8338,0.8270
1974.00,"","","",75.4986,307.3726,88.4525,267.9109,1.6972,1.6660,0.8336,0.8268
1976.00,"","","",74.8700,309.3183,87.8907,270.4133,1.6969,1.6657,0.8335,0.8267
1978.00,"","","",74.2464,310.9148,87.3392,272.6604,1.6965,1.6654,0.8333,0.8265
1980.00,"","","",73.6227,311.9126,86.7723,274.7543,1.6963,1.6651,0.8332,0.8264
1982.00,"","","",72.9941,312.4115,86.2003,276.6438,1.6961,1.6648,0.8331,0.8262
1984.00,"","","",72.3755,312.6609,85.6539,278.3291,1.6959,1.6644,0.8330,0.8260
1986.00,"","","",71.7618,312.7108,85.1023,279.6059,1.6956,1.6641,0.8329,0.8259
1988.00,"","","",71.1382,312.7108,84.5406,280.4230,1.6952,1.6638,0.8327,0.8257
1990.00,"","","",70.5246,312.6609,83.9584,280.8826,1.6951,1.6638,0.8326,0.8257
1992.00,"","","",69.9009,312.6110,83.3864,281.1890,1.6947,1.6634,0.8324,0.8255
1994.00,"","","",69.2773,312.5611,82.8246,281.3933,1.6945,1.6632,0.8323,0.8254
1996.00,"","","",68.6537,312.4613,82.2680,281.4954,1.6944,1.6627,0.8323,0.8252
1998.00,"","","",68.0351,312.4115,81.6960,281.5465,1.6943,1.6624,0.8322,0.8250
2000.00,"","","",67.4064,312.3616,81.1393,281.5976,1.6941,1.6623,0.8321,0.8249
2002.00,"","","",66.7878,312.3117,80.5827,281.5465,1.6938,1.6620,0.8319,0.8248
2004.00,"","","",66.1542,312.2618,80.0260,281.4954,1.6918,1.6617,0.8309,0.8247
2006.00,"F 375","Both","",65.5306,312.1620,79.4591,281.3933,1.7373,1.6615,0.8537,0.8245
2008.00,"","","",65.1015,311.7629,78.8974,281.3422,1.8009,1.6612,0.8854,0.8244
2010.00,"","","",64.7224,310.9148,78.3305,281.3422,1.8056,1.6610,0.8877,0.8243
2012.00,"","","",64.2035,309.9668,77.7789,281.2912,1.8060,1.6603,0.8879,0.8239
2014.00,"","","",63.5899,308.9690,77.2325,281.2401,1.8056,1.7014,0.8878,0.8445
2016.00,"","","",62.9213,308.1708,76.8648,280.8315,1.8054,1.7558,0.8876,0.8717
2018.00,"","","",62.2328,307.5222,76.4869,280.1166,1.8051,1.7594,0.8875,0.8735
2020.00,"","","",61.5244,307.1231,75.9864,279.3505,1.8047,1.7595,0.8873,0.8735
2022.00,"","","",60.8210,306.8737,75.4195,278.6355,1.8045,1.7594,0.8872,0.8735
2024.00,"","","",60.1125,306.8737,74.8169,278.0227,1.8042,1.7589,0.8870,0.8732
2026.00,"","","",59.3991,306.9734,74.1990,277.5631,1.8038,1.7585,0.8868,0.8730
2028.00,"","","",58.6857,307.2229,73.5861,277.1545,1.8033,1.7582,0.8866,0.8729
2030.00,"","","",57.9772,307.6719,72.9631,276.9502,1.8031,1.7575,0.8865,0.8725
2032.00,"","","",57.2638,308.2706,72.3349,276.8481,1.8021,1.7572,0.8860,0.8723
2034.00,"","","",56.5454,308.9690,71.7017,276.8992,1.8025,1.7568,0.8862,0.8722
2036.00,"","","",55.8419,309.8671,71.0633,277.1035,1.8022,1.7565,0.8861,0.8720
2038.00,"","","",55.1285,310.8649,70.4300,277.4609,1.8018,1.7558,0.8859,0.8716
2040.00,"","","",54.4250,312.0123,69.8019,277.9206,1.8015,1.7556,0.8857,0.8715
2042.00,"","","",53.7116,313.2596,69.1584,278.5334,1.8014,1.7554,0.8857,0.8714
2044.00,"","","",52.9932,314.6565,68.5149,279.2994,1.8011,1.7551,0.8855,0.8713
2046.00,"","","",52.2798,316.1532,67.8817,280.1676,1.8008,1.7547,0.8854,0.8711
2048.00,"","","",51.5614,317.7497,67.2535,281.1380,1.8004,1.7543,0.8852,0.8709
2050.00,"","","",50.8479,319.4460,66.6151,282.1593,1.8002,1.7540,0.8851,0.8708
2052.00,"","","",50.1445,321.1921,65.9666,283.3339,1.7999,1.7537,0.8849,0.8706
2054.00,"","","",49.4360,322.9881,65.3333,284.5596,1.7997,1.7534,0.8848,0.8705
2056.00,"","","",48.7276,324.8341,64.7051,285.8874,1.7997,1.7529,0.8848,0.8702
2058.00,"","","",48.0142,326.7299,64.0719,287.2152,1.7996,1.7527,0.8848,0.8701
2060.00,"","","",47.3008,328.6756,63.4335,288.6452,1.7992,1.7523,0.8846,0.8699
2062.00,"","","",46.5873,330.6712,62.7951,290.1773,1.7991,1.7521,0.8845,0.8698
2064.00,"","","",45.8839,332.6668,62.1670,291.6583,1.7989,1.7521,0.8844,0.8698
2066.00,"","","",45.1804,334.6125,61.5286,293.1904,1.7988,1.7518,0.8843,0.8696
2068.00,"","","",44.4770,336.6081,60.8902,294.7735,1.7985,1.7514,0.8842,0.8695
2070.00,"","","",43.7685,338.5039,60.2570,296.4078,1.7982,1.7511,0.8840,0.8693
2072.00,"","","",43.0551,340.4497,59.6339,298.0420,1.7980,1.7510,0.8839,0.8692
2074.00,"","","",42.3467,342.3954,59.0058,299.7273,1.7978,1.7507,0.8838,0.8691
2076.00,"","","",41.6382,344.2413,58.3623,301.3615,1.7974,1.7504,0.8836,0.8690
2078.00,"","","",40.9298,346.0872,57.7239,303.0468,1.7971,1.7502,0.8835,0.8688
2080.00,"","","",40.2214,347.8833,57.0958,304.7321,1.7970,1.7500,0.8835,0.8687
2082.00,"","","",39.5279,349.5795,56.4625,306.3663,1.7970,1.7496,0.8834,0.8686
2084.00,"","","",38.8244,351.2259,55.8292,307.9495,1.7969,1.7493,0.8834,0.8684
2086.00,"","","",38.1210,352.7725,55.1909,309.5326,1.7968,1.7490,0.8833,0.8683
2088.00,"","","",37.4175,353.9200,54.5576,311.0647,1.7967,1.7489,0.8833,0.8682
2090.00,"","","",36.7091,354.4688,53.9295,312.5968,1.7966,1.7487,0.8833,0.8681
2092.00,"","","",36.0106,354.6184,53.2962,314.0268,1.7967,1.7485,0.8833,0.8680
2094.00,"","","",35.3172,354.6184,52.6731,315.3546,1.7967,1.7482,0.8833,0.8679
2096.00,"","","",34.6187,354.5187,52.0450,316.2227,1.7965,1.7482,0.8832,0.8679
2098.00,"","","",33.9153,354.3690,51.4168,316.6824,1.7963,1.7479,0.8831,0.8677
2100.00,"F 500","Both","",33.2118,354.2193,50.7836,316.8356,1.7950,1.7477,0.8824,0.8676
2102.00,"","","",32.5183,354.0696,50.1656,316.8866,1.8094,1.7475,0.8896,0.8675
2104.00,"","","",32.0544,353.4211,49.5426,316.8866,1.8312,1.7474,0.9005,0.8675
2106.00,"","","",31.6652,352.2736,48.9042,316.8356,1.8317,1.7473,0.9008,0.8674
2108.00,"","","",31.1513,350.7769,48.2761,316.7845,1.8319,1.7469,0.9008,0.8672
2110.00,"","","",30.5477,349.1804,47.6479,316.6824,1.8315,1.7501,0.9007,0.8688
2112.00,"","","",29.8941,347.6338,47.1985,316.2227,1.8317,1.7734,0.9008,0.8804
2114.00,"","","",29.2106,346.0872,46.8716,315.2524,1.8314,1.7749,0.9006,0.8812
2116.00,"","","",28.5221,344.6404,46.4120,313.9757,1.8311,1.7747,0.9005,0.8811
2118.00,"","","",27.8287,343.2435,45.8656,312.6479,1.8308,1.7741,0.9003,0.8808
2120.00,"","","",27.1352,341.8965,45.2885,311.2690,1.8307,1.7738,0.9003,0.8807
2122.00,"","","",26.4268,340.6492,44.6859,309.8901,1.8303,1.7737,0.9001,0.8806
2124.00,"","","",25.7283,339.5017,44.0832,308.6134,1.8300,1.7735,0.8999,0.8805
2126.00,"","","",25.0298,338.5039,43.4653,307.3366,1.8300,1.7732,0.8999,0.8803
2128.00,"","","",24.3314,337.5560,42.8423,306.1620,1.8297,1.7728,0.8998,0.8801
2130.00,"","","",23.6379,336.7079,42.2192,305.0385,1.8296,1.7726,0.8997,0.8800
2132.00,"","","",22.9444,335.9097,41.5911,304.0171,1.8291,1.7723,0.8995,0.8799
2134.00,"","","",22.2410,335.2611,40.9680,303.0979,1.8290,1.7720,0.8994,0.8797
2136.00,"","","",21.5425,334.6624,40.3552,302.2297,1.8288,1.7718,0.8993,0.8797
2138.00,"","","",20.8441,334.1635,39.7372,301.3615,1.8288,1.7715,0.8993,0.8795
2140.00,"","","",20.1506,333.7644,39.1193,300.6465,1.8285,1.7713,0.8992,0.8794
2142.00,"","","",19.4621,333.4152,38.5013,299.9826,1.8282,1.7712,0.8990,0.8793
2144.00,"","","",18.7636,333.2156,37.8783,299.3698,1.8280,1.7709,0.8989,0.8792
2146.00,"","","",18.0702,333.0659,37.2604,298.8080,1.8276,1.7707,0.8987,0.8791
2148.00,"","","",17.3717,332.9662,36.6424,298.3995,1.8278,1.7702,0.8988,0.8789
2150.00,"","","",16.6782,333.0160,36.0296,297.9909,1.8276,1.7700,0.8987,0.8787
2152.00,"","","",15.9947,333.1158,35.4116,297.6845,1.8273,1.7698,0.8986,0.8787
2154.00,"","","",15.3063,333.2655,34.7988,297.4291,1.8271,1.7696,0.8985,0.8785
2156.00,"","","",14.6128,333.5648,34.1809,297.2249,1.8270,1.7693,0.8984,0.8784
2158.00,"","","",13.9243,333.9141,33.5680,297.1227,1.8270,1.7692,0.8984,0.8783
2160.00,"","","",13.2358,334.4130,32.9552,297.1227,1.8270,1.7690,0.8984,0.8782
2162.00,"","","",12.5523,334.9119,32.3424,297.1738,1.8267,1.7688,0.8982,0.8781
2164.00,"","","",11.8688,335.4607,31.7295,297.2759,1.8269,1.7684,0.8984,0.8780
2166.00,"","","",11.1853,336.1092,31.1167,297.4802,1.8305,1.7683,0.9002,0.8779
2168.00,"","","",10.4969,336.8576,30.5039,297.7866,1.8297,1.7681,0.8998,0.8778
2170.00,"","","",9.8084,337.7057,29.8961,298.1441,1.8292,1.7679,0.8995,0.8777
2172.00,"","","",9.1299,338.6037,29.2935,298.5527,1.8285,1.7676,0.8992,0.8775
2174.00,"","","",8.4464,339.5516,28.6807,299.0634,1.8284,1.7671,0.8991,0.8773
2176.00,"","","",7.7729,340.5993,28.0678,299.6251,1.8283,1.7670,0.8991,0.8773
2178.00,"","","",7.1093,341.6470,27.4652,300.2380,1.8264,1.7666,0.8981,0.8770
2180.00,"","","",6.4308,342.7945,26.8626,300.9529,1.8250,1.7667,0.8974,0.8771
2182.00,"","","",5.7673,343.9420,26.2651,301.6679,1.8252,1.7663,0.8975,0.8769
2184.00,"","","",5.1038,344.7402,25.6573,302.4850,1.8182,1.7662,0.8940,0.8768
2186.00,"","","",4.8842,344.1415,25.0547,303.3532,1.8303,1.7659,0.9001,0.8767
2188.00,"AA","Both","",5.2385,341.3477,24.4623,304.3235,1.8379,1.7658,0.9038,0.8766
2190.00,"","","",5.5228,336.7578,23.8699,305.3449,1.8398,1.7644,0.9048,0.8759
2192.00,"","","",5.6825,330.8209,23.3848,305.8556,1.8402,1.7544,0.9050,0.8709
2194.00,"","","",5.7673,323.7864,23.6810,304.2214,1.8402,1.7708,0.9050,0.8791
2196.00,"","","",5.8072,315.7541,24.0282,300.6976,1.8397,1.7746,0.9047,0.8810
2198.00,"","","",5.8321,306.9236,24.2019,295.7949,1.8396,1.7750,0.9047,0.8812
2200.00,"","","",5.8421,297.2948,24.2836,289.8198,1.8390,1.7746,0.9044,0.8810
2202.00,"","","",5.8421,287.0673,24.3244,282.9254,1.8386,1.7743,0.9042,0.8809
2204.00,"","","",5.8421,276.2412,24.3551,275.2650,1.8382,1.7739,0.9040,0.8807
2206.00,"","","",5.8421,264.8662,24.3755,266.8895,1.8379,1.7737,0.9039,0.8806
2208.00,"","","",5.8371,253.0922,24.3959,257.8502,1.8377,1.7734,0.9037,0.8804
2210.00,"","","",5.8321,240.9190,24.4164,248.3002,1.8375,1.7730,0.9037,0.8802
2212.00,"","","",5.8272,228.3966,24.4317,238.2395,1.8372,1.7724,0.9035,0.8800
2214.00,"","","",5.8172,215.6248,24.4470,227.7192,1.8370,1.7724,0.9034,0.8799
2216.00,"","","",5.8122,202.7032,24.4572,216.7903,1.8365,1.7722,0.9032,0.8798
2218.00,"","","",5.8022,189.6321,24.4623,205.6061,1.8363,1.7718,0.9031,0.8796
2220.00,"","","",5.8022,176.5110,24.4725,194.1154,1.8354,1.7713,0.9026,0.8794
2222.00,"","","",5.7972,163.3899,24.4879,182.4205,1.8354,1.7711,0.9026,0.8793
2224.00,"","","",5.7922,150.3187,24.5032,170.6234,1.8353,1.7708,0.9025,0.8791
2226.00,"","","",5.7872,137.3473,24.5134,158.6731,1.8348,1.7706,0.9023,0.8790
2228.00,"","","",5.7773,124.6253,24.5236,146.7739,1.8345,1.7702,0.9021,0.8789
2230.00,"","","",5.7773,112.1528,24.5287,134.8237,1.8339,1.7700,0.9018,0.8787
2232.00,"","","",5.7673,99.9796,24.5338,123.0266,1.8337,1.7698,0.9018,0.8786
2234.00,"","","",5.7673,88.1557,24.5389,111.3827,1.8334,1.7694,0.9016,0.8784
2236.00,"","","",5.7623,76.7808,24.5491,99.8921,1.8333,1.7691,0.9016,0.8783
2238.00,"","","",5.7573,65.9047,24.5594,88.7078,1.8329,1.7687,0.9014,0.8781
2240.00,"","","",5.7523,55.6274,24.5696,77.8300,1.8326,1.7685,0.9012,0.8780
2242.00,"","","",5.7473,45.9487,24.5747,67.3608,1.8323,1.7680,0.9011,0.8777
2244.00,"","","",5.7473,36.9186,24.5747,57.3001,1.8319,1.7678,0.9009,0.8776
2246.00,"","","",5.7423,28.6868,24.5798,47.7500,1.8317,1.7676,0.9008,0.8776
2248.00,"","","",5.7374,21.2532,24.5849,38.7618,1.8314,1.7673,0.9006,0.8774
2250.00,"","","",5.7374,14.7176,24.5900,30.3353,1.8315,1.7670,0.9007,0.8773
2252.00,"","","",5.7274,9.0800,24.5951,22.6238,1.8312,1.7670,0.9005,0.8772
2254.00,"","","",5.7274,4.4901,24.6002,15.5762,1.8310,1.7665,0.9004,0.8770
2256.00,"","","",5.7224,0.8980,24.6053,9.3457,1.8306,1.7663,0.9002,0.8769
2258.00,"","","",5.7174,-1.5466,24.6104,3.9834,1.8300,1.7661,0.8999,0.8768
2260.00,"","","",5.7124,-2.8437,24.6104,-0.5618,1.8299,1.7659,0.8999,0.8767
2262.00,"","","",5.7124,-2.9435,24.6104,-4.1366,1.8292,1.7657,0.8995,0.8766
2264.00,"","","",5.7074,-1.7462,24.6104,-6.6901,1.8291,1.7652,0.8995,0.8763
2266.00,"","","",5.7024,-0.0499,24.6104,-8.1711,1.8292,1.7651,0.8995,0.8763
2268.00,"","","",5.6974,1.0477,24.6053,-8.5797,1.8288,1.7648,0.8993,0.8762
2270.00,"","","",5.6925,1.6464,24.6053,-7.8136,1.8287,1.7646,0.8993,0.8760
2272.00,"","","",5.6925,1.9457,24.6002,-6.0262,1.8282,1.7642,0.8990,0.8758
2274.00,"","","",5.6875,2.0954,24.6002,-4.6984,1.8282,1.7640,0.8990,0.8757
2276.00,"","","",5.6825,2.1952,24.6002,-3.9834,1.8279,1.7637,0.8989,0.8756
2278.00,"","","",5.6775,2.1952,24.6002,-3.5238,1.8274,1.7635,0.8986,0.8755
2280.00,"","","",5.6775,2.1952,24.5951,-3.1663,1.8274,1.7634,0.8986,0.8754
2282.00,"","","",5.6725,2.1952,24.5951,-2.8599,1.8272,1.7631,0.8985,0.8753
2284.00,"","","",5.6675,2.1952,24.5951,-2.6045,1.8265,1.7628,0.8982,0.8752
2286.00,"","","",5.6625,2.1453,24.6002,-2.4003,1.8264,1.7625,0.8981,0.8750
2288.00,"","","",5.6575,2.0954,24.6002,-2.1449,1.8259,1.7622,0.8979,0.8749
2290.00,"","","",5.6525,2.0954,24.5951,-1.9406,1.8261,1.7621,0.8979,0.8748
2292.00,"","","",5.6476,2.0954,24.5900,-1.7364,1.8261,1.7617,0.8979,0.8746
2294.00,"","","",5.6426,2.0455,24.5849,-1.5321,1.8256,1.7614,0.8977,0.8744
2296.00,"","","",5.6376,2.0455,24.5849,-1.3789,1.8254,1.7613,0.8976,0.8744
2298.00,"","","",5.6376,2.0455,24.5798,-1.1746,1.8247,1.7610,0.8973,0.8743
2300.00,"","","",5.6276,2.0455,24.5747,-0.9703,1.8247,1.7608,0.8972,0.8741
2302.00,"","","",5.6276,2.0455,24.5696,-0.7660,1.8244,1.7605,0.8971,0.8740
2304.00,"","","",5.6226,2.0455,24.5696,-0.5618,1.8247,1.7602,0.8973,0.8738
2306.00,"","","",5.6176,2.0455,24.5645,-0.4086,1.8250,1.7600,0.8974,0.8737
