"Time [s]","Event Name","Chamber","Event Text","O2 Concentration  (A) [nmol/ml]","O2 Slope uncorr.  (A) [pmol/(s*ml)]","O2 Concentration  (B) [nmol/ml]","O2 Slope uncorr.  (B) [pmol/(s*ml)]","Amp  (A) [µM]","Amp - slope  (A) [pmol/(s*ml)]","Amp  (B) [µM]","Amp - slope  (B) [pmol/(s*ml)]"
900.00,"c57, 3xTg, LOff","Left, Right, Both","Light off",176.2760,4.4044,177.3702,4.8065,-0.4579,0.0200,-0.4391,0.0243
902.00,"","","",176.2259,4.6046,177.3857,4.7548,-0.4581,0.0200,-0.4388,0.0243
904.00,"","","",176.2159,4.7047,177.3806,4.7031,-0.4579,0.0200,-0.4381,0.0277
906.00,"","","",176.2259,4.7547,177.3547,4.6515,-0.4577,0.0180,-0.4377,0.0312
908.00,"","","",176.2209,4.8048,177.3237,4.5998,-0.4575,0.0180,-0.4381,0.0347
910.00,"","","",176.2259,4.8548,177.3289,4.5481,-0.4569,0.0180,-0.4381,0.0312
912.00,"","","",176.2309,4.9049,177.3340,4.4964,-0.4571,0.0180,-0.4384,0.0312
914.00,"","","",176.2309,4.8548,177.3340,4.4447,-0.4573,0.0180,-0.4374,0.0347
916.00,"","","",176.2059,4.8048,177.3392,4.3930,-0.4575,0.0160,-0.4377,0.0347
918.00,"","","",176.1909,4.8048,177.3185,4.3414,-0.4575,0.0160,-0.4377,0.0381
920.00,"","","",176.1859,4.8548,177.2772,4.3414,-0.4575,0.0160,-0.4381,0.0381
922.00,"","","",176.1508,4.9049,177.2669,4.3930,-0.4575,0.0160,-0.4384,0.0347
924.00,"","","",176.1358,4.9549,177.3082,4.2897,-0.4575,0.0140,-0.4388,0.0312
926.00,"","","",176.1358,4.9549,177.3082,4.1346,-0.4577,0.0140,-0.4388,0.0277
928.00,"","","",176.1508,4.9549,177.3082,3.9796,-0.4575,0.0140,-0.4388,0.0277
930.00,"","","",176.1608,4.9049,177.3134,3.8245,-0.4575,0.0120,-0.4391,0.0243
932.00,"","","",176.1358,4.8548,177.3185,3.6695,-0.4575,0.0120,-0.4398,0.0208
934.00,"","","",176.1108,4.8548,177.3289,3.4111,-0.4575,0.0120,-0.4384,0.0208
936.00,"","","",176.0958,4.9049,177.2927,3.2560,-0.4575,0.0120,-0.4384,0.0173
938.00,"","","",176.0858,4.8548,177.2772,3.1527,-0.4569,0.0100,-0.4391,0.0173
940.00,"","","",176.0958,4.8048,177.2772,3.1010,-0.4569,0.0100,-0.4388,0.0139
942.00,"","","",176.0958,4.8048,177.2720,3.1010,-0.4579,0.0080,-0.4384,0.0139
944.00,"","","",176.0808,4.7547,177.2669,3.0493,-0.4577,0.0060,-0.4377,0.0139
946.00,"","","",176.0507,4.7547,177.2565,2.9976,-0.4575,0.0060,-0.4374,0.0139
948.00,"","","",176.0207,4.8048,177.2462,2.8942,-0.4573,0.0060,-0.4377,0.0173
950.00,"","","",176.0007,4.8548,177.2462,2.7909,-0.4571,0.0060,-0.4377,0.0139
952.00,"","","",176.0107,4.9549,177.2410,2.7392,-0.4569,0.0060,-0.4374,0.0139
954.00,"","","",176.0157,5.0550,177.1893,2.7909,-0.4567,0.0060,-0.4384,0.0104
956.00,"","","",176.0257,5.0050,177.1532,2.8426,-0.4567,0.0060,-0.4391,0.0035
958.00,"","","",176.0307,5.0050,177.1480,2.8942,-0.4567,0.0080,-0.4391,0.0000
960.00,"","","",176.0207,4.9549,177.1377,2.9459,-0.4561,0.0100,-0.4395,-0.0035
962.00,"","","",176.0257,4.9049,177.1170,3.1010,-0.4561,0.0120,-0.4395,-0.0069
964.00,"","","",176.0257,4.7547,177.0963,3.2560,-0.4563,0.0160,-0.4398,-0.0104
966.00,"","","",176.0107,4.6546,177.0808,3.5144,-0.4569,0.0160,-0.4391,-0.0104
968.00,"","","",175.9707,4.5545,177.0860,3.6695,-0.4571,0.0140,-0.4384,-0.0069
970.00,"","","",175.9306,4.5545,177.1170,3.7212,-0.4573,0.0120,-0.4391,-0.0104
972.00,"","","",175.9256,4.5045,177.1066,3.7728,-0.4571,0.0120,-0.4391,-0.0104
974.00,"","","",175.9256,4.4544,177.0963,3.8245,-0.4567,0.0120,-0.4398,-0.0104
976.00,"","","",175.9006,4.4044,177.0963,3.8762,-0.4569,0.0140,-0.4398,-0.0139
978.00,"","","",175.8655,4.4544,177.0963,3.9279,-0.4571,0.0140,-0.4398,-0.0173
980.00,"","","",175.8455,4.5545,177.0963,3.9796,-0.4567,0.0140,-0.4398,-0.0173
982.00,"","","",175.8355,4.7547,177.0653,3.9796,-0.4571,0.0120,-0.4395,-0.0208
984.00,"","","",175.8305,4.9049,177.0498,4.0313,-0.4569,0.0100,-0.4381,-0.0173
986.00,"","","",175.8405,4.9549,177.0343,4.1346,-0.4567,0.0100,-0.4395,-0.0173
988.00,"","","",175.8806,4.9549,177.0136,4.2897,-0.4567,0.0100,-0.4391,-0.0173
990.00,"","","",175.8856,4.9049,177.0084,4.3930,-0.4571,0.0100,-0.4395,-0.0173
992.00,"","","",175.8605,4.8548,177.0446,4.4447,-0.4569,0.0120,-0.4402,-0.0208
994.00,"","","",175.8305,4.8048,177.0756,4.3414,-0.4567,0.0120,-0.4398,-0.0173
996.00,"","","",175.8055,4.8048,177.0601,4.2897,-0.4565,0.0120,-0.4395,-0.0173
998.00,"","","",175.8005,4.8048,177.0395,4.2897,-0.4567,0.0120,-0.4395,-0.0173
1000.00,"","","",175.8105,4.8048,177.0188,4.3414,-0.4567,0.0120,-0.4398,-0.0173
1002.00,"","","",175.8105,4.8048,176.9878,4.4447,-0.4565,0.0120,-0.4391,-0.0173
1004.00,"","","",175.7955,4.8048,176.9774,4.4964,-0.4567,0.0100,-0.4381,-0.0139
1006.00,"","","",175.7604,4.8548,176.9723,4.4964,-0.4571,0.0100,-0.4391,-0.0139
1008.00,"","","",175.7554,4.9049,176.9516,4.5481,-0.4573,0.0080,-0.4391,-0.0139
1010.00,"","","",175.8055,4.7547,176.9102,4.5998,-0.4571,0.0060,-0.4395,-0.0139
1012.00,"","","",176.2509,3.8038,176.8792,4.6515,-0.4575,0.0040,-0.4395,-0.0173
1014.00,"","","",176.8415,1.8518,176.8586,4.7031,-0.4575,0.0020,-0.4391,-0.0173
1016.00,"","","",177.1819,-0.6506,176.8276,4.8065,-0.4571,0.0000,-0.4391,-0.0139
1018.00,"","","",177.3470,-3.3533,176.8172,4.9615,-0.4571,0.0000,-0.4395,-0.0173
1020.00,"Rot","Both","",177.4271,-6.0560,176.8276,5.0132,-0.4575,0.0000,-0.4395,-0.0173
1022.00,"","","",177.4822,-8.7587,176.9464,4.8065,-0.4569,-0.0020,-0.4398,-0.0173
1024.00,"","","",177.5222,-11.3613,177.5356,3.5661,-0.4569,-0.0040,-0.4395,-0.0139
1026.00,"","","",177.5322,-13.8138,178.0990,1.2921,-0.4569,-0.0040,-0.4398,-0.0104
1028.00,"","","",177.5172,-16.0160,178.3987,-1.4471,-0.4571,-0.0060,-0.4398,-0.0104
1030.00,"","","",177.5222,-18.0680,178.5538,-4.3414,-0.4577,-0.0080,-0.4388,-0.0069
1032.00,"","","",177.5322,-19.9699,178.6365,-7.2356,-0.4581,-0.0100,-0.4391,-0.0035
1034.00,"","","",177.5172,-21.7717,178.6726,-9.9748,-0.4583,-0.0120,-0.4395,0.0000
1036.00,"","","",177.5072,-23.3733,178.7036,-12.6106,-0.4579,-0.0140,-0.4391,0.0000
1038.00,"","","",177.4972,-24.8748,178.7191,-15.0397,-0.4575,-0.0140,-0.4388,0.0000
1040.00,"","","",177.4872,-26.1761,178.7191,-17.3654,-0.4575,-0.0120,-0.4398,0.0000
1042.00,"","","",177.4872,-27.3773,178.7347,-19.4844,-0.4573,-0.0120,-0.4398,0.0000
1044.00,"","","",177.4922,-28.4284,178.7347,-21.4484,-0.4577,-0.0100,-0.4398,-0.0035
1046.00,"","","",177.5122,-29.3793,178.7502,-23.2573,-0.4571,-0.0100,-0.4398,-0.0035
1048.00,"","","",177.5272,-30.0800,178.7657,-24.9111,-0.4569,-0.0100,-0.4395,0.0000
1050.00,"","","",177.5122,-30.5805,178.7553,-26.5133,-0.4571,-0.0100,-0.4398,0.0000
1052.00,"","","",177.5072,-30.8808,178.7553,-27.8570,-0.4571,-0.0100,-0.4391,0.0000
1054.00,"","","",177.4922,-31.0310,178.7708,-29.0974,-0.4575,-0.0100,-0.4398,0.0000
1056.00,"","","",177.4822,-30.9809,178.7398,-30.1311,-0.4575,-0.0100,-0.4395,-0.0035
1058.00,"","","",177.4571,-30.6306,178.7553,-31.0614,-0.4573,-0.0100,-0.4388,-0.0035
1060.00,"","","",177.4471,-30.0800,178.7708,-31.8366,-0.4573,-0.0100,-0.4398,-0.0035
1062.00,"","","",177.4521,-29.4294,178.7760,-32.4051,-0.4569,-0.0080,-0.4391,-0.0035
1064.00,"","","",177.4471,-28.5285,178.7708,-32.7669,-0.4573,-0.0080,-0.4395,0.0000
1066.00,"","","",177.4321,-27.5275,178.7605,-32.9219,-0.4569,-0.0080,-0.4395,0.0000
1068.00,"","","",177.4171,-26.3763,178.7295,-32.8186,-0.4567,-0.0060,-0.4405,-0.0035
1070.00,"","","",177.4371,-25.1751,178.7191,-32.5085,-0.4567,-0.0040,-0.4395,-0.0035
1072.00,"","","",177.4671,-23.7737,178.7191,-32.1467,-0.4569,-0.0040,-0.4391,-0.0035
1074.00,"","","",177.4772,-22.2222,178.7140,-31.6299,-0.4569,-0.0020,-0.4391,-0.0035
1076.00,"","","",177.4621,-20.4704,178.7088,-30.9580,-0.4567,0.0000,-0.4398,-0.0035
1078.00,"","","",177.4621,-18.5185,178.6675,-29.9760,-0.4567,0.0020,-0.4398,-0.0069
1080.00,"","","",177.4571,-16.4164,178.6365,-28.7873,-0.4571,0.0040,-0.4391,-0.0069
1082.00,"","","",177.4571,-14.1641,178.6210,-27.3402,-0.4567,0.0060,-0.4391,-0.0035
1084.00,"","","",177.4471,-11.7117,178.6054,-25.7380,-0.4567,0.0080,-0.4391,0.0000
1086.00,"","","",177.4271,-9.0090,178.6210,-23.9291,-0.4565,0.0080,-0.4388,0.0000
1088.00,"","","",177.4121,-6.1061,178.6261,-21.9652,-0.4565,0.0100,-0.4388,0.0035
1090.00,"","","",177.3971,-3.1031,178.6054,-19.7428,-0.4565,0.0120,-0.4388,0.0035
1092.00,"","","",177.3871,-0.8008,178.6158,-17.3137,-0.4561,0.0120,-0.4388,0.0035
1094.00,"","","",177.3971,0.4504,178.6468,-14.7296,-0.4567,0.0120,-0.4395,0.0035
1096.00,"","","",177.3971,1.1011,178.6623,-11.9387,-0.4567,0.0140,-0.4395,0.0035
1098.00,"","","",177.3971,1.4514,178.6416,-8.9411,-0.4567,0.0140,-0.4391,0.0069
1100.00,"","","",177.3871,1.7017,178.6003,-5.6851,-0.4565,0.0140,-0.4391,0.0069
1102.00,"","","",177.3871,1.8018,178.6054,-2.5325,-0.4561,0.0160,-0.4395,0.0035
1104.00,"","","",177.3871,1.8518,178.6210,-0.3618,-0.4565,0.0180,-0.4388,0.0069
1106.00,"","","",177.3771,1.8518,178.6054,0.8269,-0.4565,0.0180,-0.4384,0.0069
1108.00,"","","",177.3721,1.9019,178.5899,1.5505,-0.4565,0.0200,-0.4391,0.0069
1110.00,"","","",177.3871,1.9019,178.5848,2.0156,-0.4559,0.0200,-0.4381,0.0104
1112.00,"","","",177.4121,1.8018,178.6365,2.1707,-0.4563,0.0180,-0.4395,0.0104
1114.00,"","","",177.4071,1.7017,178.6365,2.2740,-0.4567,0.0160,-0.4398,0.0069
1116.00,"","","",177.4021,1.7017,178.5848,2.4291,-0.4567,0.0140,-0.4391,0.0069
1118.00,"","","",177.3921,1.6516,178.5951,2.5325,-0.4563,0.0140,-0.4388,0.0104
1120.00,"","","",177.3921,1.6516,178.6158,2.5841,-0.4557,0.0160,-0.4391,0.0104
1122.00,"","","",177.3721,1.6516,178.6106,2.5841,-0.4557,0.0160,-0.4391,0.0104
1124.00,"","","",177.3570,1.7017,178.6158,2.5841,-0.4541,0.0200,-0.4398,0.0069
1126.00,"","","",177.3220,1.7517,178.6416,2.4808,-0.4533,0.0240,-0.4398,0.0035
1128.00,"","","",177.3370,1.7017,178.6416,2.3257,-0.4537,0.0280,-0.4395,0.0035
1130.00,"","","",177.3370,1.7017,178.6158,2.2224,-0.4539,0.0320,-0.4398,0.0035
1132.00,"","","",177.3270,1.6516,178.5848,2.1707,-0.4543,0.0340,-0.4395,0.0035
1134.00,"","","",177.3420,1.6516,178.5486,2.1707,-0.4545,0.0360,-0.4398,0.0000
1136.00,"","","",177.3670,1.5515,178.5279,2.2224,-0.4551,0.0360,-0.4409,-0.0035
1138.00,"AR","Both","",177.3620,1.5515,178.5228,2.2224,-0.4541,0.0360,-0.4402,-0.0035
1140.00,"","","",177.3470,1.5515,178.4814,2.2740,-0.4533,0.0400,-0.4350,0.0035
1142.00,"","","",177.3470,1.5515,178.3935,2.4291,-0.4533,0.0420,-0.4339,0.0139
1144.00,"","","",177.3370,1.6016,178.1558,2.9976,-0.4529,0.0459,-0.4353,0.0208
1146.00,"","","",177.3120,1.6516,177.9439,3.9279,-0.4531,0.0479,-0.4353,0.0243
1148.00,"","","",177.3170,1.7517,177.9336,4.8582,-0.4531,0.0519,-0.4357,0.0277
1150.00,"","","",177.3370,1.7517,178.0369,5.5301,-0.4535,0.0519,-0.4360,0.0312
1152.00,"","","",177.3620,1.6516,178.0938,6.0469,-0.4529,0.0559,-0.4360,0.0347
1154.00,"","","",177.3570,1.5015,178.1196,6.4604,-0.4527,0.0579,-0.4357,0.0416
1156.00,"","","",177.3520,1.4014,178.1506,6.7704,-0.4523,0.0599,-0.4353,0.0451
1158.00,"","","",177.3270,1.3513,178.2075,7.0289,-0.4529,0.0619,-0.4353,0.0451
1160.00,"","","",177.3120,1.3013,178.2385,7.2356,-0.4533,0.0599,-0.4357,0.0485
1162.00,"","","",177.3170,1.2512,178.2437,7.3906,-0.4533,0.0599,-0.4353,0.0520
1164.00,"","","",177.3220,1.1511,178.2282,7.5974,-0.4529,0.0619,-0.4353,0.0555
1166.00,"","","",177.3270,1.1011,178.2023,7.7524,-0.4527,0.0619,-0.4350,0.0624
1168.00,"","","",177.3120,1.1011,178.1972,7.9075,-0.4523,0.0639,-0.4350,0.0659
1170.00,"","","",177.2970,1.1511,178.1868,8.0625,-0.4525,0.0639,-0.4346,0.0693
1172.00,"","","",177.2669,1.2512,178.1868,8.1659,-0.4529,0.0639,-0.4346,0.0728
1174.00,"","","",177.2619,1.3513,178.1713,8.2176,-0.4533,0.0619,-0.4350,0.0728
1176.00,"","","",177.2569,1.4514,178.1713,8.1659,-0.4527,0.0599,-0.4343,0.0763
1178.00,"","","",177.2619,1.5015,178.1610,8.1659,-0.4527,0.0579,-0.4343,0.0763
1180.00,"","","",177.2619,1.5515,178.1248,8.2176,-0.4535,0.0539,-0.4353,0.0763
1182.00,"","","",177.2669,1.6016,178.0990,8.2692,-0.4533,0.0519,-0.4346,0.0797
1184.00,"","","",177.2569,1.6516,178.0938,8.2692,-0.4537,0.0479,-0.4346,0.0797
1186.00,"","","",177.2469,1.7517,178.1196,8.2176,-0.4531,0.0440,-0.4343,0.0797
1188.00,"","","",177.2369,1.8018,178.1455,8.0625,-0.4529,0.0420,-0.4343,0.0797
1190.00,"","","",177.2319,1.9019,178.1506,7.9075,-0.4529,0.0400,-0.4336,0.0832
1192.00,"","","",177.2369,1.9019,178.1403,7.5974,-0.4533,0.0340,-0.4336,0.0832
1194.00,"","","",177.2469,1.8518,178.1145,7.2873,-0.4533,0.0300,-0.4343,0.0832
1196.00,"","","",177.2419,1.8018,178.0576,7.1322,-0.4531,0.0240,-0.4343,0.0797
1198.00,"","","",177.2469,1.7517,178.0214,7.0289,-0.4527,0.0200,-0.4339,0.0797
1200.00,"","","",177.2419,1.7517,177.9956,6.8221,-0.4525,0.0180,-0.4336,0.0797
1202.00,"","","",177.2469,1.7017,178.0111,6.5637,-0.4513,0.0160,-0.4325,0.0797
1204.00,"","","",177.3320,1.5515,178.0421,6.1503,-0.4499,0.0200,-0.4332,0.0763
1206.00,"","","",177.4371,1.2512,178.0421,5.6851,-0.4483,0.0300,-0.4336,0.0693
1208.00,"","","",177.4772,0.8508,178.0369,5.1166,-0.4471,0.0380,-0.4332,0.0659
1210.00,"HRP","Both","",177.4822,0.5005,178.0369,4.5481,-0.4471,0.0459,-0.4322,0.0624
1212.00,"","","",177.5022,0.1001,178.1093,3.8762,-0.4465,0.0539,-0.4301,0.0659
1214.00,"","","",177.5072,-0.3003,178.2023,3.1010,-0.4463,0.0619,-0.4298,0.0659
1216.00,"","","",177.4822,-0.7007,178.2282,2.2224,-0.4451,0.0699,-0.4280,0.0659
1218.00,"","","",177.5022,-1.1011,178.2488,1.2921,-0.4445,0.0779,-0.4280,0.0659
1220.00,"","","",177.5422,-1.5515,178.2695,0.4135,-0.4447,0.0879,-0.4277,0.0728
1222.00,"","","",177.5522,-1.9519,178.2747,-0.3618,-0.4445,0.0979,-0.4273,0.0867
1224.00,"","","",177.5222,-2.3023,178.2540,-0.6202,-0.4443,0.1079,-0.4267,0.0936
1226.00,"","","",177.4722,-2.5025,178.2643,-0.5168,-0.4435,0.1179,-0.4267,0.1040
1228.00,"","","",177.4671,-2.6526,178.2592,-0.3618,-0.4427,0.1279,-0.4267,0.1109
1230.00,"","","",177.4621,-2.8528,178.2643,-0.3618,-0.4425,0.1378,-0.4260,0.1179
1232.00,"","","",177.4722,-3.1031,178.2850,-0.4651,-0.4419,0.1478,-0.4256,0.1248
1234.00,"","","",177.4922,-3.3533,178.3057,-0.6719,-0.4417,0.1578,-0.4256,0.1317
1236.00,"","","",177.4922,-3.6036,178.3005,-0.8786,-0.4419,0.1678,-0.4249,0.1387
1238.00,"","","",177.4772,-3.7537,178.2643,-1.1370,-0.4413,0.1758,-0.4239,0.1456
1240.00,"","","",177.4772,-3.8538,178.2230,-1.3438,-0.4409,0.1818,-0.4235,0.1560
1242.00,"","","",177.4772,-3.9539,178.2282,-1.6022,-0.4405,0.1898,-0.4228,0.1629
1244.00,"","","",177.4822,-4.0540,178.2488,-1.8606,-0.4397,0.1978,-0.4221,0.1699
1246.00,"","","",177.4671,-4.1541,178.2643,-2.1190,-0.4393,0.2058,-0.4221,0.1768
1248.00,"","","",177.4621,-4.1541,178.2747,-2.3774,-0.4385,0.2138,-0.4215,0.1872
1250.00,"","","",177.4421,-4.1041,178.2695,-2.5841,-0.4381,0.2217,-0.4208,0.1941
1252.00,"","","",177.4271,-3.9539,178.2643,-2.7909,-0.4381,0.2277,-0.4204,0.2011
1254.00,"","","",177.4221,-3.7537,178.2488,-2.8942,-0.4377,0.2317,-0.4197,0.2080
1256.00,"","","",177.4121,-3.5035,178.2282,-2.9459,-0.4375,0.2357,-0.4190,0.2184
1258.00,"","","",177.4071,-3.2532,178.1920,-2.9459,-0.4373,0.2397,-0.4194,0.2219
1260.00,"","","",177.4171,-3.0030,178.1868,-2.8426,-0.4371,0.2397,-0.4190,0.2253
1262.00,"","","",177.4221,-2.7527,178.1816,-2.6875,-0.4365,0.2397,-0.4190,0.2288
1264.00,"","","",177.4221,-2.5025,178.1816,-2.5325,-0.4365,0.2377,-0.4187,0.2323
1266.00,"","","",177.4171,-2.2022,178.1765,-2.3774,-0.4361,0.2377,-0.4180,0.2323
1268.00,"","","",177.4071,-1.8018,178.1661,-2.2740,-0.4355,0.2357,-0.4176,0.2357
1270.00,"","","",177.4071,-1.4014,178.1816,-2.1707,-0.4353,0.2317,-0.4180,0.2357
1272.00,"","","",177.4121,-1.0010,178.1920,-2.1190,-0.4351,0.2277,-0.4169,0.2392
1274.00,"","","",177.3971,-0.6006,178.1920,-1.9639,-0.4341,0.2237,-0.4156,0.2392
1276.00,"","","",177.3771,-0.1001,178.1765,-1.6538,-0.4339,0.2178,-0.4152,0.2392
1278.00,"","","",177.3620,0.4004,178.1661,-1.2921,-0.4335,0.2118,-0.4152,0.2357
1280.00,"","","",177.3620,0.9509,178.1610,-0.8269,-0.4331,0.2038,-0.4152,0.2357
1282.00,"","","",177.3570,1.4514,178.1403,-0.3618,-0.4333,0.1978,-0.4145,0.2357
1284.00,"","","",177.3370,1.9019,178.1455,0.1034,-0.4329,0.1918,-0.4135,0.2323
1286.00,"","","",177.3370,2.1021,178.1506,0.5168,-0.4327,0.1898,-0.4128,0.2288
1288.00,"","","",177.3520,2.2022,178.1455,0.9820,-0.4321,0.1878,-0.4128,0.2253
1290.00,"","","",177.3520,2.3023,178.1610,1.3954,-0.4315,0.1858,-0.4128,0.2219
1292.00,"","","",177.3220,2.4024,178.1868,1.6538,-0.4311,0.1858,-0.4128,0.2184
1294.00,"","","",177.3420,2.4524,178.1610,1.8089,-0.4307,0.1838,-0.4121,0.2149
1296.00,"","","",177.3570,2.4524,178.1196,1.9639,-0.4307,0.1838,-0.4121,0.2149
1298.00,"","","",177.3470,2.4524,178.1145,2.0673,-0.4305,0.1838,-0.4114,0.2149
1300.00,"","","",177.3270,2.4024,178.1196,2.1190,-0.4295,0.1838,-0.4107,0.2149
1302.00,"","","",177.3020,2.3523,178.1248,2.1707,-0.4293,0.1818,-0.4107,0.2149
1304.00,"","","",177.2920,2.4024,178.1300,2.2224,-0.4289,0.1798,-0.4097,0.2149
1306.00,"","","",177.2920,2.4524,178.1506,2.1707,-0.4285,0.1798,-0.4097,0.2149
1308.00,"","","",177.2169,2.6526,178.1351,2.1707,-0.4291,0.1798,-0.4090,0.2115
1310.00,"","","",177.2419,2.8028,178.1093,2.2224,-0.4285,0.1778,-0.4090,0.2115
1312.00,"","","",177.2770,2.8528,178.0990,2.1707,-0.4277,0.1778,-0.4083,0.2115
1314.00,"","","",177.1518,3.1031,178.0990,2.1190,-0.4267,0.1798,-0.4072,0.2080
1316.00,"","","",176.9316,3.7037,178.1093,2.0156,-0.4255,0.1798,-0.4065,0.2080
1318.00,"","","",176.6714,4.7047,178.0834,2.0156,-0.4245,0.1838,-0.4083,0.2045
1320.00,"","","",176.4111,6.1561,178.0679,2.1190,-0.4231,0.1878,-0.4076,0.2045
1322.00,"","","",176.1208,8.0580,178.1093,2.1190,-0.4217,0.1938,-0.4065,0.2011
1324.00,"succ","Both","",175.8205,10.3103,178.0266,2.2224,-0.4201,0.2038,-0.4059,0.2045
1326.00,"","","",175.5352,13.0130,177.8716,2.5325,-0.4185,0.2138,-0.4048,0.2045
1328.00,"","","",175.2349,16.0660,177.6958,3.1010,-0.4163,0.2277,-0.4038,0.2045
1330.00,"","","",174.9296,19.5195,177.5046,4.0313,-0.4145,0.2437,-0.4034,0.2080
1332.00,"","","",174.6193,23.3233,177.2927,5.2200,-0.4127,0.2617,-0.4034,0.2115
1334.00,"","","",174.2740,27.5275,177.0963,6.7704,-0.4103,0.2817,-0.4020,0.2149
1336.00,"","","",173.9486,32.0320,176.8689,8.6310,-0.4077,0.3057,-0.3996,0.2219
1338.00,"","","",173.6433,36.7867,176.6208,10.9051,-0.4057,0.3296,-0.3989,0.2288
1340.00,"","","",173.3280,41.7417,176.4089,13.3858,-0.4035,0.3556,-0.3968,0.2392
1342.00,"","","",173.0227,46.8468,176.1919,16.1767,-0.4015,0.3816,-0.3955,0.2496
1344.00,"","","",172.7174,52.1020,175.9903,19.0710,-0.3995,0.4095,-0.3951,0.2565
1346.00,"","","",172.3771,57.5575,175.7939,22.1719,-0.3973,0.4375,-0.3930,0.2704
1348.00,"","","",172.0167,63.2131,175.5407,25.5313,-0.3950,0.4695,-0.3909,0.2843
1350.00,"","","",171.6814,68.9688,175.2926,29.0974,-0.3930,0.4994,-0.3892,0.2981
1352.00,"","","",171.3611,74.7746,175.1014,32.6635,-0.3914,0.5294,-0.3871,0.3155
1354.00,"","","",171.0407,80.6305,174.8998,36.3847,-0.3886,0.5634,-0.3854,0.3328
1356.00,"","","",170.7204,86.5364,174.6724,40.1575,-0.3860,0.5973,-0.3844,0.3536
1358.00,"","","",170.3751,92.4423,174.4450,44.0854,-0.3844,0.6313,-0.3809,0.3779
1360.00,"","","",170.0297,98.3482,174.2227,48.0650,-0.3818,0.6652,-0.3795,0.3987
1362.00,"","","",169.6994,104.1540,174.0057,52.1480,-0.3796,0.6992,-0.3788,0.4230
1364.00,"","","",169.3691,109.9097,173.7576,56.2309,-0.3774,0.7312,-0.3767,0.4472
1366.00,"","","",168.9987,115.6154,173.4992,60.4172,-0.3742,0.7651,-0.3753,0.4715
1368.00,"","","",168.6533,121.0709,173.2563,64.6035,-0.3722,0.7971,-0.3729,0.4958
1370.00,"","","",168.3330,126.3761,173.0392,68.6865,-0.3700,0.8311,-0.3715,0.5200
1372.00,"","","",167.9927,131.4812,172.8118,72.6660,-0.3682,0.8610,-0.3694,0.5443
1374.00,"","","",167.6574,136.2360,172.5792,76.5939,-0.3662,0.8910,-0.3674,0.5720
1376.00,"","","",167.3170,140.7405,172.3363,80.5218,-0.3640,0.9190,-0.3656,0.5963
1378.00,"","","",166.9517,144.9947,172.0831,84.3980,-0.3614,0.9449,-0.3632,0.6206
1380.00,"","","",166.5913,148.9487,171.8143,88.1709,-0.3596,0.9709,-0.3615,0.6483
1382.00,"","","",166.2510,152.5523,171.5973,91.7887,-0.3580,0.9909,-0.3594,0.6726
1384.00,"","","",165.9156,155.7555,171.4060,95.0964,-0.3558,1.0109,-0.3573,0.6968
1386.00,"","","",165.5903,158.5082,171.1631,98.1973,-0.3530,1.0308,-0.3556,0.7211
1388.00,"","","",165.2399,160.9106,170.8789,101.1433,-0.3506,1.0448,-0.3538,0.7454
1390.00,"","","",164.8796,162.8626,170.6153,103.9858,-0.3490,1.0568,-0.3525,0.7662
1392.00,"","","",164.5242,164.1639,170.3879,106.5699,-0.3462,1.0688,-0.3514,0.7870
1394.00,"","","",164.1639,165.2149,170.1450,108.8440,-0.3436,1.0788,-0.3490,0.8078
1396.00,"","","",163.8185,166.1158,169.8866,110.8596,-0.3420,1.0868,-0.3480,0.8251
1398.00,"","","",163.4682,166.9166,169.6333,112.5652,-0.3396,1.0928,-0.3459,0.8355
1400.00,"","","",163.0978,167.6173,169.4059,113.9606,-0.3370,1.0968,-0.3424,0.8528
1402.00,"","","",162.7374,168.3180,169.1785,114.8909,-0.3346,1.1007,-0.3410,0.8632
1404.00,"","","",162.3921,168.9687,168.9459,115.5628,-0.3330,1.1047,-0.3400,0.8736
1406.00,"","","",162.0718,169.5192,168.7030,116.0796,-0.3308,1.1047,-0.3386,0.8840
1408.00,"","","",161.7164,170.0197,168.4653,116.5447,-0.3286,1.1067,-0.3362,0.8910
1410.00,"","","",161.3410,170.5202,168.2224,116.9582,-0.3264,1.1067,-0.3330,0.9014
1412.00,"","","",160.9557,171.0207,167.9588,117.3717,-0.3242,1.1067,-0.3320,0.9048
1414.00,"","","",160.5853,171.6213,167.7004,117.7851,-0.3226,1.1047,-0.3299,0.9083
1416.00,"","","",160.2299,172.1719,167.4420,118.1986,-0.3200,1.1047,-0.3289,0.9118
1418.00,"","","",159.8896,172.6724,167.2042,118.6637,-0.3176,1.1067,-0.3265,0.9152
1420.00,"","","",159.5543,173.1228,166.9768,119.0772,-0.3150,1.1067,-0.3240,0.9222
1422.00,"","","",159.2139,173.4732,166.7442,119.4390,-0.3126,1.1087,-0.3223,0.9256
1424.00,"","","",158.8486,173.7735,166.4858,119.7491,-0.3102,1.1087,-0.3195,0.9256
1426.00,"","","",158.4682,174.1238,166.2429,120.0075,-0.3079,1.1107,-0.3185,0.9291
1428.00,"","","",158.0978,174.5242,165.9897,120.3693,-0.3061,1.1107,-0.3164,0.9291
1430.00,"","","",157.7425,174.9747,165.7261,120.7310,-0.3045,1.1087,-0.3150,0.9291
1432.00,"","","",157.3871,175.3250,165.4625,121.0411,-0.3023,1.1067,-0.3133,0.9326
1434.00,"","","",157.0418,175.6253,165.1989,121.3512,-0.2997,1.1067,-0.3109,0.9326
1436.00,"","","",156.6764,175.9256,164.9353,121.6613,-0.2977,1.1067,-0.3102,0.9326
1438.00,"","","",156.2960,176.2259,164.6769,121.9714,-0.2995,1.0988,-0.3081,0.9326
1440.00,"","","",155.9106,176.5763,164.4340,122.2298,-0.2995,1.0868,-0.3050,0.9360
1442.00,"","","",155.4251,177.1769,164.1653,122.4883,-0.2977,1.0748,-0.3029,0.9395
1444.00,"","","",154.8245,178.1278,163.8914,122.7984,-0.2957,1.0628,-0.3012,0.9395
1446.00,"","","",154.1989,179.5793,163.6691,123.0568,-0.2945,1.0528,-0.2994,0.9395
1448.00,"","","",153.5433,181.4812,163.4107,123.3669,-0.2927,1.0408,-0.2987,0.9395
1450.00,"","","",152.8526,183.8836,163.1109,123.6770,-0.2913,1.0288,-0.2960,0.9395
1452.00,"ADP","Both","",152.1419,186.7864,162.8215,124.0904,-0.2899,1.0168,-0.2977,0.9326
1454.00,"","","",151.4161,190.1898,162.5269,124.5039,-0.2879,1.0029,-0.2973,0.9222
1456.00,"","","",150.6754,194.0437,162.1496,125.1241,-0.2861,0.9909,-0.2949,0.9152
1458.00,"","","",149.9547,198.3480,161.7052,126.1061,-0.2849,0.9769,-0.2921,0.9118
1460.00,"","","",149.2490,203.0527,161.2193,127.5532,-0.2833,0.9629,-0.2918,0.9048
1462.00,"","","",148.5283,208.1077,160.7129,129.3104,-0.2815,0.9489,-0.2897,0.8979
1464.00,"","","",147.8075,213.5131,160.1702,131.4294,-0.2799,0.9329,-0.2876,0.8944
1466.00,"","","",147.0818,219.1187,159.6120,133.9618,-0.2785,0.9210,-0.2862,0.8910
1468.00,"","","",146.3461,225.0246,159.0538,137.0111,-0.2763,0.9070,-0.2842,0.8840
1470.00,"","","",145.6254,231.1307,158.5163,140.3705,-0.2745,0.8950,-0.2824,0.8806
1472.00,"","","",144.8846,237.5371,157.9737,144.0917,-0.2729,0.8830,-0.2821,0.8702
1474.00,"","","",144.1539,244.0937,157.4568,148.0196,-0.2713,0.8730,-0.2804,0.8632
1476.00,"","","",143.4232,250.7503,156.9400,152.2576,-0.2701,0.8610,-0.2793,0.8528
1478.00,"","","",142.6974,257.5070,156.4025,156.7023,-0.2687,0.8490,-0.2772,0.8459
1480.00,"","","",141.9717,264.3639,155.8650,161.3537,-0.2675,0.8390,-0.2758,0.8390
1482.00,"","","",141.2510,271.2708,155.3223,166.1085,-0.2665,0.8271,-0.2734,0.8320
1484.00,"","","",140.5103,278.1777,154.7745,171.0701,-0.2649,0.8151,-0.2724,0.8251
1486.00,"","","",139.7545,284.9845,154.2060,176.1867,-0.2627,0.8051,-0.2700,0.8182
1488.00,"","","",139.0088,291.7913,153.6375,181.4583,-0.2611,0.7971,-0.2679,0.8147
1490.00,"","","",138.2730,298.5480,153.1000,186.7817,-0.2599,0.7891,-0.2665,0.8112
1492.00,"","","",137.5373,305.2047,152.5366,192.2084,-0.2587,0.7791,-0.2648,0.8078
1494.00,"","","",136.7915,311.7111,151.9940,197.6867,-0.2571,0.7711,-0.2637,0.8008
1496.00,"","","",136.0258,318.1175,151.4565,203.1651,-0.2549,0.7651,-0.2620,0.7974
1498.00,"","","",135.2650,324.2737,150.9138,208.6435,-0.2531,0.7611,-0.2606,0.7939
1500.00,"","","",134.5493,330.0795,150.3763,213.9668,-0.2517,0.7571,-0.2589,0.7904
1502.00,"","","",133.8386,335.4849,149.8181,219.1868,-0.2507,0.7551,-0.2575,0.7870
1504.00,"","","",133.1029,340.5399,149.2599,224.3551,-0.2495,0.7551,-0.2561,0.7870
1506.00,"","","",132.3621,345.2947,148.6966,229.4200,-0.2483,0.7551,-0.2547,0.7835
1508.00,"","","",131.6064,349.6991,148.1488,234.3298,-0.2471,0.7551,-0.2526,0.7835
1510.00,"","","",130.8656,353.6530,147.6009,239.0330,-0.2449,0.7551,-0.2512,0.7800
1512.00,"","","",130.1349,357.1065,147.0841,243.5294,-0.2437,0.7591,-0.2495,0.7800
1514.00,"","","",129.3892,360.0594,146.5569,247.7674,-0.2423,0.7631,-0.2481,0.7800
1516.00,"","","",128.6534,362.4118,146.0143,251.7470,-0.2417,0.7671,-0.2467,0.7766
1518.00,"","","",127.9177,364.2636,145.4819,255.4164,-0.2401,0.7651,-0.2446,0.7766
1520.00,"","","",127.1669,365.5149,144.9341,258.7758,-0.2393,0.7591,-0.2436,0.7800
1522.00,"","","",126.4212,366.4158,144.3552,261.8768,-0.2375,0.7551,-0.2426,0.7835
1524.00,"","","",125.6754,367.0664,143.7867,264.6677,-0.2361,0.7511,-0.2408,0.7835
1526.00,"","","",124.9197,367.6170,143.2441,266.9934,-0.2351,0.7452,-0.2398,0.7870
1528.00,"","","",124.1739,368.0174,142.7169,268.9056,-0.2331,0.7412,-0.2377,0.7904
1530.00,"","","",123.4232,368.3677,142.1639,270.4044,-0.2317,0.7372,-0.2356,0.7939
1532.00,"","","",122.6775,368.7181,141.6109,271.5415,-0.2303,0.7332,-0.2342,0.7939
1534.00,"","","",121.9567,368.9683,141.0734,272.2133,-0.2295,0.7272,-0.2332,0.7904
1536.00,"","","",121.2310,369.2186,140.5307,272.6268,-0.2277,0.7232,-0.2318,0.7870
1538.00,"","","",120.4903,369.4688,139.9725,272.8852,-0.2263,0.7192,-0.2308,0.7835
1540.00,"","","",119.7395,369.6690,139.4195,273.0403,-0.2253,0.7152,-0.2287,0.7835
1542.00,"","","",118.9988,369.8692,138.8717,273.0920,-0.2239,0.7112,-0.2273,0.7800
1544.00,"","","",118.2530,370.0194,138.3084,273.1953,-0.2219,0.7072,-0.2259,0.7766
1546.00,"","","",117.5023,370.1695,137.7502,273.3504,-0.2205,0.7052,-0.2245,0.7766
1548.00,"","","",116.7616,370.3197,137.2282,273.5054,-0.2194,0.7032,-0.2228,0.7731
1550.00,"","","",116.0208,370.4698,136.7114,273.5571,-0.2182,0.7012,-0.2225,0.7696
1552.00,"","","",115.2701,370.5699,136.1687,273.6088,-0.2168,0.6992,-0.2200,0.7662
1554.00,"","","",114.5343,370.7201,135.6105,273.6088,-0.2152,0.6992,-0.2186,0.7662
1556.00,"","","",113.7886,370.8202,135.0523,273.6088,-0.2140,0.6972,-0.2173,0.7592
1558.00,"","","",113.0428,370.8702,134.4993,273.6088,-0.2124,0.6972,-0.2166,0.7558
1560.00,"","","",112.3071,370.9203,133.9360,273.5571,-0.2112,0.6952,-0.2141,0.7523
1562.00,"","","",111.5714,370.9203,133.3675,273.6088,-0.2094,0.6932,-0.2124,0.7488
1564.00,"","","",110.8256,370.9203,132.8352,273.5571,-0.2078,0.6912,-0.2110,0.7454
1566.00,"","","",110.0799,370.9203,132.3028,273.5571,-0.2048,0.6952,-0.2100,0.7454
1568.00,"","","",109.5393,370.6200,131.7601,273.6088,-0.2006,0.7032,-0.2072,0.7454
1570.00,"","","",109.7696,368.5179,131.2278,273.5571,-0.1958,0.7172,-0.2075,0.7454
1572.00,"","","",110.0849,364.5639,130.6800,273.5571,-0.1908,0.7352,-0.2051,0.7454
1574.00,"AA","Both","",110.2501,359.2086,130.1321,273.5571,-0.1866,0.7591,-0.2051,0.7419
1576.00,"","","",110.3201,352.6520,129.7290,273.2987,-0.1820,0.7891,-0.1971,0.7488
1578.00,"","","",110.3401,345.1445,130.0391,271.4898,-0.1782,0.8211,-0.1902,0.7662
1580.00,"","","",110.3301,336.6861,130.3957,268.0787,-0.1738,0.8590,-0.1857,0.7904
1582.00,"","","",110.3001,327.3768,130.5663,263.5306,-0.1700,0.8970,-0.1812,0.8182
1584.00,"","","",110.2701,317.3167,130.6283,258.1556,-0.1660,0.9369,-0.1777,0.8459
1586.00,"","","",110.2501,306.6061,130.6438,252.1087,-0.1612,0.9809,-0.1732,0.8806
1588.00,"","","",110.2350,295.2948,130.6283,245.4417,-0.1572,1.0268,-0.1698,0.9152
1590.00,"","","",110.2050,283.4329,130.5869,238.2577,-0.1526,1.0748,-0.1663,0.9499
1592.00,"","","",110.1700,271.1206,130.5766,230.4536,-0.1482,1.1267,-0.1625,0.9915
1594.00,"","","",110.1349,258.4580,130.5766,222.1327,-0.1438,1.1787,-0.1580,1.0331
1596.00,"","","",110.1049,245.4450,130.5663,213.3983,-0.1400,1.2306,-0.1545,1.0747
1598.00,"","","",110.0799,232.1317,130.5611,204.2505,-0.1362,1.2825,-0.1507,1.1198
1600.00,"","","",110.0398,218.6683,130.5508,194.7408,-0.1317,1.3345,-0.1462,1.1649
1602.00,"","","",110.0098,205.1047,130.5404,185.0761,-0.1283,1.3864,-0.1420,1.2099
1604.00,"","","",109.9698,191.4911,130.5404,175.1530,-0.1241,1.4384,-0.1382,1.2585
1606.00,"","","",109.9347,177.9276,130.5301,165.0749,-0.1195,1.4903,-0.1341,1.3035
1608.00,"","","",109.8947,164.4642,130.5094,154.8417,-0.1157,1.5422,-0.1302,1.3521
1610.00,"","","",109.8497,151.1509,130.4888,144.5568,-0.1119,1.5922,-0.1264,1.4041
1612.00,"","","",109.8296,138.0878,130.4681,134.2719,-0.1071,1.6421,-0.1230,1.4491
1614.00,"","","",109.7996,125.2250,130.4629,124.0387,-0.1035,1.6901,-0.1185,1.4977
1616.00,"","","",109.7596,112.7125,130.4422,113.8572,-0.0995,1.7360,-0.1143,1.5462
1618.00,"","","",109.7195,100.6505,130.4164,103.8308,-0.0955,1.7800,-0.1108,1.5913
1620.00,"","","",109.6845,89.0389,130.4061,94.0110,-0.0913,1.8219,-0.1063,1.6363
1622.00,"","","",109.6595,77.9778,130.3854,84.4497,-0.0873,1.8599,-0.1025,1.6780
1624.00,"","","",109.6344,67.5174,130.3699,75.1468,-0.0835,1.8978,-0.0970,1.7230
1626.00,"","","",109.6094,57.7076,130.3492,66.2574,-0.0791,1.9318,-0.0942,1.7646
1628.00,"","","",109.5744,48.6986,130.3389,57.7297,-0.0751,1.9618,-0.0904,1.8028
1630.00,"","","",109.5343,40.4904,130.3337,49.5121,-0.0709,1.9897,-0.0859,1.8374
1632.00,"","","",109.4993,33.1331,130.3182,41.7597,-0.0663,2.0137,-0.0817,1.8721
1634.00,"","","",109.4693,26.7767,130.2924,34.5758,-0.0625,2.0337,-0.0782,1.9033
1636.00,"","","",109.4342,21.4214,130.2924,28.0121,-0.0579,2.0517,-0.0748,1.9310
1638.00,"","","",109.4092,17.1171,130.2924,22.0169,-0.0537,2.0637,-0.0710,1.9518
1640.00,"","","",109.3842,13.9639,130.2717,16.7969,-0.0499,2.0716,-0.0661,1.9726
1642.00,"","","",109.3542,11.9619,130.2613,12.3005,-0.0447,2.0756,-0.0623,1.9900
1644.00,"","","",109.3191,11.2612,130.2562,8.5793,-0.0412,2.0756,-0.0585,2.0038
1646.00,"","","",109.2841,11.9619,130.2407,5.6334,-0.0372,2.0736,-0.0547,2.0108
1648.00,"","","",109.2541,13.6636,130.2355,3.5661,-0.0328,2.0696,-0.0505,2.0177
1650.00,"","","",109.2340,14.9149,130.2148,2.4291,-0.0288,2.0677,-0.0470,2.0142
1652.00,"","","",109.1940,15.5655,130.1528,2.3774,-0.0250,2.0677,-0.0436,2.0073
1654.00,"","","",109.1490,15.9159,130.1321,3.3594,-0.0210,2.0657,-0.0391,1.9934
1656.00,"","","",109.1189,16.1161,130.1321,5.0649,-0.0166,2.0657,-0.0356,1.9865
1658.00,"","","",109.1039,16.1661,130.1270,6.2536,-0.0122,2.0657,-0.0318,1.9830
1660.00,"","","",109.0839,16.1661,130.1011,6.8221,-0.0080,2.0657,-0.0280,1.9830
1662.00,"","","",109.0489,16.1661,130.0856,7.0805,-0.0040,2.0657,-0.0235,1.9830
1664.00,"","","",109.0138,16.1161,130.0701,7.1839,0.0000,2.0637,-0.0190,1.9830
1666.00,"","","",108.9788,16.1161,130.0391,7.2356,0.0040,2.0637,-0.0151,1.9830
1668.00,"","","",108.9488,16.0660,130.0288,7.2873,0.0078,2.0617,-0.0124,1.9830
1670.00,"","","",108.9187,16.0160,130.0184,7.3906,0.0118,2.0617,-0.0086,1.9796
1672.00,"","","",108.9488,15.8658,129.9926,7.5457,0.0184,2.0677,-0.0037,1.9796
1674.00,"","","",109.1039,15.3653,129.9461,7.7007,0.0230,2.0736,-0.0002,1.9761
1676.00,"","","",109.1940,14.6646,129.9099,7.8558,0.0272,2.0776,0.0039,1.9761
1678.00,"","","",109.2440,13.8138,129.8841,8.0625,0.0316,2.0836,0.0081,1.9726
1680.00,"","","",109.2741,12.9129,129.8531,8.2176,0.0360,2.0896,0.0119,1.9726
1682.00,"H2O2","Both","",109.2691,12.0120,129.8324,8.4243,0.0400,2.0936,0.0154,1.9692
1684.00,"","","",109.2440,11.2112,129.8737,8.4243,0.0440,2.0976,0.0251,1.9796
1686.00,"","","",109.2190,10.4104,129.9823,8.2692,0.0483,2.1016,0.0303,1.9900
1688.00,"","","",109.1840,9.6596,130.0443,7.9075,0.0527,2.1056,0.0348,2.0004
1690.00,"","","",109.1439,9.0590,130.0701,7.5457,0.0567,2.1096,0.0386,2.0108
1692.00,"","","",109.1139,8.4584,130.0856,7.1322,0.0609,2.1136,0.0421,2.0177
1694.00,"","","",109.0839,7.9079,130.0805,6.7188,0.0655,2.1176,0.0469,2.0281
1696.00,"","","",109.0639,7.4074,130.0443,6.3570,0.0695,2.1216,0.0511,2.0385
1698.00,"","","",109.0288,6.9569,130.0184,6.0469,0.0737,2.1236,0.0545,2.0454
1700.00,"","","",108.9938,6.6066,129.9926,5.7885,0.0779,2.1256,0.0587,2.0524
1702.00,"","","",108.9588,6.2562,129.9771,5.5817,0.0815,2.1256,0.0622,2.0593
1704.00,"","","",108.9237,6.0060,129.9874,5.3233,0.0859,2.1276,0.0667,2.0662
1706.00,"","","",108.8987,5.7557,129.9771,5.0649,0.0901,2.1276,0.0701,2.0732
1708.00,"","","",108.8637,5.5555,129.9823,4.8065,0.0945,2.1276,0.0750,2.0801
1710.00,"","","",108.8286,5.4554,129.9771,4.4964,0.0989,2.1276,0.0788,2.0870
1712.00,"","","",108.8036,5.4054,129.9409,4.2897,0.1029,2.1296,0.0823,2.0940
1714.00,"","","",108.7686,5.4054,129.9099,4.1346,0.1075,2.1296,0.0864,2.0974
1716.00,"","","",108.7335,5.4554,129.8892,4.0313,0.1115,2.1296,0.0896,2.0974
1718.00,"","","",108.6935,5.6056,129.8686,3.8762,0.1165,2.1316,0.0937,2.1009
1720.00,"","","",108.6635,5.7557,129.8479,3.7728,0.1205,2.1336,0.0986,2.1044
1722.00,"","","",108.6434,5.9059,129.8375,3.6695,0.1245,2.1356,0.1027,2.1078
1724.00,"","","",108.6184,6.1561,129.8117,3.5661,0.1289,2.1376,0.1059,2.1078
1726.00,"","","",108.5934,6.4064,129.7859,3.5144,0.1330,2.1376,0.1100,2.1078
1728.00,"","","",108.5584,6.7567,129.7549,3.5144,0.1372,2.1376,0.1149,2.1113
1730.00,"","","",108.5183,7.1571,129.7290,3.5144,0.1418,2.1396,0.1183,2.1078
1732.00,"","","",108.4833,7.6076,129.6928,3.6695,0.1462,2.1396,0.1232,2.1078
1734.00,"","","",108.4633,8.1081,129.6670,3.8762,0.1512,2.1396,0.1277,2.1078
