"Time [s]","Event Name","Chamber","Event Text","O2 Concentration  (A) [nmol/ml]","O2 Slope uncorr.  (A) [pmol/(s*ml)]","O2 Concentration  (B) [nmol/ml]","O2 Slope uncorr.  (B) [pmol/(s*ml)]","TMRM  (A) [µM]","TMRM  (B) [µM]","mtMPrel (A)  [au]","mtMPrel  (B)  [au]"
600.00,"LOff, Control, 3XTg","Both, Left, Right","Light off, , ",178.3286,-4.1005,179.5958,-5.0957,0.0116,-0.0115,-0.0011,-0.0011
602.00,"","","",178.3484,-3.9523,179.5804,-4.8384,0.0117,-0.0116,-0.0010,-0.0011
604.00,"","","",178.3583,-3.8535,179.5804,-4.6325,0.0117,-0.0116,-0.0010,-0.0011
606.00,"","","",178.3978,-3.8535,179.5701,-4.4781,0.0118,-0.0116,-0.0010,-0.0011
608.00,"","","",178.4274,-3.9029,179.5598,-4.2207,0.0117,-0.0115,-0.0010,-0.0011
610.00,"","","",178.3879,-3.8041,179.5804,-3.9633,0.0118,-0.0113,-0.0010,-0.0010
612.00,"","","",178.3731,-3.7053,179.6164,-3.7575,0.0120,-0.0113,-0.0009,-0.0010
614.00,"","","",178.3780,-3.5571,179.6216,-3.6545,0.0119,-0.0114,-0.0009,-0.0010
616.00,"","","",178.3929,-3.4583,179.6422,-3.6545,0.0120,-0.0114,-0.0009,-0.0011
618.00,"","","",178.4027,-3.3595,179.6525,-3.5516,0.0120,-0.0114,-0.0009,-0.0010
620.00,"","","",178.4027,-3.2607,179.6422,-3.4486,0.0123,-0.0113,-0.0007,-0.0010
622.00,"","","",178.4176,-3.2113,179.6422,-3.2942,0.0120,-0.0111,-0.0008,-0.0009
624.00,"","","",178.4324,-3.1619,179.6370,-3.1398,0.0121,-0.0110,-0.0008,-0.0008
626.00,"","","",178.4176,-3.1125,179.6422,-2.9854,0.0121,-0.0112,-0.0008,-0.0009
628.00,"","","",178.4027,-3.0630,179.6525,-2.8824,0.0120,-0.0112,-0.0008,-0.0009
630.00,"","","",178.4126,-3.0630,179.6576,-2.7280,0.0125,-0.0112,-0.0006,-0.0010
632.00,"","","",178.4274,-3.0630,179.6370,-2.5736,0.0124,-0.0111,-0.0007,-0.0009
634.00,"","","",178.4373,-3.0136,179.6319,-2.3677,0.0123,-0.0109,-0.0007,-0.0008
636.00,"","","",178.4423,-2.9148,179.6267,-2.2133,0.0123,-0.0110,-0.0007,-0.0008
638.00,"","","",178.4274,-2.8654,179.6319,-2.0589,0.0120,-0.0111,-0.0008,-0.0009
640.00,"","","",178.4324,-2.7666,179.6473,-1.9559,0.0122,-0.0111,-0.0007,-0.0009
642.00,"","","",178.4472,-2.6678,179.6679,-1.8530,0.0124,-0.0108,-0.0007,-0.0008
644.00,"","","",178.4472,-2.5690,179.7039,-1.8015,0.0125,-0.0107,-0.0006,-0.0007
646.00,"","","",178.4324,-2.3714,179.7400,-1.8530,0.0124,-0.0108,-0.0007,-0.0007
648.00,"","","",178.4176,-2.2232,179.7194,-1.8530,0.0128,-0.0106,-0.0005,-0.0007
650.00,"","","",178.4077,-2.0750,179.6936,-1.8015,0.0127,-0.0109,-0.0005,-0.0008
652.00,"","","",178.4077,-1.9268,179.7039,-1.7500,0.0127,-0.0108,-0.0005,-0.0008
654.00,"","","",178.4225,-1.7785,179.6988,-1.7500,0.0124,-0.0108,-0.0007,-0.0008
656.00,"","","",178.4373,-1.6797,179.6782,-1.6471,0.0126,-0.0107,-0.0006,-0.0007
658.00,"","","",178.4521,-1.6303,179.6730,-1.6471,0.0129,-0.0106,-0.0004,-0.0007
660.00,"","","",178.4571,-1.5315,179.6885,-1.6471,0.0125,-0.0106,-0.0006,-0.0006
662.00,"","","",178.4670,-1.4821,179.7091,-1.7500,0.0125,-0.0105,-0.0006,-0.0006
664.00,"","","",178.4768,-1.4821,179.7142,-1.8530,0.0125,-0.0103,-0.0006,-0.0005
666.00,"","","",178.4917,-1.4821,179.7091,-1.9045,0.0126,-0.0103,-0.0006,-0.0005
668.00,"","","",178.5065,-1.5315,179.7142,-1.9045,0.0124,-0.0105,-0.0007,-0.0006
670.00,"","","",178.4917,-1.5809,179.7194,-1.9045,0.0125,-0.0103,-0.0006,-0.0005
672.00,"","","",178.4670,-1.5809,179.7245,-1.9559,0.0124,-0.0103,-0.0007,-0.0005
674.00,"","","",178.4670,-1.5809,179.7142,-1.9559,0.0128,-0.0102,-0.0005,-0.0005
676.00,"","","",178.4620,-1.5315,179.6988,-1.9045,0.0128,-0.0103,-0.0004,-0.0005
678.00,"","","",178.4620,-1.4327,179.7039,-1.8530,0.0131,-0.0103,-0.0003,-0.0005
680.00,"","","",178.4521,-1.2845,179.7091,-1.8015,0.0127,-0.0103,-0.0005,-0.0005
682.00,"","","",178.4423,-1.1857,179.7245,-1.7500,0.0129,-0.0102,-0.0004,-0.0004
684.00,"","","",178.4324,-1.0375,179.7245,-1.6986,0.0128,-0.0102,-0.0004,-0.0004
686.00,"","","",178.4324,-0.9387,179.7297,-1.6471,0.0129,-0.0102,-0.0004,-0.0005
688.00,"","","",178.4274,-0.9387,179.7297,-1.4927,0.0132,-0.0102,-0.0002,-0.0005
690.00,"","","",178.4027,-0.7905,179.7297,-1.3897,0.0129,-0.0099,-0.0004,-0.0003
692.00,"","","",178.4077,-0.5928,179.7348,-1.3897,0.0128,-0.0101,-0.0005,-0.0004
694.00,"","","",178.4373,-0.4940,179.7605,-1.3897,0.0130,-0.0100,-0.0003,-0.0004
696.00,"","","",178.4571,-0.4446,179.7502,-1.3897,0.0125,-0.0101,-0.0006,-0.0004
698.00,"","","",178.4719,-0.4446,179.7348,-1.3897,0.0128,-0.0100,-0.0004,-0.0003
700.00,"","","",178.4571,-0.3952,179.7091,-1.3383,0.0128,-0.0100,-0.0005,-0.0004
702.00,"","","",178.4521,-0.3458,179.6782,-1.1839,0.0129,-0.0100,-0.0004,-0.0004
704.00,"","","",178.4571,-0.3458,179.6679,-1.0294,0.0129,-0.0098,-0.0004,-0.0002
706.00,"","","",178.4571,-0.3458,179.6525,-0.8750,0.0129,-0.0098,-0.0004,-0.0002
708.00,"","","",178.4571,-0.2964,179.6525,-0.6691,0.0131,-0.0099,-0.0003,-0.0003
710.00,"","","",178.4423,-0.1976,179.6473,-0.5147,0.0131,-0.0098,-0.0003,-0.0002
712.00,"","","",178.4472,-0.1482,179.6679,-0.3603,0.0132,-0.0096,-0.0002,-0.0002
714.00,"","","",178.4670,-0.1976,179.6885,-0.2059,0.0133,-0.0095,-0.0002,-0.0001
716.00,"","","",178.4472,-0.1976,179.6782,-0.0515,0.0134,-0.0099,-0.0001,-0.0003
718.00,"","","",178.4373,-0.0988,179.6782,0.1544,0.0136,-0.0097,0.0000,-0.0002
720.00,"","","",178.4521,-0.0988,179.6833,0.3088,0.0137,-0.0097,0.0000,-0.0002
722.00,"","","",178.4472,-0.0988,179.6988,0.3603,0.0134,-0.0096,-0.0001,-0.0002
724.00,"","","",178.4521,-0.0988,179.6782,0.4118,0.0134,-0.0096,-0.0002,-0.0001
726.00,"","","",178.4571,-0.0494,179.6679,0.4118,0.0136,-0.0095,0.0000,-0.0001
728.00,"","","",178.4373,0.0000,179.6936,0.3603,0.0134,-0.0097,-0.0001,-0.0002
730.00,"","","",178.4176,0.1482,179.7142,0.3603,0.0134,-0.0097,-0.0001,-0.0002
732.00,"","","",178.4176,0.2964,179.7194,0.3088,0.0137,-0.0097,0.0000,-0.0002
734.00,"","","",178.4324,0.3952,179.7297,0.2574,0.0137,-0.0098,0.0000,-0.0002
736.00,"","","",178.4423,0.4446,179.7400,0.2574,0.0134,-0.0097,-0.0002,-0.0002
738.00,"","","",178.4274,0.4940,179.7348,0.2574,0.0136,-0.0097,-0.0001,-0.0002
740.00,"","","",178.3879,0.5928,179.7245,0.2574,0.0134,-0.0097,-0.0001,-0.0002
742.00,"","","",178.3780,0.6423,179.7142,0.2059,0.0136,-0.0096,0.0000,-0.0002
744.00,"","","",178.3879,0.6917,179.7091,0.2059,0.0136,-0.0096,-0.0001,-0.0001
746.00,"","","",178.3879,0.7411,179.6833,0.2574,0.0137,-0.0094,0.0000,-0.0001
748.00,"","","",178.3682,0.7411,179.6627,0.3088,0.0136,-0.0095,-0.0001,-0.0001
750.00,"","","",178.3533,0.7905,179.6679,0.3603,0.0137,-0.0095,0.0000,-0.0001
752.00,"","","",178.3632,0.8399,179.6627,0.3603,0.0137,-0.0094,0.0000,-0.0001
754.00,"","","",178.3583,0.9387,179.6679,0.4118,0.0135,-0.0093,-0.0001,0.0000
756.00,"","","",178.3533,0.9881,179.6730,0.4632,0.0136,-0.0094,0.0000,0.0000
758.00,"","","",178.3435,1.0869,179.6730,0.5147,0.0136,-0.0094,-0.0001,-0.0001
760.00,"","","",178.3583,1.1363,179.6576,0.5662,0.0138,-0.0095,0.0000,-0.0001
762.00,"","","",178.3780,1.1857,179.6576,0.5662,0.0137,-0.0093,0.0000,0.0000
764.00,"","","",178.3484,1.2845,179.6473,0.6177,0.0138,-0.0093,0.0000,0.0000
766.00,"","","",178.3138,1.4821,179.6422,0.6177,0.0141,-0.0093,0.0002,0.0000
768.00,"","","",178.2941,1.6303,179.6473,0.6177,0.0140,-0.0091,0.0001,0.0001
770.00,"","","",178.3089,1.8774,179.6525,0.6177,0.0137,-0.0088,0.0000,0.0002
772.00,"","","",178.3336,1.9762,179.6525,0.6177,0.0137,-0.0091,0.0000,0.0001
774.00,"","","",178.3286,2.0750,179.6525,0.5147,0.0141,-0.0088,0.0002,0.0002
776.00,"","","",178.3089,2.1738,179.6525,0.4632,0.0141,-0.0089,0.0002,0.0002
778.00,"","","",178.2990,2.2232,179.6422,0.4118,0.0140,-0.0090,0.0001,0.0002
780.00,"","","",178.2990,2.2726,179.6473,0.4118,0.0142,-0.0089,0.0003,0.0002
782.00,"","","",178.2891,2.3220,179.6370,0.4632,0.0141,-0.0089,0.0002,0.0002
784.00,"","","",178.2891,2.3714,179.6164,0.6177,0.0139,-0.0090,0.0001,0.0002
786.00,"","","",178.2792,2.4208,179.6061,0.7721,0.0141,-0.0087,0.0002,0.0003
788.00,"T0.5","Both","",178.2693,2.5196,179.6061,0.9265,0.0138,-0.0088,0.0000,0.0002
790.00,"","","",178.2743,2.5690,179.5907,1.1324,0.1581,-0.0089,0.0722,0.0002
792.00,"","","",178.2644,2.6184,179.5907,1.2868,0.4852,-0.0089,0.2357,0.0002
794.00,"","","",178.3435,2.4702,179.6113,1.3383,0.5035,-0.0089,0.2448,0.0002
796.00,"","","",178.4126,2.1738,179.6319,1.3897,0.5004,-0.0090,0.2433,0.0002
798.00,"","","",178.4620,1.8774,179.6061,1.4412,0.4968,0.1094,0.2415,0.0590
800.00,"","","",178.5065,1.4327,179.6010,1.5442,0.4937,0.4942,0.2400,0.2501
802.00,"","","",178.5114,0.9881,179.6988,1.3897,0.4905,0.5231,0.2383,0.2645
804.00,"","","",178.4917,0.5928,179.7605,1.1839,0.4878,0.5195,0.2370,0.2627
806.00,"","","",178.4719,0.2470,179.7708,0.9780,0.4851,0.5152,0.2356,0.2605
808.00,"","","",178.4423,0.0000,179.7708,0.7206,0.4826,0.5115,0.2344,0.2587
810.00,"","","",178.4373,-0.2470,179.7760,0.4632,0.4802,0.5081,0.2332,0.2570
812.00,"","","",178.4472,-0.4940,179.7914,0.1544,0.4785,0.5049,0.2323,0.2554
814.00,"","","",178.4373,-0.7411,179.7966,-0.2059,0.4764,0.5018,0.2313,0.2539
816.00,"","","",178.4225,-0.9881,179.7966,-0.5662,0.4749,0.4992,0.2305,0.2526
818.00,"","","",178.4176,-1.1857,179.7760,-0.8750,0.4733,0.4968,0.2297,0.2514
820.00,"","","",178.4373,-1.3339,179.7914,-1.1839,0.4715,0.4944,0.2288,0.2502
822.00,"","","",178.4324,-1.4821,179.8017,-1.4412,0.4695,0.4922,0.2278,0.2491
824.00,"T 1.0","Both","",178.4176,-1.5809,179.8120,-1.7500,0.4684,0.4901,0.2273,0.2481
826.00,"","","",178.4126,-1.6797,179.8223,-2.0074,0.4670,0.4879,0.2266,0.2470
828.00,"","","",178.4274,-1.7785,179.8120,-2.2133,0.4658,0.4862,0.2260,0.2461
830.00,"","","",178.4373,-1.8774,179.7914,-2.3677,0.7660,0.4844,0.3761,0.2452
832.00,"","","",178.4373,-1.9762,179.7914,-2.4707,1.0100,0.4827,0.4980,0.2444
834.00,"","","",178.5411,-2.2232,179.8069,-2.6251,1.0137,0.4812,0.4998,0.2436
836.00,"","","",178.6053,-2.5690,179.8069,-2.7795,1.0092,0.4797,0.4976,0.2429
838.00,"","","",178.6448,-2.9642,179.7863,-2.8824,1.0047,0.4787,0.4954,0.2424
840.00,"","","",178.6646,-3.3595,179.7914,-2.9339,1.0007,0.8394,0.4933,0.4216
842.00,"","","",178.6448,-3.7547,179.8378,-3.0883,0.9969,1.0187,0.4915,0.5106
844.00,"","","",178.6201,-4.0511,179.8892,-3.2942,0.9935,1.0171,0.4898,0.5098
846.00,"","","",178.6053,-4.1993,179.9407,-3.5516,0.9905,1.0122,0.4883,0.5074
848.00,"","","",178.6349,-4.3476,179.9561,-3.8089,0.9872,1.0077,0.4866,0.5051
850.00,"","","",178.6448,-4.4958,179.9407,-4.0148,0.9846,1.0035,0.4853,0.5031
852.00,"","","",178.6300,-4.5946,179.9664,-4.2722,0.9823,0.9995,0.4842,0.5011
854.00,"","","",178.6399,-4.7428,179.9922,-4.5295,0.9793,0.9962,0.4827,0.4994
856.00,"T 1.5","Both","",178.6448,-4.7922,179.9922,-4.7354,0.9771,0.9930,0.4815,0.4979
858.00,"","","",178.6349,-4.7922,179.9922,-4.9413,1.0080,0.9898,0.4970,0.4963
860.00,"","","",178.6004,-4.6934,179.9716,-5.0442,1.4443,0.9870,0.7151,0.4949
862.00,"","","",178.6448,-4.5946,179.9716,-5.0957,1.5212,0.9842,0.7535,0.4935
864.00,"","","",178.7288,-4.6440,179.9716,-5.0957,1.5165,0.9819,0.7512,0.4924
866.00,"","","",178.7733,-4.7428,179.9716,-5.0442,1.5111,0.9863,0.7485,0.4945
868.00,"","","",178.7930,-4.7922,179.9716,-4.9413,1.5061,1.4079,0.7460,0.7039
870.00,"","","",178.8029,-4.7922,180.0179,-4.8384,1.5022,1.5235,0.7440,0.7614
872.00,"","","",178.8079,-4.7922,180.1054,-4.8898,1.4983,1.5211,0.7421,0.7602
874.00,"","","",178.8079,-4.8416,180.1775,-5.0957,1.4945,1.5157,0.7402,0.7575
876.00,"","","",178.8227,-4.9898,180.2032,-5.2501,1.4910,1.5112,0.7384,0.7553
878.00,"","","",178.8424,-5.2862,180.1981,-5.3531,1.4879,1.5069,0.7369,0.7531
880.00,"","","",178.8375,-5.5827,180.2135,-5.4046,1.4848,1.5029,0.7353,0.7511
882.00,"","","",178.8177,-5.8791,180.2495,-5.6619,1.4821,1.4989,0.7340,0.7492
884.00,"","","",178.8128,-6.0273,180.2495,-5.9707,1.4796,1.4953,0.7327,0.7474
886.00,"T 2.0","Both","",178.8079,-6.1261,180.2341,-6.2281,1.5251,1.4923,0.7555,0.7459
888.00,"","","",178.7782,-6.1261,180.2135,-6.4340,1.9642,1.4891,0.9750,0.7443
890.00,"","","",178.8918,-6.2249,180.2032,-6.5369,2.0261,1.4864,1.0059,0.7429
892.00,"","","",178.9709,-6.4719,180.1981,-6.6913,2.0219,1.4837,1.0038,0.7416
894.00,"","","",179.0153,-6.7189,180.1929,-6.7428,2.0169,1.4811,1.0013,0.7403
896.00,"","","",179.0302,-6.9660,180.1620,-6.7428,2.0116,1.6282,0.9987,0.8134
898.00,"","","",179.0252,-7.0648,180.1672,-6.6399,2.0075,1.9994,0.9966,0.9978
900.00,"","","",179.0252,-7.1636,180.2907,-6.7943,2.0035,2.0192,0.9946,1.0076
902.00,"","","",179.0302,-7.2624,180.3422,-6.9487,1.9998,2.0149,0.9928,1.0055
904.00,"","","",179.0351,-7.2130,180.3576,-7.1546,1.9965,2.0101,0.9911,1.0031
906.00,"","","",179.0401,-7.1636,180.3782,-7.3605,1.9938,2.0058,0.9897,1.0009
908.00,"","","",179.0401,-7.0154,180.4039,-7.5664,1.9912,2.0020,0.9885,0.9990
910.00,"","","",179.0302,-6.8672,180.4091,-7.6693,1.9884,1.9981,0.9871,0.9971
912.00,"","","",179.0153,-6.6201,180.4039,-7.6693,1.9859,1.9945,0.9858,0.9953
914.00,"","","",179.0203,-6.5213,180.4091,-7.6693,1.9833,1.9913,0.9845,0.9938
916.00,"","","",179.0302,-6.5213,180.4091,-7.6178,1.9810,1.9883,0.9833,0.9923
918.00,"","","",179.0203,-6.5707,180.3885,-7.4634,1.9790,1.9855,0.9823,0.9909
920.00,"","","",178.9857,-6.5213,180.3782,-7.2061,1.9772,1.9827,0.9815,0.9895
922.00,"","","",178.9659,-6.3731,180.3731,-7.0002,1.9752,1.9802,0.9804,0.9882
924.00,"","","",178.9709,-6.1755,180.3782,-6.7943,1.9734,1.9779,0.9796,0.9871
926.00,"","","",178.9758,-5.8791,180.3782,-6.6913,1.9712,1.9756,0.9785,0.9859
928.00,"","","",178.9709,-5.6321,180.3885,-6.5884,1.9696,1.9733,0.9777,0.9848
930.00,"","","",178.9659,-5.3850,180.3885,-6.4340,1.9677,1.9711,0.9767,0.9837
932.00,"","","",178.9412,-4.9898,180.3731,-6.2281,1.9666,1.9688,0.9762,0.9826
934.00,"","","",178.9067,-4.5452,180.3628,-6.0222,1.9650,1.9668,0.9754,0.9816
936.00,"","","",178.9017,-4.0511,180.3628,-5.8163,1.9637,1.9649,0.9747,0.9806
938.00,"","","",178.9215,-3.6065,180.3679,-5.5075,1.9618,1.9631,0.9737,0.9797
940.00,"","","",178.9363,-3.0630,180.3525,-5.1472,1.9605,1.9612,0.9731,0.9788
942.00,"","","",178.9462,-2.5690,180.3473,-4.7354,1.9595,1.9594,0.9726,0.9779
944.00,"","","",178.9511,-2.2232,180.3576,-4.3236,1.9582,1.9578,0.9720,0.9771
946.00,"","","",178.9462,-1.9762,180.3576,-3.8604,1.9570,1.9560,0.9714,0.9762
948.00,"","","",178.9412,-1.6797,180.3525,-3.3457,1.9556,1.9544,0.9707,0.9754
950.00,"","","",178.9264,-1.3833,180.3576,-2.9339,1.9544,1.9529,0.9701,0.9747
952.00,"","","",178.9215,-1.0869,180.3679,-2.6251,1.9532,1.9514,0.9695,0.9739
954.00,"","","",178.9215,-0.7905,180.3576,-2.4192,1.9522,1.9497,0.9690,0.9731
956.00,"","","",178.9165,-0.4940,180.3422,-2.2133,1.9511,1.9481,0.9684,0.9723
958.00,"","","",178.9067,-0.1976,180.3370,-2.0074,1.9497,1.9467,0.9677,0.9716
960.00,"","","",178.9116,0.0988,180.3370,-1.8015,1.9488,1.9453,0.9673,0.9709
962.00,"","","",178.9017,0.4446,180.3319,-1.6471,1.9476,1.9439,0.9667,0.9702
964.00,"","","",178.8770,0.8893,180.3319,-1.4927,1.9466,1.9424,0.9662,0.9695
966.00,"","","",178.8770,1.2845,180.3422,-1.2868,1.9454,1.9410,0.9656,0.9688
968.00,"","","",178.8770,1.8279,180.3422,-1.0809,1.9447,1.9395,0.9652,0.9680
970.00,"","","",178.8770,2.0750,180.3370,-0.7721,1.9438,1.9383,0.9648,0.9674
972.00,"","","",178.8770,2.2232,180.3164,-0.4632,1.9428,1.9369,0.9643,0.9667
974.00,"","","",178.8869,2.2726,180.3061,-0.0515,1.9420,1.9357,0.9639,0.9661
976.00,"Glu","Both","",178.8869,2.2232,180.2856,0.4118,1.9409,1.9345,0.9633,0.9655
978.00,"","","",178.8721,2.2726,180.2444,0.9780,1.9398,1.9332,0.9627,0.9649
980.00,"","","",178.7832,2.4208,180.2289,1.3383,1.9168,1.9320,0.9512,0.9643
982.00,"","","",178.6646,2.7666,180.2392,1.5956,1.8625,1.9309,0.9241,0.9638
984.00,"","","",178.5658,3.2113,180.2547,1.7500,1.8334,1.9298,0.9096,0.9632
986.00,"","","",178.5015,3.7547,180.2341,1.9045,1.8306,1.9232,0.9082,0.9599
988.00,"","","",178.4670,4.2981,180.1054,2.2133,1.8378,1.8914,0.9118,0.9441
990.00,"","","",178.4274,4.8910,179.9664,2.7795,1.8477,1.8618,0.9167,0.9294
992.00,"","","",178.3879,5.5332,179.8635,3.4486,1.8565,1.8526,0.9211,0.9249
994.00,"","","",178.3682,6.1755,179.8120,4.2207,1.8645,1.8538,0.9251,0.9254
996.00,"","","",178.3484,6.7189,179.8172,4.8898,1.8713,1.8580,0.9285,0.9275
998.00,"","","",178.3237,7.2624,179.8378,5.5075,1.8769,1.8625,0.9313,0.9298
1000.00,"","","",178.3237,7.8552,179.8635,6.0222,1.8809,1.8671,0.9333,0.9320
1002.00,"","","",178.3286,8.3493,179.8738,6.4855,1.8847,1.8710,0.9352,0.9340
1004.00,"","","",178.3286,8.8433,179.8480,7.0002,1.8876,1.8743,0.9367,0.9356
1006.00,"","","",178.3336,9.1891,179.8069,7.4634,1.8894,1.8770,0.9376,0.9370
1008.00,"","","",178.3286,9.5350,179.7760,7.9267,1.8909,1.8788,0.9383,0.9379
1010.00,"","","",178.3286,9.8314,179.7451,8.4414,1.8917,1.8802,0.9387,0.9386
1012.00,"","","",178.3188,10.1278,179.7400,8.9046,1.8925,1.8814,0.9391,0.9392
1014.00,"","","",178.3237,10.4242,179.7708,9.2649,1.8928,1.8822,0.9393,0.9396
1016.00,"","","",178.2941,10.7207,179.7708,9.5738,1.8929,1.8823,0.9393,0.9396
1018.00,"","","",178.2595,10.9677,179.7605,9.8311,1.8933,1.8823,0.9395,0.9396
1020.00,"","","",178.2496,11.1653,179.7348,10.0885,1.8925,1.8822,0.9391,0.9396
1022.00,"","","",178.2397,11.3135,179.7245,10.3459,1.8913,1.8821,0.9385,0.9395
1024.00,"","","",178.2298,11.3629,179.7245,10.5003,1.8909,1.8817,0.9383,0.9393
1026.00,"","","",178.2101,11.4617,179.7297,10.6032,1.8895,1.8813,0.9376,0.9391
1028.00,"","","",178.2002,11.4617,179.7039,10.7062,1.8900,1.8803,0.9379,0.9386
1030.00,"","","",178.1656,11.4617,179.6833,10.7576,1.8901,1.8797,0.9379,0.9383
1032.00,"","","",178.1310,11.5111,179.6473,10.8091,1.8899,1.8785,0.9378,0.9377
1034.00,"","","",178.1014,11.5111,179.6216,10.8606,1.8891,1.8778,0.9374,0.9374
1036.00,"","","",178.0717,11.5111,179.6370,10.8606,1.8884,1.8769,0.9371,0.9369
1038.00,"","","",178.0322,11.5605,179.6370,10.7576,1.8884,1.8760,0.9371,0.9364
1040.00,"","","",178.0124,11.5111,179.6061,10.7062,1.8877,1.8751,0.9367,0.9360
1042.00,"","","",177.9779,11.4617,179.6061,10.5517,1.8872,1.8744,0.9364,0.9357
1044.00,"","","",177.9482,11.4123,179.6113,10.3459,1.8865,1.8735,0.9361,0.9352
1046.00,"","","",177.9630,11.2641,179.5958,10.0370,1.8854,1.8723,0.9356,0.9346
1048.00,"","","",177.9927,11.0171,179.5907,9.7282,1.8844,1.8714,0.9351,0.9342
1050.00,"","","",177.9976,10.6219,179.6061,9.2649,1.8835,1.8707,0.9346,0.9338
1052.00,"","","",177.9877,10.1772,179.6113,8.8017,1.8829,1.8697,0.9343,0.9333
1054.00,"","","",177.9927,9.6338,179.6010,8.3385,1.8824,1.8687,0.9341,0.9329
1056.00,"Pyr","Both","",177.9828,9.0409,179.5958,7.8237,1.8813,1.8678,0.9335,0.9324
1058.00,"","","",177.9729,8.3493,179.5752,7.3605,1.8672,1.8671,0.9265,0.9320
1060.00,"","","",178.0026,7.7564,179.5392,6.9487,1.8146,1.8662,0.9002,0.9316
1062.00,"","","",178.2743,6.7683,179.5032,6.4855,1.7672,1.8653,0.8765,0.9312
1064.00,"","","",178.4521,5.6321,179.5032,5.9193,1.7147,1.8646,0.8502,0.9308
1066.00,"","","",178.5065,4.4958,179.5289,5.3016,1.6654,1.8636,0.8256,0.9303
1068.00,"","","",178.5164,3.4583,179.5598,4.8384,1.6223,1.8617,0.8040,0.9294
1070.00,"","","",178.5312,2.4208,179.5032,4.6325,1.5860,1.8284,0.7859,0.9128
1072.00,"","","",178.5164,1.5315,179.7142,4.2207,1.5550,1.7946,0.7704,0.8961
1074.00,"","","",178.5114,0.6423,179.8841,3.6030,1.5289,1.7584,0.7574,0.8780
1076.00,"","","",178.5263,-0.1482,179.9716,2.7795,1.5062,1.7205,0.7460,0.8592
1078.00,"","","",178.5114,-0.8893,180.0076,1.9045,1.4859,1.6851,0.7359,0.8417
1080.00,"","","",178.4670,-1.5315,180.0488,0.9265,1.4686,1.6534,0.7272,0.8259
1082.00,"","","",178.4324,-2.0750,180.0694,-0.1544,1.4523,1.6255,0.7191,0.8120
1084.00,"","","",178.4077,-2.6184,180.0591,-1.0809,1.4375,1.6005,0.7117,0.7996
1086.00,"","","",178.3731,-3.0630,180.0333,-1.9045,1.4242,1.5783,0.7050,0.7886
1088.00,"","","",178.3336,-3.4089,180.0333,-2.6251,1.4125,1.5581,0.6992,0.7786
1090.00,"","","",178.3188,-3.7547,180.0333,-3.2427,1.4016,1.5395,0.6938,0.7693
1092.00,"","","",178.2743,-4.0017,180.0385,-3.8604,1.3915,1.5228,0.6887,0.7610
1094.00,"","","",178.2595,-4.2487,180.0385,-4.5295,1.3828,1.5075,0.6843,0.7534
1096.00,"","","",178.2595,-4.3970,180.0436,-5.1472,1.3750,1.4937,0.6805,0.7466
1098.00,"","","",178.2397,-4.4958,180.0179,-5.6619,1.3679,1.4811,0.6769,0.7403
1100.00,"","","",178.1952,-4.4464,179.9613,-6.0222,1.3604,1.4694,0.6732,0.7345
1102.00,"","","",178.1557,-4.3476,179.9150,-6.2796,1.3545,1.4585,0.6702,0.7291
1104.00,"","","",178.1014,-4.1499,179.9304,-6.5369,1.3490,1.4488,0.6674,0.7243
1106.00,"","","",178.0619,-3.8041,179.9304,-6.7428,1.3436,1.4400,0.6648,0.7199
1108.00,"","","",178.0520,-3.4583,179.8841,-6.8458,1.3368,1.4318,0.6614,0.7158
1110.00,"","","",178.0668,-3.1125,179.8480,-6.7943,1.3325,1.4241,0.6592,0.7120
1112.00,"","","",178.0520,-2.6678,179.8326,-6.6399,1.3286,1.4175,0.6572,0.7087
1114.00,"","","",178.0075,-2.0750,179.7863,-6.3310,1.3249,1.4112,0.6554,0.7056
1116.00,"","","",177.9581,-1.3339,179.7554,-5.9707,1.3215,1.4055,0.6537,0.7028
1118.00,"","","",177.9334,-0.4940,179.7194,-5.5590,1.3179,1.4001,0.6519,0.7001
1120.00,"","","",177.9235,0.3458,179.6936,-5.0442,1.3146,1.3951,0.6502,0.6976
1122.00,"","","",177.8939,1.3339,179.6627,-4.4266,1.3113,1.3907,0.6486,0.6954
1124.00,"","","",177.8840,2.4208,179.6525,-3.8089,1.3085,1.3865,0.6472,0.6933
1126.00,"","","",177.8741,3.4583,179.6576,-3.1398,1.3057,1.3826,0.6458,0.6914
1128.00,"","","",177.8445,4.4958,179.6525,-2.4707,1.3029,1.3788,0.6444,0.6895
1130.00,"","","",177.8099,5.5332,179.6370,-1.8015,1.3004,1.3754,0.6432,0.6878
1132.00,"","","",177.7506,6.7189,179.6164,-1.1324,1.2983,1.3722,0.6421,0.6862
1134.00,"","","",177.7111,7.9540,179.5855,-0.3603,1.2960,1.3693,0.6409,0.6848
1136.00,"","","",177.6617,9.2385,179.5649,0.4632,1.2937,1.3663,0.6398,0.6833
1138.00,"","","",177.6370,10.5725,179.5289,1.3897,1.2917,1.3635,0.6388,0.6819
1140.00,"","","",177.6024,11.9064,179.4877,2.4707,1.2894,1.3610,0.6376,0.6806
1142.00,"","","",177.5629,12.7462,179.4672,3.6545,1.2873,1.3583,0.6366,0.6793
1144.00,"","","",177.5332,13.1909,179.4363,4.8898,1.2853,1.3559,0.6356,0.6781
1146.00,"","","",177.5085,13.5367,179.3694,6.1766,1.2835,1.3537,0.6347,0.6770
1148.00,"","","",177.4888,13.7837,179.3282,7.4634,1.2816,1.3514,0.6338,0.6759
1150.00,"","","",177.4591,13.9319,179.3230,8.8532,1.2804,1.3494,0.6331,0.6749
1152.00,"","","",177.4394,14.0801,179.2973,9.8311,1.2788,1.3472,0.6324,0.6738
1154.00,"","","",177.3900,14.2283,179.2664,10.5517,1.2774,1.3455,0.6316,0.6729
1156.00,"","","",177.3455,14.3272,179.2201,11.1179,1.2757,1.3435,0.6308,0.6720
1158.00,"","","",177.3257,14.3766,179.1789,11.6327,1.2745,1.3420,0.6302,0.6712
1160.00,"","","",177.2961,14.4260,179.1532,11.9930,1.2731,1.3399,0.6295,0.6702
1162.00,"","","",177.2664,14.5248,179.1429,12.2503,1.2720,1.3384,0.6290,0.6694
1164.00,"","","",177.2072,14.6236,179.1223,12.5077,1.2707,1.3369,0.6283,0.6687
1166.00,"","","",177.1578,14.8212,179.1120,12.7650,1.2695,1.3354,0.6277,0.6679
1168.00,"Malate","Both","",177.1479,14.9694,179.0914,12.9195,1.2692,1.3335,0.6275,0.6670
1170.00,"","","",177.1084,15.1176,179.0708,13.0739,1.2482,1.3322,0.6171,0.6663
1172.00,"","","",177.1182,15.2164,179.0657,13.1253,1.1853,1.3307,0.5856,0.6656
1174.00,"","","",177.1281,15.2164,179.0451,13.1253,1.1531,1.3293,0.5695,0.6649
1176.00,"","","",177.1133,15.1176,178.9936,13.0739,1.1389,1.3280,0.5624,0.6643
1178.00,"","","",177.0639,15.0682,178.9524,13.0739,1.1319,1.2800,0.5589,0.6404
1180.00,"","","",177.0095,15.0682,178.9679,13.0739,1.1279,1.2315,0.5569,0.6163
1182.00,"","","",176.9750,15.1176,178.9627,13.0739,1.1254,1.2096,0.5557,0.6054
1184.00,"","","",176.9404,15.2164,178.9370,12.9709,1.1241,1.1991,0.5550,0.6002
1186.00,"","","",176.8762,15.4140,178.9061,12.8680,1.1233,1.1936,0.5546,0.5975
1188.00,"","","",176.7922,15.6611,178.8752,12.8165,1.1228,1.1905,0.5544,0.5960
1190.00,"","","",176.7181,15.8587,178.8443,12.7650,1.1224,1.1885,0.5542,0.5950
1192.00,"","","",176.6637,16.1057,178.8032,12.7650,1.1224,1.1871,0.5542,0.5943
1194.00,"","","",176.5946,16.4021,178.7414,12.8165,1.1220,1.1861,0.5540,0.5938
1196.00,"","","",176.5353,16.7974,178.6899,12.9709,1.1219,1.1855,0.5539,0.5935
1198.00,"","","",176.4908,17.1926,178.6487,13.1253,1.1217,1.1851,0.5538,0.5933
1200.00,"","","",176.4365,17.5878,178.6436,13.2798,1.1216,1.1847,0.5538,0.5931
1202.00,"","","",176.3673,17.9831,178.6024,13.4342,1.1215,1.1844,0.5537,0.5930
1204.00,"","","",176.3228,18.3289,178.5612,13.6401,1.1216,1.1842,0.5538,0.5928
1206.00,"","","",176.2734,18.6747,178.5098,13.7945,1.1215,1.1839,0.5537,0.5927
1208.00,"","","",176.2290,18.9711,178.4635,13.8974,1.1216,1.1835,0.5538,0.5925
1210.00,"","","",176.1499,19.3664,178.4223,14.0518,1.1217,1.1833,0.5538,0.5924
1212.00,"","","",176.0610,19.8604,178.3451,14.2577,1.1218,1.1831,0.5539,0.5923
1214.00,"","","",175.9721,20.4533,178.2833,14.5151,1.1218,1.1831,0.5539,0.5923
1216.00,"","","",175.9128,21.0461,178.2318,14.7724,1.1219,1.1829,0.5540,0.5922
1218.00,"","","",175.8733,21.6389,178.1701,15.0813,1.1219,1.1827,0.5540,0.5921
1220.00,"","","",175.8288,22.1824,178.1443,15.4416,1.1219,1.1826,0.5539,0.5921
1222.00,"","","",175.7794,22.7752,178.1237,15.6989,1.1223,1.1825,0.5541,0.5920
1224.00,"","","",175.7053,23.3187,178.0620,16.0078,1.1223,1.1826,0.5541,0.5920
1226.00,"","","",175.6213,23.9609,178.0002,16.4195,1.1221,1.1825,0.5540,0.5920
1228.00,"","","",175.5768,24.5044,177.9384,16.9343,1.1222,1.1823,0.5541,0.5919
1230.00,"","","",175.5324,25.0478,177.9178,17.3460,1.1223,1.1820,0.5541,0.5918
1232.00,"","","",175.4731,25.4925,177.8921,17.7063,1.1226,1.1820,0.5543,0.5918
1234.00,"","","",175.4039,26.0359,177.8509,18.1181,1.1226,1.1819,0.5543,0.5917
1236.00,"","","",175.3446,26.5299,177.8098,18.5299,1.1223,1.1819,0.5541,0.5917
1238.00,"","","",175.3002,27.0240,177.7480,18.9931,1.1229,1.1817,0.5544,0.5916
1240.00,"","","",175.2508,27.4192,177.6862,19.5079,1.1228,1.1818,0.5544,0.5916
1242.00,"","","",175.2014,27.7650,177.6348,19.9711,1.1227,1.1818,0.5544,0.5916
1244.00,"","","",175.1421,28.1603,177.5730,20.4344,1.1227,1.1817,0.5543,0.5916
1246.00,"","","",175.0482,28.6543,177.5267,20.8976,1.1227,1.1816,0.5543,0.5915
1248.00,"","","",174.9692,29.0989,177.4855,21.3094,1.1228,1.1816,0.5544,0.5915
1250.00,"","","",174.9395,29.4448,177.4700,21.6182,1.1231,1.1810,0.5545,0.5913
1252.00,"","","",174.9049,29.6424,177.4443,21.8756,1.1234,1.1811,0.5547,0.5913
1254.00,"","","",174.8407,29.7412,177.3980,22.0815,1.1234,1.1813,0.5547,0.5914
1256.00,"","","",174.7715,29.7906,177.3517,22.3388,1.1234,1.1811,0.5547,0.5913
1258.00,"","","",174.7123,29.7906,177.2796,22.5962,1.1235,1.1811,0.5547,0.5913
1260.00,"","","",174.6382,29.8400,177.1921,22.9050,1.1232,1.1812,0.5546,0.5913
1262.00,"","","",174.5789,29.8400,177.1200,23.1109,1.1235,1.1811,0.5547,0.5913
1264.00,"","","",174.5097,29.7906,177.0686,23.3168,1.1234,1.1813,0.5547,0.5914
1266.00,"","","",174.4405,29.7412,177.0428,23.4712,1.1237,1.1814,0.5548,0.5914
1268.00,"","","",174.3763,29.7906,177.0274,23.5227,1.1238,1.1814,0.5549,0.5914
1270.00,"","","",174.3071,29.8894,176.9759,23.5741,1.1242,1.1813,0.5551,0.5914
1272.00,"","","",174.2627,29.8894,176.8987,23.6771,1.1240,1.1813,0.5550,0.5914
1274.00,"","","",174.2133,29.9388,176.8421,23.7800,1.1240,1.1813,0.5550,0.5914
1276.00,"","","",174.1392,29.9882,176.7906,23.9344,1.1243,1.1813,0.5551,0.5914
1278.00,"","","",174.0552,30.0376,176.7443,24.0374,1.1243,1.1810,0.5552,0.5913
1280.00,"","","",173.9712,30.1858,176.7083,24.0889,1.1245,1.1810,0.5552,0.5913
1282.00,"","","",173.9218,30.2352,176.6825,24.0374,1.1248,1.1811,0.5554,0.5913
1284.00,"","","",173.8724,30.2846,176.6413,23.9859,1.1248,1.1812,0.5554,0.5913
1286.00,"","","",173.8181,30.2846,176.5899,23.9344,1.1248,1.1810,0.5554,0.5913
1288.00,"","","",173.7588,30.2846,176.5230,23.9344,1.1251,1.1813,0.5555,0.5914
1290.00,"","","",173.6896,30.2846,176.4355,23.9859,1.1250,1.1812,0.5555,0.5913
1292.00,"","","",173.6106,30.3835,176.3634,24.1403,1.1251,1.1813,0.5555,0.5914
1294.00,"ADP","Both","",173.5364,30.5811,176.3016,24.2947,1.1264,1.1813,0.5562,0.5914
1296.00,"","","",173.4376,30.7787,176.2502,24.5006,1.1958,1.1813,0.5909,0.5914
1298.00,"","","",173.4376,30.8775,176.1935,24.7580,1.3101,1.1813,0.6480,0.5914
1300.00,"","","",173.3932,30.9269,176.1421,24.9124,1.3898,1.1813,0.6879,0.5914
1302.00,"","","",173.2746,31.0257,176.1060,25.0154,1.4364,1.1814,0.7112,0.5914
1304.00,"","","",173.1215,31.3221,176.0752,25.1183,1.4637,1.1817,0.7248,0.5916
1306.00,"","","",172.9337,31.8656,176.0134,25.2727,1.4804,1.1815,0.7331,0.5915
1308.00,"","","",172.7312,32.6560,175.9207,25.4786,1.4920,1.1931,0.7389,0.5973
1310.00,"","","",172.4841,33.6935,175.8899,25.6330,1.5005,1.2845,0.7432,0.6426
1312.00,"","","",172.2470,34.9780,175.9259,25.5815,1.5066,1.3778,0.7462,0.6890
1314.00,"","","",172.0099,36.5095,175.8899,25.4786,1.5116,1.4385,0.7487,0.7192
1316.00,"","","",171.7530,38.3375,175.7818,25.4786,1.5153,1.4730,0.7506,0.7363
1318.00,"","","",171.4812,40.4125,175.6479,25.6330,1.5181,1.4938,0.7520,0.7466
1320.00,"","","",171.1898,42.7344,175.4781,26.0448,1.5199,1.5071,0.7529,0.7532
1322.00,"","","",170.8983,45.3529,175.2979,26.6625,1.5215,1.5163,0.7537,0.7578
1324.00,"","","",170.6167,48.1689,175.1487,27.4345,1.5229,1.5229,0.7544,0.7611
1326.00,"","","",170.3351,51.2319,174.9788,28.4125,1.5236,1.5282,0.7547,0.7637
1328.00,"","","",170.0386,54.5914,174.7626,29.5964,1.5242,1.5322,0.7550,0.7657
1330.00,"","","",169.7323,58.0497,174.5619,30.9346,1.5245,1.5355,0.7552,0.7673
1332.00,"","","",169.4063,61.7550,174.3714,32.4273,1.5246,1.5377,0.7552,0.7685
1334.00,"","","",169.0851,65.6085,174.1810,34.0229,1.5245,1.5397,0.7552,0.7694
1336.00,"","","",168.7640,69.6596,173.9802,35.8245,1.5245,1.5411,0.7552,0.7701
1338.00,"","","",168.4429,73.8096,173.7332,37.8319,1.5242,1.5425,0.7550,0.7708
1340.00,"","","",168.1415,78.1077,173.4758,40.1996,1.5239,1.5431,0.7549,0.7711
1342.00,"","","",167.8550,82.4059,173.2442,42.7732,1.5234,1.5438,0.7546,0.7714
1344.00,"","","",167.5536,86.8028,173.0177,45.5012,1.5229,1.5443,0.7544,0.7717
1346.00,"","","",167.2572,91.1504,172.8067,48.2292,1.5224,1.5447,0.7541,0.7719
1348.00,"","","",166.9460,95.5967,172.5957,51.0601,1.5218,1.5445,0.7538,0.7718
1350.00,"","","",166.6149,100.0431,172.3640,53.9426,1.5215,1.5443,0.7537,0.7717
1352.00,"","","",166.2790,104.4400,172.1376,56.9794,1.5207,1.5442,0.7533,0.7717
1354.00,"","","",165.9678,108.7876,171.9059,60.0677,1.5201,1.5442,0.7530,0.7716
1356.00,"","","",165.6565,113.0857,171.6434,63.3105,1.5195,1.5441,0.7527,0.7716
1358.00,"","","",165.3156,117.3345,171.4118,66.5532,1.5187,1.5436,0.7522,0.7714
1360.00,"","","",164.9846,121.5832,171.1699,69.8474,1.5180,1.5432,0.7519,0.7711
1362.00,"","","",164.6536,125.6343,170.9125,73.0901,1.5173,1.5428,0.7516,0.7710
1364.00,"","","",164.3078,129.5867,170.6809,76.3329,1.5166,1.5424,0.7512,0.7708
1366.00,"","","",163.9768,133.3414,170.4596,79.5241,1.5161,1.5420,0.7510,0.7705
1368.00,"","","",163.6804,136.7996,170.2434,82.6124,1.5153,1.5413,0.7506,0.7702
1370.00,"","","",163.3790,140.0109,169.9963,85.8037,1.5148,1.5408,0.7503,0.7699
1372.00,"","","",163.0776,142.9751,169.7390,88.9435,1.5139,1.5403,0.7499,0.7697
1374.00,"","","",162.7713,145.6430,169.4765,92.0833,1.5133,1.5396,0.7496,0.7693
1376.00,"","","",162.4601,148.0638,169.2294,95.1201,1.5127,1.5390,0.7493,0.7690
1378.00,"","","",162.1439,150.0399,168.9823,98.1055,1.5121,1.5385,0.7490,0.7688
1380.00,"","","",161.8030,151.6702,168.7661,100.8335,1.5115,1.5379,0.7487,0.7685
1382.00,"","","",161.4671,153.0042,168.5448,103.4071,1.5107,1.5373,0.7483,0.7682
1384.00,"","","",161.1509,154.1898,168.3029,105.7748,1.5104,1.5367,0.7481,0.7679
1386.00,"","","",160.8396,155.1285,168.0455,107.9366,1.5094,1.5361,0.7476,0.7676
1388.00,"","","",160.5185,155.9190,167.7933,110.0470,1.5087,1.5356,0.7473,0.7674
1390.00,"","","",160.1875,156.6106,167.5463,111.9000,1.5082,1.5350,0.7470,0.7671
1392.00,"","","",159.8565,157.2529,167.3146,113.3412,1.5079,1.5346,0.7469,0.7669
1394.00,"","","",159.5156,157.7963,167.0573,114.4736,1.5072,1.5338,0.7465,0.7665
1396.00,"","","",159.1747,158.2904,166.7845,115.5030,1.5065,1.5331,0.7462,0.7662
1398.00,"","","",158.8338,158.7350,166.5374,116.3780,1.5061,1.5327,0.7460,0.7659
1400.00,"","","",158.5176,159.1796,166.2800,117.2530,1.5053,1.5319,0.7456,0.7656
1402.00,"","","",158.2064,159.5255,166.0278,118.0251,1.5051,1.5316,0.7455,0.7654
1404.00,"","","",157.8902,159.8219,165.7808,118.6428,1.5042,1.5309,0.7450,0.7650
1406.00,"","","",157.5691,160.0195,165.5543,119.1575,1.5036,1.5303,0.7447,0.7647
1408.00,"","","",157.2480,160.2171,165.3124,119.6722,1.5032,1.5296,0.7445,0.7644
1410.00,"","","",156.9219,160.3653,165.0808,120.0840,1.5026,1.5291,0.7442,0.7642
1412.00,"","","",156.5859,160.5630,164.8388,120.3928,1.5019,1.5287,0.7439,0.7640
1414.00,"","","",156.2500,160.8100,164.6021,120.6502,1.5015,1.5281,0.7437,0.7636
1416.00,"","","",155.9338,161.0076,164.3447,120.8046,1.5007,1.5278,0.7433,0.7635
1418.00,"","","",155.5534,161.3534,164.0822,121.0620,1.4953,1.5270,0.7406,0.7631
1420.00,"","","",155.3459,161.4522,163.8403,121.3708,1.4994,1.5265,0.7427,0.7629
1422.00,"","","",155.2471,161.0570,163.5881,121.6282,1.4964,1.5260,0.7411,0.7626
1424.00,"","","",155.0297,160.4642,163.3204,121.9370,1.4878,1.5257,0.7368,0.7625
1426.00,"Succ","Both","",154.7185,159.8219,163.0682,122.1943,1.4787,1.5250,0.7323,0.7621
1428.00,"","","",154.3924,159.2291,162.7697,122.5032,1.4706,1.5174,0.7282,0.7584
1430.00,"","","",154.0466,158.7350,162.6616,122.5032,1.4637,1.5189,0.7248,0.7591
1432.00,"","","",153.6612,158.3892,162.5741,122.1943,1.4579,1.5137,0.7219,0.7565
1434.00,"","","",153.2759,158.1422,162.3836,121.7826,1.4530,1.5059,0.7194,0.7526
1436.00,"","","",152.9053,157.9940,162.1520,121.4223,1.4483,1.4982,0.7171,0.7488
1438.00,"","","",152.5348,157.9940,161.9204,121.0620,1.4447,1.4913,0.7153,0.7454
1440.00,"","","",152.1692,158.1422,161.6836,120.6502,1.4416,1.4842,0.7138,0.7418
1442.00,"","","",151.8086,158.3398,161.4983,120.2384,1.4384,1.4772,0.7121,0.7384
1444.00,"","","",151.4380,158.6362,161.3182,119.6722,1.4362,1.4746,0.7110,0.7371
1446.00,"","","",151.0626,159.1302,161.0093,119.2604,1.4342,1.4720,0.7100,0.7358
1448.00,"","","",150.6970,159.5749,160.6233,119.0546,1.4322,1.4687,0.7091,0.7342
1450.00,"","","",150.3363,160.1183,160.2990,119.0031,1.4304,1.4658,0.7081,0.7327
1452.00,"","","",149.9757,160.6124,160.0056,119.1060,1.4289,1.4633,0.7074,0.7315
1454.00,"","","",149.6200,161.1558,159.6968,119.3634,1.4276,1.4611,0.7068,0.7304
1456.00,"","","",149.2494,161.6993,159.4137,119.6722,1.4267,1.4590,0.7063,0.7293
1458.00,"","","",148.8839,162.3415,159.1615,120.0325,1.4256,1.4573,0.7057,0.7285
1460.00,"","","",148.5133,163.0332,158.9093,120.3414,1.4248,1.4556,0.7053,0.7276
1462.00,"","","",148.1477,163.7742,158.6159,120.6502,1.4241,1.4541,0.7050,0.7269
1464.00,"","","",147.7970,164.5647,158.2865,121.1134,1.4235,1.4529,0.7047,0.7263
1466.00,"","","",147.4215,165.3551,157.9725,121.7311,1.4227,1.4519,0.7043,0.7258
1468.00,"","","",147.0312,166.2444,157.7048,122.3488,1.4223,1.4507,0.7041,0.7252
1470.00,"","","",146.6706,167.1337,157.4475,122.9664,1.4214,1.4499,0.7036,0.7248
1472.00,"","","",146.3297,168.0230,157.1747,123.5841,1.4210,1.4491,0.7034,0.7244
1474.00,"","","",145.9493,169.0110,156.8967,124.3047,1.4205,1.4483,0.7032,0.7240
1476.00,"","","",145.5590,170.0979,156.6291,125.0253,1.4199,1.4475,0.7029,0.7236
1478.00,"","","",145.1934,171.2342,156.3151,125.8489,1.4193,1.4468,0.7026,0.7233
1480.00,"","","",144.8278,172.3211,156.0268,126.7753,1.4189,1.4459,0.7024,0.7228
1482.00,"","","",144.4523,173.4574,155.7746,127.6504,1.4184,1.4455,0.7021,0.7226
1484.00,"","","",144.0719,174.5937,155.5070,128.5254,1.4180,1.4449,0.7020,0.7224
1486.00,"","","",143.6915,175.7300,155.2342,129.4004,1.4177,1.4444,0.7018,0.7221
1488.00,"","","",143.3457,176.8169,154.9356,130.2754,1.4175,1.4438,0.7017,0.7218
1490.00,"","","",142.9751,177.9532,154.6371,131.2019,1.4174,1.4431,0.7016,0.7215
1492.00,"","","",142.5799,179.0895,154.3386,132.1284,1.4168,1.4428,0.7013,0.7213
1494.00,"","","",142.2242,180.2257,154.0503,133.1064,1.4164,1.4424,0.7011,0.7211
1496.00,"","","",141.8388,181.3620,153.7775,134.0329,1.4161,1.4420,0.7010,0.7209
1498.00,"","","",141.4535,182.6465,153.4996,135.0109,1.4158,1.4414,0.7009,0.7206
1500.00,"","","",141.0978,183.6346,153.2062,135.9888,1.4158,1.4410,0.7008,0.7204
1502.00,"","","",140.7223,184.1287,152.9128,137.0183,1.4155,1.4406,0.7007,0.7202
1504.00,"","","",140.3320,184.4251,152.6348,138.0477,1.4152,1.4404,0.7005,0.7201
1506.00,"","","",139.9664,184.6227,152.3569,139.0771,1.4147,1.4401,0.7003,0.7199
1508.00,"","","",139.6107,184.6721,152.0789,140.1580,1.4146,1.4398,0.7002,0.7198
1510.00,"","","",139.2353,184.7215,151.7958,140.9816,1.4142,1.4395,0.7001,0.7197
1512.00,"","","",138.8450,184.8203,151.5128,141.4448,1.4138,1.4389,0.6998,0.7194
1514.00,"","","",138.4843,184.9685,151.2348,141.8051,1.4134,1.4389,0.6996,0.7193
1516.00,"","","",138.1138,185.0673,150.9466,142.0625,1.4133,1.4386,0.6996,0.7192
1518.00,"","","",137.7284,185.2156,150.6532,142.2169,1.4133,1.4381,0.6996,0.7190
1520.00,"","","",137.3480,185.3638,150.3701,142.3199,1.4131,1.4378,0.6995,0.7188
1522.00,"","","",136.9676,185.5614,150.1024,142.2169,1.4128,1.4374,0.6994,0.7186
1524.00,"","","",136.5971,185.7096,149.8348,141.8566,1.4124,1.4371,0.6991,0.7185
1526.00,"","","",136.2117,185.9072,149.5517,141.5478,1.4123,1.4368,0.6991,0.7183
1528.00,"","","",135.8165,186.1048,149.2428,141.4448,1.4119,1.4365,0.6989,0.7182
1530.00,"","","",135.4559,186.3024,148.9237,141.4963,1.4114,1.4363,0.6987,0.7181
1532.00,"Olig","Both","",135.1001,186.4012,148.6303,141.5993,1.4111,1.4360,0.6985,0.7179
1534.00,"","","",134.7197,186.5495,148.3318,141.7537,1.4109,1.4356,0.6984,0.7177
1536.00,"","","",134.4134,186.5001,148.0332,141.9596,1.3827,1.4354,0.6843,0.7176
1538.00,"","","",134.6506,185.4132,147.7244,142.1140,1.2028,1.4351,0.5944,0.7175
1540.00,"","","",135.0754,182.8442,147.4465,142.2169,1.0687,1.4347,0.5273,0.7172
1542.00,"","","",135.2928,179.3859,147.1891,142.2684,1.0282,1.4343,0.5071,0.7171
1544.00,"","","",135.3175,175.2853,146.9009,142.4228,1.0229,1.4340,0.5044,0.7169
1546.00,"","","",135.2681,170.8884,146.6075,142.6287,1.0279,1.4338,0.5069,0.7168
1548.00,"","","",135.1792,166.2444,146.3347,142.7831,1.0338,1.4335,0.5099,0.7166
1550.00,"","","",135.0705,161.3534,146.0464,142.8861,1.0394,1.4335,0.5127,0.7166
1552.00,"","","",134.9470,156.2648,145.7427,142.9890,1.0438,1.4331,0.5149,0.7165
1554.00,"","","",134.8037,151.1268,145.4494,143.1434,1.0471,1.4329,0.5165,0.7164
1556.00,"","","",134.6654,145.9394,145.1560,143.2464,1.0503,1.4326,0.5181,0.7162
1558.00,"","","",134.5369,140.6532,144.8729,143.4008,1.0522,1.4322,0.5191,0.7160
1560.00,"","","",134.4134,135.3175,144.5898,143.5037,1.0542,1.4319,0.5201,0.7159
1562.00,"","","",134.2702,129.9819,144.2655,143.6581,1.0555,1.4315,0.5207,0.7157
1564.00,"","","",134.1269,124.6957,143.9412,143.8640,1.0567,1.4313,0.5213,0.7156
1566.00,"","","",133.9935,119.4094,143.6530,144.0184,1.0575,1.4313,0.5218,0.7156
1568.00,"","","",133.8552,114.1726,143.3802,144.1214,1.0584,1.4311,0.5222,0.7155
1570.00,"","","",133.7070,109.0346,143.0817,144.3273,1.0589,1.4308,0.5224,0.7153
1572.00,"","","",133.5587,103.9954,142.7728,144.5332,1.0595,1.4305,0.5227,0.7152
1574.00,"","","",133.4105,99.1538,142.4949,144.7390,1.0598,1.4302,0.5229,0.7150
1576.00,"","","",133.2623,94.4110,142.2066,144.8935,1.0599,1.4300,0.5230,0.7149
1578.00,"","","",133.1240,89.9153,141.9132,145.0479,1.0602,1.4277,0.5231,0.7138
1580.00,"","","",132.9708,85.5677,141.9596,144.5846,1.0605,1.3435,0.5233,0.6720
1582.00,"","","",132.8325,81.4672,142.5412,142.5772,1.0605,1.1746,0.5232,0.5881
1584.00,"","","",132.6991,77.6137,142.8552,139.5919,1.0607,1.1006,0.5234,0.5513
1586.00,"","","",132.5509,74.0072,142.9581,135.9888,1.0608,1.0841,0.5234,0.5431
1588.00,"","","",132.4027,70.6477,142.9684,132.0255,1.0606,1.0846,0.5233,0.5434
1590.00,"","","",132.2495,67.6341,142.9375,127.8048,1.0606,1.0930,0.5233,0.5475
1592.00,"","","",132.0914,65.0156,142.8500,123.4811,1.0607,1.1003,0.5233,0.5512
1594.00,"","","",131.9284,62.7431,142.7471,119.0546,1.0608,1.1056,0.5234,0.5538
1596.00,"","","",131.7851,60.8163,142.6441,114.5765,1.0608,1.1097,0.5234,0.5558
1598.00,"","","",131.6419,59.3342,142.5309,110.0984,1.0606,1.1127,0.5233,0.5573
1600.00,"","","",131.4937,58.2473,142.4228,105.5689,1.0603,1.1152,0.5231,0.5586
1602.00,"","","",131.3454,57.6050,142.3199,101.0394,1.0605,1.1168,0.5232,0.5594
1604.00,"","","",131.1972,57.4568,142.2427,96.4069,1.0602,1.1182,0.5231,0.5600
1606.00,"","","",131.0490,57.8027,142.1294,91.8259,1.0600,1.1191,0.5230,0.5605
1608.00,"","","",130.8860,58.7413,142.0316,87.2964,1.0601,1.1201,0.5230,0.5610
1610.00,"","","",130.7230,60.1741,141.9441,82.9213,1.0601,1.1207,0.5230,0.5613
1612.00,"","","",130.5747,62.1008,141.8360,78.5976,1.0600,1.1212,0.5230,0.5615
1614.00,"","","",130.4265,64.6698,141.7176,74.4799,1.0602,1.1215,0.5231,0.5617
1616.00,"","","",130.2734,67.6341,141.6044,70.4651,1.0599,1.1215,0.5230,0.5617
1618.00,"","","",130.1153,70.1043,141.4912,66.6561,1.0598,1.1215,0.5229,0.5617
1620.00,"","","",129.9720,71.5370,141.3934,63.0016,1.0599,1.1215,0.5229,0.5617
1622.00,"","","",129.8090,72.4262,141.2750,59.5015,1.0597,1.1213,0.5229,0.5616
1624.00,"","","",129.6361,73.0685,141.1772,56.1559,1.0597,1.1211,0.5229,0.5615
1626.00,"","","",129.4829,73.5131,141.0845,53.0161,1.0596,1.1210,0.5228,0.5614
1628.00,"","","",129.3446,73.8590,140.9662,50.0822,1.0595,1.1208,0.5227,0.5613
1630.00,"","","",129.1914,74.1554,140.8478,47.4571,1.0596,1.1207,0.5228,0.5613
1632.00,"","","",129.0482,74.3530,140.7088,45.1409,1.0595,1.1201,0.5227,0.5610
1634.00,"","","",128.9148,74.6000,140.5647,43.1849,1.0594,1.1201,0.5227,0.5610
1636.00,"","","",128.7715,74.7482,140.4257,41.5893,1.0593,1.1198,0.5227,0.5609
1638.00,"","","",128.5986,74.9458,140.3022,40.3540,1.0591,1.1195,0.5226,0.5607
1640.00,"","","",128.4207,75.1435,140.1889,39.3760,1.0593,1.1192,0.5226,0.5606
1642.00,"","","",128.2725,75.2917,140.0654,38.9128,1.0592,1.1188,0.5226,0.5603
1644.00,"","","",128.1243,75.4893,139.9419,38.8613,1.0590,1.1188,0.5225,0.5603
1646.00,"","","",127.9711,75.5881,139.8080,39.2216,1.0593,1.1185,0.5227,0.5602
1648.00,"","","",127.8229,75.6869,139.6999,39.9422,1.0594,1.1180,0.5227,0.5599
1650.00,"","","",127.6698,75.8351,139.5867,41.1261,1.0591,1.1177,0.5226,0.5598
1652.00,"","","",127.5018,75.9339,139.4426,42.8246,1.0594,1.1177,0.5227,0.5598
1654.00,"","","",127.3388,76.0821,139.3139,44.9865,1.0595,1.1174,0.5227,0.5596
1656.00,"","","",127.1807,76.2304,139.2007,47.6630,1.0594,1.1171,0.5227,0.5595
1658.00,"","","",127.0275,76.3786,139.0926,50.7513,1.0594,1.1168,0.5227,0.5593
1660.00,"","","",126.8645,76.5268,138.9845,53.6852,1.0597,1.1173,0.5229,0.5596
1662.00,"","","",126.7113,76.6256,138.8712,55.4353,1.0589,1.1161,0.5224,0.5590
1664.00,"","","",126.5681,76.7244,138.7426,56.5162,1.0595,1.1163,0.5227,0.5591
1666.00,"","","",126.4050,76.7738,138.6139,57.1853,1.0595,1.1160,0.5227,0.5590
1668.00,"","","",126.2470,76.8726,138.4904,57.7000,1.0597,1.1159,0.5228,0.5589
1670.00,"","","",126.0839,76.9220,138.3565,58.0603,1.0597,1.1157,0.5229,0.5588
1672.00,"","","",125.9308,77.0208,138.2484,58.4206,1.0600,1.1154,0.5230,0.5587
1674.00,"","","",125.7776,77.1196,138.1558,58.6265,1.0598,1.1154,0.5229,0.5587
1676.00,"","","",125.5998,77.2678,138.0323,58.8839,1.0599,1.1152,0.5229,0.5586
1678.00,"","","",125.4268,77.4160,137.8984,59.1927,1.0601,1.1148,0.5230,0.5584
1680.00,"","","",125.2786,77.5149,137.7697,59.4501,1.0601,1.1145,0.5230,0.5582
1682.00,"","","",125.1205,77.6137,137.6720,59.7074,1.0599,1.1145,0.5230,0.5582
1684.00,"","","",124.9575,77.7619,137.5639,59.8104,1.0601,1.1145,0.5230,0.5582
1686.00,"F125","Both","",124.7895,77.8607,137.4352,59.9648,1.0601,1.1143,0.5230,0.5581
1688.00,"","","",124.6364,77.9595,137.3065,60.1192,1.0601,1.1141,0.5230,0.5580
1690.00,"","","",124.4585,78.1571,137.1933,60.1707,1.2049,1.1139,0.5954,0.5579
1692.00,"","","",124.4141,78.1077,137.0646,60.2221,1.4122,1.1137,0.6991,0.5578
1694.00,"","","",124.3647,77.8607,136.9308,60.3251,1.4443,1.1135,0.7151,0.5577
1696.00,"","","",124.1670,77.7125,136.8021,60.4280,1.4485,1.1135,0.7172,0.5577
1698.00,"","","",123.8953,77.7619,136.6374,60.5825,1.4485,1.1432,0.7172,0.5725
1700.00,"","","",123.5544,78.1571,136.5241,60.6854,1.4485,1.3759,0.7172,0.6881
1702.00,"","","",123.1888,78.8982,136.5087,60.5825,1.4487,1.4552,0.7173,0.7274
1704.00,"","","",122.8282,80.0345,136.3903,60.4280,1.4486,1.4664,0.7172,0.7330
1706.00,"","","",122.4527,81.5166,136.1947,60.3766,1.4487,1.4691,0.7173,0.7344
1708.00,"","","",122.0773,83.2951,135.9682,60.4795,1.4494,1.4704,0.7176,0.7350
1710.00,"","","",121.6968,85.3701,135.7109,60.8398,1.4498,1.4712,0.7178,0.7354
1712.00,"","","",121.3115,87.6921,135.4123,61.5604,1.4502,1.4719,0.7180,0.7358
1714.00,"","","",120.9360,90.2611,135.0932,62.5899,1.4508,1.4730,0.7183,0.7363
1716.00,"","","",120.5606,93.0771,134.7844,63.9796,1.4514,1.4738,0.7186,0.7367
1718.00,"","","",120.1900,96.0908,134.4910,65.5752,1.4518,1.4745,0.7188,0.7370
1720.00,"","","",119.8146,99.3514,134.2079,67.3767,1.4524,1.4756,0.7191,0.7376
1722.00,"","","",119.4341,102.8097,133.9248,69.3842,1.4527,1.4763,0.7193,0.7379
1724.00,"","","",119.0537,106.3668,133.6263,71.5974,1.4532,1.4769,0.7195,0.7382
1726.00,"","","",118.6733,110.1215,133.3329,74.0166,1.4541,1.4773,0.7200,0.7384
1728.00,"","","",118.2781,113.9750,133.0446,76.5387,1.4564,1.4780,0.7212,0.7388
1730.00,"","","",117.8730,117.9767,132.7461,79.2153,1.4561,1.4786,0.7210,0.7391
1732.00,"","","",117.4926,122.0773,132.4476,82.0977,1.4563,1.4793,0.7211,0.7394
1734.00,"","","",117.0973,126.2766,132.1645,85.0316,1.4574,1.4795,0.7216,0.7395
1736.00,"","","",116.6922,130.5747,131.8608,88.1199,1.4566,1.4800,0.7212,0.7398
1738.00,"","","",116.3069,134.8729,131.5468,91.3112,1.4565,1.4802,0.7212,0.7399
1740.00,"","","",115.9314,139.1710,131.2328,94.5539,1.4576,1.4806,0.7217,0.7401
1742.00,"","","",115.5411,143.4692,130.9188,97.8481,1.4580,1.4808,0.7220,0.7402
1744.00,"","","",115.1656,147.6685,130.6306,101.1423,1.4572,1.4807,0.7216,0.7401
1746.00,"","","",114.7803,151.8185,130.3475,104.4880,1.4579,1.4807,0.7219,0.7401
1748.00,"","","",114.4048,155.8696,130.0438,107.8337,1.4580,1.4810,0.7220,0.7403
1750.00,"","","",114.0392,159.7725,129.7401,111.2308,1.4576,1.4810,0.7217,0.7402
1752.00,"","","",113.6687,163.5272,129.4364,114.5765,1.4571,1.4810,0.7215,0.7403
1754.00,"","","",113.3031,167.0843,129.1585,117.7678,1.4575,1.4809,0.7217,0.7402
1756.00,"","","",112.9375,170.5426,128.8600,120.9075,1.4571,1.4811,0.7215,0.7403
1758.00,"","","",112.5769,173.7538,128.5717,123.9444,1.4575,1.4812,0.7217,0.7404
1760.00,"","","",112.2014,176.7181,128.2989,126.8783,1.4572,1.4814,0.7215,0.7405
1762.00,"","","",111.8407,179.4353,128.0004,129.6578,1.4572,1.4814,0.7216,0.7405
1764.00,"","","",111.4752,181.9055,127.6915,132.2828,1.4564,1.4810,0.7211,0.7403
1766.00,"","","",111.0997,184.0793,127.3930,134.7535,1.4575,1.4811,0.7217,0.7403
1768.00,"","","",110.7193,186.0060,127.1099,137.1212,1.4573,1.4810,0.7216,0.7403
1770.00,"","","",110.3438,187.6363,126.8114,139.2316,1.4576,1.4809,0.7217,0.7402
1772.00,"","","",109.9634,188.7232,126.5128,141.1875,1.4574,1.4808,0.7216,0.7402
1774.00,"","","",109.5978,189.2173,126.2040,142.9890,1.4567,1.4807,0.7213,0.7401
1776.00,"","","",109.2223,189.4149,125.8900,144.5846,1.4568,1.4806,0.7213,0.7401
1778.00,"","","",108.8469,189.4149,125.5915,146.0258,1.4569,1.4805,0.7214,0.7400
1780.00,"","","",108.4912,189.2667,125.3084,147.1582,1.4572,1.4804,0.7216,0.7399
1782.00,"","","",108.1206,189.1185,125.0304,147.7759,1.4570,1.4801,0.7214,0.7398
1784.00,"","","",107.7402,188.9208,124.7474,148.0847,1.4568,1.4802,0.7213,0.7399
1786.00,"","","",107.3796,188.7232,124.4488,148.2391,1.4571,1.4799,0.7215,0.7397
1788.00,"","","",106.9893,188.5256,124.1348,148.2391,1.4895,1.4799,0.7377,0.7397
1790.00,"","","",106.7027,188.1798,123.8363,148.2391,1.6303,1.4797,0.8081,0.7396
1792.00,"","","",106.5150,187.5375,123.5481,148.1877,1.6614,1.4796,0.8236,0.7396
1794.00,"F250","Both","",106.2087,186.7471,123.2598,148.1362,1.6668,1.4795,0.8263,0.7395
1796.00,"","","",105.7838,186.1048,122.9716,148.1362,1.6686,1.4794,0.8272,0.7395
1798.00,"","","",105.3095,185.6602,122.6885,148.0847,1.6687,1.4819,0.8272,0.7407
1800.00,"","","",104.8254,185.3638,122.4260,147.9818,1.6695,1.6007,0.8276,0.7997
1802.00,"","","",104.3165,185.4132,122.2716,147.5700,1.6696,1.6569,0.8277,0.8276
1804.00,"","","",103.8077,185.6602,122.0296,147.1068,1.6698,1.6649,0.8278,0.8316
1806.00,"","","",103.3037,186.1048,121.7054,146.6950,1.6699,1.6671,0.8279,0.8327
1808.00,"","","",102.7899,186.8459,121.3296,146.4891,1.6699,1.6681,0.8279,0.8332
1810.00,"","","",102.2712,187.8340,120.9384,146.3861,1.6700,1.6687,0.8279,0.8335
1812.00,"","","",101.7376,189.1185,120.5627,146.4891,1.6697,1.6692,0.8277,0.8337
1814.00,"","","",101.2238,190.5512,120.1921,146.6950,1.6697,1.6691,0.8278,0.8337
1816.00,"","","",100.7100,192.2803,119.8163,147.0553,1.6693,1.6692,0.8275,0.8338
1818.00,"","","",100.1962,194.1577,119.4046,147.6215,1.6691,1.6695,0.8274,0.8339
1820.00,"","","",99.6775,196.1832,118.9825,148.4450,1.6689,1.6693,0.8274,0.8338
1822.00,"","","",99.1538,198.4064,118.5656,149.4745,1.6687,1.6692,0.8273,0.8338
1824.00,"","","",98.6301,200.7778,118.1589,150.6583,1.6689,1.6692,0.8274,0.8337
1826.00,"","","",98.1015,203.2974,117.7678,151.8936,1.6685,1.6689,0.8272,0.8336
1828.00,"","","",97.5828,205.9652,117.3663,153.2834,1.6683,1.6687,0.8271,0.8335
1830.00,"","","",97.0640,208.6824,116.9545,154.8275,1.6683,1.6684,0.8270,0.8334
1832.00,"","","",96.5502,211.4491,116.5582,156.4746,1.6679,1.6680,0.8268,0.8331
1834.00,"","","",96.0315,214.2157,116.1515,158.2247,1.6673,1.6678,0.8265,0.8331
1836.00,"","","",95.5028,217.0811,115.7398,160.0262,1.6673,1.6673,0.8265,0.8328
1838.00,"","","",94.9890,219.9466,115.3383,161.9307,1.6671,1.6671,0.8264,0.8327
1840.00,"","","",94.4703,222.8614,114.9214,163.8866,1.6665,1.6667,0.8262,0.8325
1842.00,"","","",93.9565,225.6774,114.5199,165.8425,1.6650,1.6666,0.8254,0.8324
1844.00,"","","",93.4476,228.4934,114.1184,167.9014,1.6648,1.6664,0.8253,0.8324
1846.00,"","","",92.9338,231.2601,113.7169,170.0118,1.6646,1.6658,0.8252,0.8321
1848.00,"","","",92.4200,234.0267,113.3000,172.1221,1.6643,1.6656,0.8251,0.8319
1850.00,"","","",91.9062,236.6945,112.8934,174.2839,1.6643,1.6654,0.8250,0.8319
1852.00,"","","",91.3826,239.3623,112.5022,176.3943,1.6642,1.6649,0.8250,0.8316
1854.00,"","","",90.8638,241.9313,112.0904,178.5561,1.6632,1.6647,0.8245,0.8315
1856.00,"","","",90.3500,244.4015,111.6735,180.7179,1.6634,1.6641,0.8246,0.8312
1858.00,"","","",89.8412,246.7235,111.2514,182.9312,1.6631,1.6641,0.8244,0.8312
1860.00,"","","",89.3224,248.9467,110.8396,185.0930,1.6630,1.6638,0.8244,0.8311
1862.00,"","","",88.8086,250.9723,110.4279,187.2034,1.6628,1.6635,0.8243,0.8309
1864.00,"","","",88.2948,252.8990,110.0109,189.2108,1.6626,1.6632,0.8242,0.8307
1866.00,"","","",87.7662,254.6282,109.6043,191.1667,1.6625,1.6629,0.8242,0.8306
1868.00,"","","",87.2474,256.2585,109.2131,193.0712,1.6621,1.6623,0.8240,0.8303
1870.00,"","","",86.7238,257.5430,108.8219,194.8212,1.6621,1.6620,0.8239,0.8302
1872.00,"","","",86.2100,258.2346,108.4153,196.5198,1.6618,1.6617,0.8238,0.8300
1874.00,"","","",85.6813,258.5311,107.9881,198.1154,1.6621,1.6612,0.8240,0.8298
1876.00,"","","",85.1626,258.7287,107.5969,199.5052,1.6617,1.6608,0.8238,0.8296
1878.00,"","","",84.6340,258.8769,107.1903,200.7920,1.6613,1.6604,0.8235,0.8294
1880.00,"","","",84.1103,258.9263,106.7888,201.8729,1.6612,1.6601,0.8235,0.8293
1882.00,"","","",83.5915,259.0251,106.3873,202.4905,1.6610,1.6597,0.8234,0.8290
1884.00,"F375","Both","",83.0827,259.0251,105.9807,202.7994,1.6601,1.6595,0.8229,0.8290
1886.00,"","","",82.5639,259.0251,105.5689,203.0053,1.6667,1.6592,0.8262,0.8288
1888.00,"","","",82.1193,258.8769,105.1520,203.2112,1.7462,1.6589,0.8660,0.8287
1890.00,"","","",81.8476,258.2840,104.7351,203.3656,1.7637,1.6586,0.8747,0.8285
1892.00,"","","",81.4573,257.5430,104.3233,203.5200,1.7654,1.6584,0.8756,0.8284
1894.00,"","","",80.9633,256.7525,103.9218,203.5715,1.7658,1.6580,0.8758,0.8282
1896.00,"","","",80.4248,256.0609,103.5152,203.5715,1.7657,1.6638,0.8758,0.8310
1898.00,"","","",79.8615,255.4680,103.1806,203.4170,1.7654,1.7264,0.8756,0.8621
1900.00,"","","",79.2736,255.0234,102.9696,203.0053,1.7651,1.7387,0.8755,0.8683
1902.00,"","","",78.6709,254.8258,102.6556,202.3876,1.7650,1.7397,0.8754,0.8688
1904.00,"","","",78.0682,254.7764,102.2747,201.8214,1.7643,1.7395,0.8751,0.8687
1906.00,"","","",77.4704,254.9246,101.8629,201.2552,1.7639,1.7397,0.8748,0.8687
1908.00,"","","",76.8677,255.2210,101.4409,200.6890,1.7635,1.7392,0.8746,0.8685
1910.00,"","","",76.2551,255.7150,101.0034,200.2773,1.7631,1.7392,0.8744,0.8685
1912.00,"","","",75.6424,256.3573,100.5453,199.9684,1.7628,1.7389,0.8743,0.8684
1914.00,"","","",75.0348,257.1478,100.0923,199.7625,1.7625,1.7386,0.8741,0.8682
1916.00,"","","",74.4419,258.0370,99.6496,199.6596,1.7623,1.7382,0.8740,0.8680
1918.00,"","","",73.8491,259.0745,99.1864,199.6081,1.7618,1.7380,0.8738,0.8679
1920.00,"","","",73.2464,260.2108,98.7334,199.7111,1.7615,1.7378,0.8736,0.8678
1922.00,"","","",72.6288,261.4459,98.2908,199.9169,1.7613,1.7374,0.8736,0.8676
1924.00,"","","",72.0162,262.8292,97.8275,200.1743,1.7608,1.7370,0.8733,0.8674
1926.00,"","","",71.4135,264.2619,97.3540,200.5346,1.7607,1.7367,0.8732,0.8673
1928.00,"","","",70.8157,265.7441,96.8805,201.0493,1.7604,1.7363,0.8731,0.8671
1930.00,"","","",70.2228,267.3250,96.4121,201.6670,1.7601,1.7359,0.8729,0.8669
1932.00,"","","",69.6250,268.9059,95.9437,202.3361,1.7604,1.7358,0.8731,0.8668
1934.00,"","","",69.0174,270.5856,95.4959,203.0567,1.7604,1.7354,0.8731,0.8666
1936.00,"","","",68.4048,272.3642,95.0275,203.8803,1.7599,1.7351,0.8729,0.8665
1938.00,"","","",67.8020,274.0933,94.5694,204.8068,1.7596,1.7348,0.8727,0.8663
1940.00,"","","",67.1993,275.9213,94.1061,205.8362,1.7594,1.7346,0.8726,0.8662
1942.00,"","","",66.5867,277.7492,93.6532,206.8657,1.7591,1.7343,0.8725,0.8661
1944.00,"","","",65.9790,279.5772,93.2002,207.9466,1.7590,1.7338,0.8724,0.8659
1946.00,"","","",65.3714,281.4545,92.7164,209.1304,1.7590,1.7335,0.8724,0.8657
1948.00,"","","",64.7686,283.3319,92.2377,210.3657,1.7590,1.7334,0.8724,0.8656
1950.00,"","","",64.1659,285.2092,91.7744,211.6525,1.7587,1.7331,0.8722,0.8655
1952.00,"","","",63.5632,287.0866,91.3215,212.8879,1.7585,1.7329,0.8721,0.8654
1954.00,"","","",62.9555,288.9145,90.8685,214.1747,1.7583,1.7326,0.8720,0.8652
1956.00,"","","",62.3577,290.7425,90.4001,215.4615,1.7579,1.7323,0.8718,0.8651
1958.00,"","","",61.7599,292.5210,89.9266,216.7997,1.7576,1.7319,0.8717,0.8649
1960.00,"","","",61.1572,294.2996,89.4891,218.1380,1.7572,1.7318,0.8715,0.8649
1962.00,"","","",60.5495,295.9793,89.0310,219.3733,1.7570,1.7320,0.8714,0.8649
1964.00,"","","",59.9468,297.6096,88.5626,220.6601,1.7568,1.7315,0.8713,0.8647
1966.00,"","","",59.3540,299.1411,88.1148,221.9469,1.7566,1.7311,0.8712,0.8645
1968.00,"","","",58.7562,300.4751,87.6567,223.2337,1.7562,1.7311,0.8710,0.8645
1970.00,"","","",58.1584,301.2161,87.1934,224.5205,1.7560,1.7309,0.8709,0.8644
1972.00,"","","",57.5507,301.5619,86.7353,225.7559,1.7557,1.7307,0.8707,0.8643
1974.00,"","","",56.9480,301.7596,86.2772,226.9912,1.7556,1.7303,0.8707,0.8641
1976.00,"","","",56.3502,301.8090,85.8088,228.1750,1.7555,1.7301,0.8706,0.8640
1978.00,"","","",55.7475,301.8090,85.3662,229.2045,1.7553,1.7298,0.8705,0.8638
1980.00,"","","",55.1497,301.7596,84.9081,229.7707,1.7551,1.7295,0.8704,0.8637
1982.00,"","","",54.5519,301.7102,84.4448,230.0795,1.7551,1.7291,0.8704,0.8635
1984.00,"","","",53.9541,301.6113,83.9764,230.2854,1.7551,1.7290,0.8704,0.8635
1986.00,"","","",53.3514,301.5619,83.5132,230.3883,1.7585,1.7288,0.8722,0.8634
1988.00,"F500","Both","",52.8672,301.2655,83.0551,230.4913,1.7962,1.7286,0.8910,0.8633
1990.00,"","","",52.5807,300.3762,82.6021,230.4913,1.8018,1.7284,0.8938,0.8632
1992.00,"","","",52.1805,299.2400,82.1440,230.4913,1.8023,1.7281,0.8940,0.8630
1994.00,"","","",51.6766,297.9555,81.6808,230.4398,1.8019,1.7279,0.8938,0.8629
1996.00,"","","",51.1084,296.6709,81.2175,230.4398,1.8019,1.7258,0.8938,0.8618
1998.00,"","","",50.5008,295.4853,80.8058,230.2854,1.8017,1.7482,0.8937,0.8730
2000.00,"","","",49.8881,294.3490,80.5947,229.7192,1.8016,1.7561,0.8937,0.8769
2002.00,"","","",49.2657,293.3609,80.3013,228.7927,1.8017,1.7564,0.8937,0.8771
2004.00,"","","",48.6382,292.4716,79.9153,227.8147,1.8013,1.7564,0.8936,0.8771
2006.00,"","","",48.0108,291.7305,79.4932,226.7853,1.8010,1.7564,0.8934,0.8771
2008.00,"","","",47.3784,291.0883,79.0712,225.8073,1.8010,1.7560,0.8934,0.8768
2010.00,"","","",46.7461,290.5943,78.6182,224.8808,1.8008,1.7555,0.8933,0.8766
2012.00,"","","",46.1186,290.1496,78.1550,224.0573,1.8004,1.7554,0.8931,0.8765
2014.00,"","","",45.4961,289.8038,77.7072,223.2337,1.8004,1.7552,0.8931,0.8765
2016.00,"","","",44.8687,289.5568,77.2542,222.4102,1.8001,1.7548,0.8929,0.8763
2018.00,"","","",44.2413,289.4580,76.7910,221.7410,1.7999,1.7546,0.8928,0.8762
2020.00,"","","",43.6138,289.4086,76.3123,221.1234,1.8001,1.7546,0.8929,0.8762
2022.00,"","","",42.9864,289.5074,75.8439,220.5572,1.7997,1.7542,0.8927,0.8760
2024.00,"","","",42.3590,289.7050,75.3858,220.0425,1.7994,1.7540,0.8926,0.8759
2026.00,"","","",41.7315,290.0014,74.9225,219.6307,1.7997,1.7540,0.8927,0.8759
2028.00,"","","",41.1091,290.3966,74.4541,219.3219,1.7994,1.7537,0.8926,0.8757
2030.00,"","","",40.4866,290.8413,73.9960,219.0645,1.7991,1.7534,0.8925,0.8756
2032.00,"","","",39.8641,291.3353,73.5225,218.8586,1.7990,1.7533,0.8924,0.8755
2034.00,"","","",39.2465,291.9776,73.0592,218.7557,1.7987,1.7527,0.8922,0.8752
2036.00,"","","",38.6191,292.6198,72.6011,218.7042,1.7985,1.7527,0.8921,0.8752
2038.00,"","","",37.9966,293.3609,72.1430,218.7042,1.7983,1.7526,0.8920,0.8752
2040.00,"","","",37.3692,294.2007,71.6798,218.7557,1.7979,1.7523,0.8918,0.8750
2042.00,"","","",36.7467,295.0900,71.2063,218.8586,1.7978,1.7522,0.8918,0.8750
2044.00,"","","",36.1291,296.0287,70.7430,219.0645,1.7979,1.7518,0.8918,0.8748
2046.00,"","","",35.5066,297.0168,70.2798,219.3219,1.7977,1.7515,0.8917,0.8746
2048.00,"","","",34.8940,298.0543,69.8217,219.5792,1.7977,1.7515,0.8918,0.8746
2050.00,"","","",34.2765,299.0917,69.3481,219.9395,1.7976,1.7512,0.8917,0.8745
2052.00,"","","",33.6589,300.2280,68.8797,220.3513,1.7972,1.7509,0.8915,0.8743
2054.00,"","","",33.0364,301.4137,68.4268,220.8145,1.7969,1.7509,0.8914,0.8743
2056.00,"","","",32.4140,302.5994,67.9687,221.3293,1.7969,1.7506,0.8913,0.8742
2058.00,"","","",31.7964,303.8839,67.4951,221.8955,1.7970,1.7503,0.8914,0.8740
2060.00,"","","",31.1838,305.1684,67.0164,222.5646,1.7970,1.7503,0.8914,0.8740
2062.00,"","","",30.5712,306.5023,66.5583,223.2852,1.7969,1.7500,0.8913,0.8739
2064.00,"","","",29.9586,307.8362,66.0951,224.0573,1.7967,1.7498,0.8912,0.8738
2066.00,"","","",29.3460,309.1702,65.6318,224.8808,1.7967,1.7496,0.8912,0.8737
2068.00,"","","",28.7334,310.3559,65.1737,225.7559,1.7965,1.7495,0.8911,0.8736
2070.00,"","","",28.1158,310.9487,64.7156,226.6309,1.7965,1.7494,0.8911,0.8736
2072.00,"","","",27.4983,311.0969,64.2473,227.6088,1.7965,1.7495,0.8911,0.8736
2074.00,"","","",26.8857,311.0969,63.7943,228.5868,1.7967,1.7491,0.8912,0.8734
2076.00,"","","",26.2780,310.8993,63.3311,229.6677,1.7966,1.7490,0.8912,0.8734
2078.00,"","","",25.6703,310.7017,62.8781,230.6457,1.7966,1.7488,0.8912,0.8733
2080.00,"","","",25.0577,310.4547,62.4251,231.2119,1.7961,1.7486,0.8909,0.8732
2082.00,"","","",24.4500,310.2076,61.9722,231.4692,1.7961,1.7485,0.8910,0.8731
2084.00,"","","",23.8374,309.9112,61.5141,231.5722,1.7963,1.7482,0.8910,0.8730
2086.00,"","","",23.2396,309.6148,61.0560,231.6237,1.7961,1.7480,0.8909,0.8729
2088.00,"","","",22.6369,309.3184,60.6082,231.5207,1.7955,1.7479,0.8907,0.8728
2090.00,"","","",22.0391,309.0219,60.1552,231.4178,1.7925,1.7479,0.8891,0.8728
2092.00,"AA","Both","",21.8415,307.9845,59.7023,231.3148,1.8208,1.7477,0.9033,0.8727
2094.00,"","","",22.1429,305.2672,59.2442,231.1604,1.8291,1.7474,0.9074,0.8726
2096.00,"","","",22.3652,301.2161,58.8015,231.0060,1.8303,1.7473,0.9080,0.8725
2098.00,"","","",22.4788,296.0287,58.3537,230.7486,1.8299,1.7471,0.9078,0.8725
2100.00,"","","",22.5332,289.9026,57.8956,230.5942,1.8293,1.7470,0.9075,0.8724
2102.00,"","","",22.5529,282.9366,57.4530,230.3883,1.8288,1.7468,0.9073,0.8723
2104.00,"","","",22.5529,275.2790,57.0309,230.0795,1.8283,1.7377,0.9070,0.8678
2106.00,"","","",22.5529,267.0286,57.0463,228.9471,1.8277,1.7532,0.9067,0.8755
2108.00,"","","",22.5430,258.1358,57.4530,226.3220,1.8275,1.7615,0.9066,0.8796
2110.00,"","","",22.5332,248.6997,57.7000,222.4616,1.8271,1.7628,0.9064,0.8802
2112.00,"","","",22.5282,238.8189,57.8236,217.8292,1.8272,1.7626,0.9065,0.8802
2114.00,"","","",22.5233,228.5428,57.8905,212.4246,1.8265,1.7626,0.9062,0.8801
2116.00,"","","",22.5134,217.8716,57.9265,206.4539,1.8262,1.7620,0.9060,0.8799
2118.00,"","","",22.5085,206.9039,57.9574,199.9169,1.8257,1.7614,0.9057,0.8795
2120.00,"","","",22.4986,195.7386,57.9883,192.9168,1.8253,1.7613,0.9055,0.8795
2122.00,"","","",22.4887,184.3263,58.0089,185.4533,1.8251,1.7609,0.9054,0.8793
2124.00,"","","",22.4788,172.8646,58.0243,177.6811,1.8249,1.7604,0.9053,0.8791
2126.00,"","","",22.4739,161.2546,58.0294,169.5485,1.8246,1.7599,0.9052,0.8788
2128.00,"","","",22.4689,149.6447,58.0397,161.1071,1.8243,1.7597,0.9050,0.8787
2130.00,"","","",22.4640,138.0841,58.0552,152.5113,1.8241,1.7595,0.9049,0.8786
2132.00,"","","",22.4541,126.5730,58.0603,143.7096,1.8237,1.7590,0.9047,0.8784
2134.00,"","","",22.4492,115.2595,58.0603,134.7535,1.8234,1.7589,0.9046,0.8783
2136.00,"","","",22.4442,104.1436,58.0603,125.6944,1.8234,1.7585,0.9046,0.8781
2138.00,"","","",22.4393,93.2747,58.0552,116.6354,1.8228,1.7580,0.9043,0.8779
2140.00,"","","",22.4294,82.7517,58.0552,107.6278,1.8228,1.7578,0.9043,0.8777
2142.00,"","","",22.4245,72.5745,58.0603,98.6717,1.8224,1.7573,0.9041,0.8775
2144.00,"","","",22.4245,62.8419,58.0552,89.7670,1.8221,1.7571,0.9039,0.8774
2146.00,"","","",22.4146,53.5539,58.0603,81.0168,1.8218,1.7569,0.9038,0.8773
2148.00,"","","",22.4146,44.8094,58.0500,72.4725,1.8215,1.7566,0.9036,0.8772
2150.00,"","","",22.4047,36.7072,58.0346,64.1340,1.8212,1.7564,0.9035,0.8771
2152.00,"","","",22.4047,29.2472,58.0243,56.1044,1.8210,1.7560,0.9034,0.8769
2154.00,"","","",22.3998,22.4788,58.0140,48.3836,1.8206,1.7557,0.9032,0.8767
2156.00,"","","",22.3899,16.4515,58.0140,41.0231,1.8206,1.7554,0.9032,0.8766
2158.00,"","","",22.3849,11.2641,58.0089,34.0229,1.8202,1.7552,0.9030,0.8765
2160.00,"","","",22.3751,6.9660,57.9986,27.4860,1.8201,1.7548,0.9029,0.8763
2162.00,"","","",22.3701,3.6065,57.9780,21.4123,1.8199,1.7546,0.9028,0.8762
2164.00,"","","",22.3652,1.2351,57.9728,15.8534,1.8196,1.7545,0.9027,0.8761
2166.00,"","","",22.3602,-0.1482,57.9625,10.8606,1.8195,1.7540,0.9026,0.8759
2168.00,"","","",22.3553,-0.3952,57.9419,6.4855,1.8193,1.7539,0.9025,0.8758
2170.00,"","","",22.3454,0.4446,57.9368,2.7280,1.8191,1.7534,0.9025,0.8756
2172.00,"","","",22.3355,1.7785,57.9368,-0.3088,1.8188,1.7534,0.9023,0.8756
2174.00,"","","",22.3306,2.5196,57.9316,-2.6765,1.8185,1.7532,0.9021,0.8755
2176.00,"","","",22.3257,2.9148,57.9316,-4.3236,1.8181,1.7528,0.9019,0.8753
2178.00,"","","",22.3257,3.0630,57.9214,-5.1472,1.8178,1.7525,0.9018,0.8751
2180.00,"","","",22.3158,3.1125,57.9214,-5.1472,1.8178,1.7525,0.9018,0.8751
2182.00,"","","",22.3158,3.0630,57.9111,-4.2722,1.8177,1.7522,0.9017,0.8750
2184.00,"","","",22.3010,3.0630,57.8956,-2.4707,1.8176,1.7518,0.9017,0.8748
2186.00,"","","",22.2960,3.0630,57.8802,-0.6177,1.8174,1.7515,0.9016,0.8746
2188.00,"","","",22.2911,3.0136,57.8699,0.5147,1.8171,1.7512,0.9014,0.8745
2190.00,"","","",22.2812,3.0136,57.8544,1.2868,1.8169,1.7510,0.9014,0.8744
2192.00,"","","",22.2812,3.0136,57.8493,1.8015,1.8169,1.7506,0.9013,0.8742
2194.00,"","","",22.2763,2.9642,57.8441,2.2648,1.8166,1.7504,0.9012,0.8741
2196.00,"","","",22.2664,2.9642,57.8287,2.6251,1.8165,1.7501,0.9011,0.8739
2198.00,"","","",22.2614,2.9642,57.8339,2.9339,1.8164,1.7498,0.9011,0.8738
2200.00,"","","",22.2565,2.9642,57.8339,3.1398,1.8161,1.7496,0.9010,0.8737
2202.00,"","","",22.2516,2.9642,57.8339,3.3457,1.8158,1.7495,0.9008,0.8736
2204.00,"","","",22.2466,2.9642,57.8236,3.4486,1.8157,1.7493,0.9007,0.8736
2206.00,"","","",22.2417,2.9642,57.8133,3.6030,1.8155,1.7492,0.9006,0.8735
2208.00,"","","",22.2318,2.9642,57.8081,3.7060,1.8149,1.7492,0.9003,0.8735
2210.00,"","","",22.2269,2.9642,57.8081,3.7575,1.8148,1.7489,0.9003,0.8733
2212.00,"","","",22.2219,2.9642,57.7978,3.8089,1.8146,1.7485,0.9002,0.8731
2214.00,"","","",22.2120,2.9642,57.7927,3.8604,1.8144,1.7484,0.9001,0.8731
2216.00,"","","",22.2071,2.9642,57.7772,3.8604,1.8143,1.7481,0.9000,0.8730
2218.00,"","","",22.2071,2.9642,57.7618,3.9119,1.8141,1.7478,0.8999,0.8728
2220.00,"","","",22.2022,2.9642,57.7669,3.9119,1.8139,1.7474,0.8998,0.8726
