Time [min],Event Name,Chamber,Event Text,O2 Concentration  (A) [nmol/ml],O2 Slope uncorr.  (A) [pmol/(s*ml)],O2 Concentration  (B) [nmol/ml],O2 Slope uncorr.  (B) [pmol/(s*ml)],Amp - Raw  (A) [V],Amp - slope  (A) [pmol/(s*ml)],Amp - Raw  (B) [V],Amp - slope  (B) [pmol/(s*ml)]
0,,,,179.5395,,179.8776,,9.99,,9.7538,
0.03,,,,179.509,,179.8732,,9.99,,9.7538,
0.07,,,,179.4741,,179.86,,9.99,,9.7538,
0.1,,,,179.4654,,179.8511,,9.99,,9.7538,
0.13,,,,179.4959,6.542,179.8379,5.0693,9.99,0,9.7538,0
0.17,,,,179.5264,-2.8349,179.8379,4.6285,9.99,0,9.7538,0
0.2,,,,179.5439,-10.0311,179.8511,1.5428,9.99,0,9.7538,0
0.23,,,,179.5308,-8.9408,179.8467,-0.2204,9.99,0,9.7538,0
0.27,,,,179.5657,-7.1962,179.8423,-0.8816,9.99,0,9.7538,0
0.3,,,,179.618,-5.0156,179.8423,1.8073,9.99,0,9.7538,0
0.33,,,,179.6224,-8.0249,179.8467,1.102,9.99,0,9.7538,0
0.37,,,,179.6442,-10.1183,179.8423,0.4849,9.99,0,9.7538,0
0.4,,,,179.6355,-10.0311,179.8423,0.0882,9.99,0,9.7538,0
0.43,,,,179.5613,-6.6293,179.8511,-0.3086,9.99,0,9.7538,0
0.47,,,,179.5482,-4.4486,179.8511,0.7494,9.99,0,9.7538,0
0.5,,,,179.557,-4.3177,179.8247,0.6612,9.99,0,9.7538,0
0.53,,,,179.5482,-3.6199,179.7983,0.8816,9.99,0,9.7538,0
0.57,,,,179.5831,-2.7913,179.8071,1.0579,9.99,0,9.7538,0
0.6,,,,179.6442,-2.3987,179.8159,1.1461,9.99,0,9.7538,0
0.63,,,,179.5962,-2.9657,179.8071,1.4547,9.99,0,9.7538,0
0.67,,,,179.5875,-2.9657,179.7894,1.4988,9.99,0,9.7538,0
0.7,,,,179.6311,-3.0529,179.7938,1.4988,9.99,0,9.7538,0
0.73,,,,179.6485,-2.8785,179.8115,1.4547,9.99,0,9.7538,0
0.77,,,,179.6267,-2.3115,179.8203,1.3224,9.99,0,9.7538,0
0.8,,,,179.5657,-2.486,179.7983,1.4547,9.99,0,9.7538,0
0.83,,,,179.57,-2.3115,179.8027,1.3665,9.99,0,9.7538,0
0.87,,,,179.6573,-2.3987,179.7983,1.2784,9.99,0,9.7538,0
0.9,,,,179.6485,-2.2243,179.7938,1.2784,9.99,0,9.7538,0
0.93,,,,179.6355,-1.8318,179.7938,1.2784,9.99,0,9.7538,0
0.97,,,,179.6922,-2.4424,179.7938,1.3665,9.99,0,9.7538,0
1,,,,179.7183,-2.7477,179.7894,1.2784,9.99,0,9.7538,0
1.03,,,,179.6747,-2.7477,179.785,1.2343,9.99,0,9.7538,0
1.07,,,,179.6529,-2.5296,179.7762,1.2343,9.99,0,9.7538,0
1.1,,,,179.6267,-2.1371,179.7806,1.2784,9.99,0,9.7538,0
1.13,,,,179.666,-2.4424,179.7674,1.3665,9.99,0,9.7538,0
1.17,,,,179.6834,-2.486,179.7586,1.3665,9.99,0,9.7538,0
1.2,,,,179.7096,-2.5296,179.7498,1.3665,9.99,0,9.7538,0
1.23,,,,179.7183,-2.486,179.7542,1.3665,9.99,0,9.7538,0
1.27,,,,179.6922,-2.3115,179.7718,1.3665,9.99,0,9.7538,0
1.3,,,,179.6965,-2.486,179.7674,1.4106,9.99,0,9.7538,0
1.33,,,,179.7052,-2.5296,179.7365,1.4106,9.99,0,9.7538,0
1.37,,,,179.7314,-2.5732,179.7409,1.4106,9.99,0,9.7538,0
1.4,,,,179.7009,-2.4424,179.7498,1.4106,9.99,0,9.7538,0
1.43,,,,179.6791,-2.2243,179.7409,1.4106,9.99,0,9.7538,0
1.47,,,,179.6834,-2.0935,179.7409,1.4547,9.99,0,9.7538,0
1.5,,,,179.7183,-2.0062,179.7409,1.4988,9.99,0,9.7538,0
1.53,,,,179.7401,-2.0498,179.7409,1.4988,9.99,0,9.7538,0
1.57,,,,179.7009,-1.919,179.7498,1.4547,9.99,0,9.7538,0
1.6,,,,179.6922,-1.8318,179.7409,1.4547,9.99,0,9.7538,0
1.63,,,,179.7532,-1.9626,179.7365,1.4106,9.99,0,9.7538,0
1.67,,,,179.7925,-2.1807,179.7365,1.4106,9.99,0,9.7538,0
1.7,,,,179.7968,-2.3987,179.7321,1.3665,9.99,0,9.7538,0
1.73,,,,179.7532,-2.5296,179.7233,1.3665,9.99,0,9.7538,0
1.77,,,,179.7227,-2.4424,179.7145,1.3224,9.99,0,9.7538,0
1.8,,,,179.727,-2.3115,179.7145,1.2784,9.99,0,9.7538,0
1.83,,,,179.7576,-2.2243,179.7189,1.2784,9.99,0,9.7538,0
1.87,,,,179.7401,-2.0935,179.7101,1.3224,9.99,0,9.7538,0
1.9,,,,179.7489,-2.0062,179.7057,1.3665,9.99,0,9.7538,0
1.93,,,,179.7358,-2.0062,179.7101,1.3224,9.99,0,9.7538,0
1.97,,,,179.727,-1.919,179.6925,1.3665,9.99,0,9.7538,0
2,,,,179.7401,-1.7882,179.7013,1.4106,9.99,0,9.7538,0
2.03,,,,179.714,-1.7009,179.7189,1.4106,9.99,0,9.7538,0
2.07,,,,179.6878,-1.5701,179.7277,1.3224,9.99,0,9.7538,0
2.1,,,,179.7227,-1.4829,179.7277,1.2343,9.99,0,9.7538,0
2.13,,,,179.7445,-1.3084,179.7277,1.1902,9.99,0,9.7538,0
2.17,,,,179.7532,-1.134,179.7233,1.102,9.99,0,9.7538,0
2.2,,,,179.7837,-1.1776,179.7189,1.0579,9.99,0,9.7538,0
2.23,,,,179.5395,-0.6978,179.7233,1.0139,9.99,0,9.7538,0
2.27,,,,179.1252,0.5234,179.7057,0.9698,9.99,0,9.7538,0
2.3,,,,179.6922,0.5234,179.6925,0.9257,9.99,0,9.7538,0
2.33,,,,180.0105,-0.0872,179.6925,0.9257,9.99,0,9.7538,0
2.37,,,,180.1632,-0.8723,179.6836,0.9257,9.99,0,9.7538,0
2.4,,,,180.246,-1.7009,179.6792,0.9257,9.99,0,9.7538,0
2.43,,,,180.2112,-2.3551,179.688,0.8816,9.99,0,9.7538,0
2.47,,,,180.185,-3.0093,179.6925,0.8816,9.99,0,9.7538,0
2.5,,,,180.1806,-3.6199,179.7013,0.8375,9.99,0,9.7538,0
2.53,,,,180.1327,-4.1433,179.7277,0.7935,9.99,0,9.7538,0
2.57,,,,180.1152,-4.6666,179.7409,0.7053,9.99,0,9.7538,0
2.6,,,,180.0629,-4.9283,179.7189,0.6171,9.99,0,9.7538,0
2.63,,,,180.0585,-5.19,179.7145,0.529,9.99,0,9.7538,0
2.67,,,,180.0629,-5.4517,179.7277,0.4849,9.99,0,9.7538,0
2.7,,,,180.0454,-5.7134,179.7277,0.4408,9.99,0,9.7538,0
2.73,,,,180.0585,-5.8878,179.7233,0.3526,9.99,0,9.7538,0
2.77,,,,180.0411,-5.9314,179.7013,0.3526,9.99,0,9.7538,0
2.8,,,,180.0062,-5.9314,179.5161,0.6612,9.99,0,9.7538,0
2.83,,,,179.9582,-5.8442,179.2825,1.4106,9.99,0,9.7538,0
2.87,,,,179.9538,-5.8006,179.3707,1.9396,9.99,0,9.7538,0
2.9,,,,179.9233,-5.5825,179.428,2.2922,9.99,0,9.7538,0
2.93,,,,179.9102,-5.2772,179.4632,2.6008,9.99,0,9.7538,0
2.97,,,,179.9277,-5.1464,179.4985,2.7771,9.99,0,9.7538,0
3,,,,179.9102,-5.0156,179.5294,2.9094,9.99,0,9.7538,0
3.03,,,,179.9059,-4.8847,179.5514,2.9975,9.99,0,9.7538,0
3.07,,,,179.8928,-4.6666,179.5778,3.0416,9.99,0,9.7538,0
3.1,,,,179.5744,-3.7508,179.569,3.0857,9.99,0,9.7538,0
3.13,,,,178.9246,-1.7009,179.5734,3.0857,9.99,0,9.7538,0
3.17,,,,178.5059,1.0031,179.5911,3.0857,9.99,0,9.7538,0
3.2,,,,178.1177,4.3177,179.6043,3.0416,9.99,0,9.7538,0
3.23,,,,177.8211,8.0249,179.6175,2.9534,9.99,0,9.7538,0
3.27,,,,177.6031,11.9937,179.6175,2.8653,9.99,0,9.7538,0
3.3,,,,177.4024,16.0934,179.6307,2.7771,9.99,0,9.7538,0
3.33,,,,177.2324,20.2803,179.4632,2.9975,9.99,0,9.7538,0
3.37,,,,177.1015,24.5544,179.0533,3.8791,9.99,0,9.7538,0
3.4,,,,176.9838,28.8286,178.661,5.422,9.99,0,9.7538,0
3.43,,,,176.9096,32.8846,178.3921,7.3175,9.99,0,9.7538,0
3.47,,,,176.8442,36.8098,178.154,9.5656,9.99,0,9.7538,0
3.5,,,,176.7831,40.517,177.9557,11.9901,9.99,0,9.7538,0
3.53,,,,176.6872,44.0933,177.7882,14.5909,9.99,0,9.7538,0
3.57,,,,176.6218,47.9313,177.6383,17.2798,9.99,0,9.7538,0
3.6,,,,176.552,52.4671,177.5193,20.0569,9.99,0,9.7538,0
3.63,,,,176.5127,55.6945,177.4179,22.79,9.99,0,9.7538,0
3.67,,,,176.4909,58.0932,177.3341,25.4789,9.99,0,9.7538,0
3.7,,,,176.4168,59.9686,177.268,28.0797,9.99,0,9.7538,0
3.73,,,,176.3252,61.4951,177.2195,30.5482,9.99,0,9.7538,0
3.77,,,,176.3077,62.8035,177.1754,32.8845,9.99,0,9.7538,0
3.8,,,,176.3339,63.7194,177.1181,35.0445,9.99,0,9.7538,0
3.83,,,,176.3252,64.2864,177.0696,37.0282,9.99,0,9.7538,0
3.87,,,,176.3165,64.5917,177.0476,38.7914,9.99,0,9.7538,0
3.9,,,,176.3034,64.6353,177.052,40.2461,9.99,0,9.7538,0
3.93,,,,176.2816,64.4172,177.0432,41.5245,9.99,0,9.7538,0
3.97,,,,176.2641,63.9375,177.0255,42.5824,9.99,0,9.7538,0
4,LOff,Both,Light off,176.2729,63.0216,177.0167,43.3759,9.99,0,9.7538,0
4.03,,,,176.2772,61.8004,176.9991,43.9489,9.99,0,9.7538,0
4.07,,,,176.2903,60.1867,176.9859,44.3016,6.0174,-7.267,5.4867,-7.806
4.1,c57,Left,,176.2947,58.2677,176.9903,44.3897,0.1798,-24.84,0.2601,-24.772
4.13,,,,176.3252,55.9562,176.9991,44.6101,0.0097,-41.803,0.1045,-41.132
4.17,,,,176.3252,53.4266,177.0255,45.0069,0.008,-57.834,0.0989,-56.598
4.2,,,,176.3034,50.5917,177.052,44.9187,0.008,-72.928,0.0971,-71.16
4.23,,,,176.3208,47.4515,177.0696,44.522,0.0081,-87.086,0.0959,-84.82
4.27,3xTg,Right,,176.3208,43.9625,177.0784,43.8167,0.0085,-100.306,0.0957,-97.573
4.3,,,,176.3295,40.1245,177.0829,42.8028,0.0078,-112.592,0.0953,-109.422
4.33,,,,176.3121,35.9812,177.0784,41.4804,0.0078,-123.941,0.0948,-120.365
4.37,,,,176.2859,31.5762,177.0784,39.9375,0.0081,-134.353,0.0947,-130.402
4.4,,,,176.251,26.9532,177.0961,38.042,0.0082,-143.828,0.0945,-139.534
4.43,,,,176.2205,22.6354,177.0961,35.9261,0.0079,-152.368,0.094,-147.76
4.47,,,,176.2031,19.2772,177.0873,33.5898,0.008,-159.971,0.094,-155.08
4.5,,,,176.2162,16.4423,177.1049,30.9891,0.0075,-166.638,0.0938,-161.494
4.53,,,,176.2336,14.0872,177.1181,28.0797,0.008,-172.369,0.0941,-167.002
4.57,,,,176.2249,12.1682,177.1225,24.9059,0.008,-177.162,0.094,-171.604
4.6,,,,176.2336,10.5109,177.1269,21.5116,0.0077,-181.02,0.0938,-175.299
4.63,,,,176.2031,9.1152,177.1269,17.8088,0.0078,-183.942,0.0938,-178.089
4.67,,,,176.1769,8.0249,177.1446,14.1941,0.0076,-185.927,0.0937,-179.973
4.7,,,,176.1638,7.109,177.1666,11.1085,0.0073,-186.976,0.0936,-180.95
4.73,,,,176.1987,6.2804,177.171,8.5958,0.0074,-187.089,0.0937,-181.021
4.77,,,,176.1769,5.5389,177.1842,6.4358,0.0076,-186.265,0.0934,-180.187
4.8,,,,176.1769,4.8847,177.2107,4.5404,0.0076,-184.504,0.0933,-178.446
4.83,,,,176.1943,4.1869,177.2415,2.9094,0.0076,-181.807,0.0933,-175.8
4.87,,,,176.2292,3.6199,177.268,1.4988,0.0075,-178.174,0.0932,-172.247
4.9,,,,176.238,3.0966,177.2944,0.2645,0.0075,-173.605,0.0931,-167.788
4.93,,,,176.2598,2.6168,177.3077,-0.7935,0.008,-168.098,0.0936,-162.422
4.97,,,,176.2772,2.1807,177.3297,-1.7192,0.0075,-161.655,0.0935,-156.15
5,,,,176.2859,1.7445,177.3385,-2.5126,0.0072,-154.277,0.0933,-148.972
5.03,,,,176.2947,1.3956,177.3738,-3.262,0.0077,-145.961,0.0935,-140.887
5.07,,,,176.3252,1.1776,177.4135,-3.9673,0.0079,-136.709,0.0935,-131.897
5.1,,,,176.3208,1.0031,177.4399,-4.5844,0.0076,-126.52,0.0934,-122
5.13,,,,176.3339,0.7414,177.4399,-5.1134,0.0076,-115.395,0.0933,-111.197
5.17,,,,176.3644,0.4361,177.4664,-5.5542,0.0075,-103.334,0.0934,-99.488
5.2,,,,176.3862,0.0872,177.5016,-5.951,0.007,-90.337,0.0934,-86.872
5.23,,,,176.3819,-0.1745,177.5237,-6.3918,0.0075,-76.403,0.0935,-73.351
5.27,,,,176.3819,-0.3925,177.5237,-6.7444,0.0075,-61.533,0.0935,-58.922
5.3,,,,176.395,-0.6106,177.5413,-7.053,0.0071,-45.727,0.0935,-43.588
5.33,,,,176.4386,-0.9159,177.5633,-7.3616,0.0073,-28.984,0.0933,-27.348
5.37,,,,176.4473,-1.2212,177.5677,-7.582,0.0073,-11.304,0.0935,-10.201
5.4,,,,176.456,-1.5265,177.581,-7.7142,0.007,-0.328,0.0935,-0.354
5.43,,,,176.4866,-1.919,177.6251,-7.9346,0.0073,-0.014,0.0936,-0.052
5.47,,,,176.504,-2.3551,177.6427,-8.1109,0.0074,-0.011,0.0938,-0.033
5.5,,,,176.5476,-2.8785,177.6515,-8.2873,0.0072,-0.011,0.0938,-0.024
5.53,,,,176.5869,-3.4019,177.6691,-8.5077,0.0075,-0.011,0.0938,-0.018
5.57,,,,176.5912,-3.9252,177.6779,-8.7281,0.0073,-0.01,0.0938,-0.014
5.6,,,,176.6,-4.4486,177.6912,-8.9044,0.0076,-0.009,0.0934,-0.011
5.63,,,,176.6,-4.9719,177.7353,-9.1248,0.0074,-0.009,0.0934,-0.009
5.67,,,,176.6087,-5.4517,177.7793,-9.3452,0.0077,-0.008,0.0938,-0.006
5.7,,,,176.6218,-5.8878,177.8146,-9.6097,0.0077,-0.007,0.0937,-0.004
5.73,,,,176.6741,-6.2804,177.8455,-9.8301,0.0074,-0.006,0.0938,-0.002
5.77,,,,176.7482,-6.7601,177.8631,-10.0505,0.0075,-0.005,0.0937,-0.001
5.8,,,,176.7657,-7.1526,177.8675,-10.1827,0.0075,-0.004,0.0937,0
5.83,,,,176.8006,-7.5888,177.8984,-10.3591,0.0073,-0.004,0.0935,0
5.87,,,,176.866,-8.1121,177.916,-10.4913,0.0074,-0.004,0.0933,0.001
5.9,,,,176.8965,-8.6355,177.9513,-10.6236,0.0075,-0.003,0.0935,0.002
5.93,,,,176.8878,-9.1152,177.9645,-10.7117,0.0076,-0.002,0.0935,0.002
5.97,,,,176.9227,-9.5078,177.9821,-10.7558,0.0075,-0.001,0.0934,0.002
6,,,,176.9619,-9.8567,178.0262,-10.844,0.0074,-0.001,0.0937,0.003
6.03,,,,177.0012,-10.2056,178.0438,-10.888,0.0074,-0.002,0.0936,0.003
6.07,,,,177.0143,-10.5109,178.0703,-10.9321,0.0074,-0.002,0.0937,0.004
6.1,,,,177.023,-10.7725,178.0967,-10.9762,0.0073,-0.002,0.0937,0.004
6.13,,,,177.0405,-10.947,178.1144,-10.9762,0.0074,-0.002,0.0935,0.004
6.17,,,,177.0884,-11.1651,178.132,-11.0203,0.0075,-0.001,0.0935,0.003
6.2,,,,177.1538,-11.514,178.154,-11.0644,0.0077,-0.001,0.0935,0.003
6.23,,,,177.1451,-11.7757,178.1893,-11.1525,0.0076,0,0.0933,0.001
6.27,,,,177.1538,-11.9937,178.2157,-11.1966,0.0073,0,0.0935,0.001
6.3,,,,177.1887,-12.2118,178.2069,-11.2407,0.0074,0,0.0936,0.001
6.33,,,,177.2324,-12.4735,178.2157,-11.1966,0.0077,0,0.0935,0.001
6.37,,,,177.2411,-12.6479,178.251,-11.1966,0.0076,0.001,0.0936,0.001
6.4,,,,177.2585,-12.8224,178.2995,-11.2848,0.0074,0.002,0.0934,0.001
6.43,,,,177.276,-12.9532,178.3348,-11.417,0.0073,0.002,0.0935,0
6.47,,,,177.3239,-13.1277,178.3524,-11.4611,0.0074,0.002,0.0935,0
6.5,,,,177.3152,-13.2149,178.3656,-11.5493,0.0074,0.003,0.0935,-0.001
6.53,,,,177.2978,-13.2149,178.3744,-11.5933,0.0072,0.001,0.0934,-0.001
6.57,,,,177.3327,-13.2149,178.3877,-11.6374,0.0071,0.001,0.0935,-0.002
6.6,,,,177.3981,-13.2585,178.4009,-11.6374,0.0069,0,0.0935,-0.002
6.63,,,,177.433,-13.2585,178.4185,-11.5933,0.007,-0.001,0.0935,-0.002
6.67,,,,177.4897,-13.3457,178.4317,-11.5493,0.0073,-0.002,0.0936,-0.002
6.7,,,,177.5028,-13.3894,178.4406,-11.4611,0.0076,-0.001,0.0937,-0.002
6.73,,,,177.4766,-13.3021,178.4494,-11.3289,0.0074,-0.002,0.0935,-0.003
6.77,,,,177.4897,-13.2149,178.4538,-11.1966,0.0071,-0.003,0.0934,-0.003
6.8,,,,177.5376,-13.1713,178.4758,-11.0644,0.0068,-0.004,0.0936,-0.002
6.83,,,,177.5856,-13.1713,178.5023,-10.888,0.0074,-0.004,0.094,-0.001
6.87,,,,177.5943,-13.1713,178.5331,-10.7558,0.0067,-0.005,0.0936,-0.001
6.9,,,,177.5987,-13.0841,178.564,-10.6236,0.0068,-0.007,0.0935,0
6.93,,,,177.638,-12.9968,178.5684,-10.4472,0.0069,-0.007,0.0936,0
6.97,,,,177.6816,-12.9096,178.5904,-10.2709,0.007,-0.008,0.0938,0
7,,,,177.6947,-12.7352,178.6081,-10.1827,0.0062,-0.009,0.0927,-0.001
7.03,,,,177.7383,-12.5607,178.6081,-10.0505,0.007,-0.009,0.0934,-0.001
7.07,,,,177.7644,-12.4299,178.6081,-9.9183,0.0069,-0.009,0.0936,-0.001
7.1,,,,177.7819,-12.3862,178.6257,-9.7419,0.0071,-0.009,0.0934,-0.001
7.13,,,,177.8124,-12.3426,178.6433,-9.5656,0.007,-0.009,0.0933,-0.001
7.17,,,,177.8386,-12.299,178.661,-9.4334,0.0073,-0.009,0.0934,-0.001
7.2,,,,177.8211,-12.299,178.683,-9.257,0.007,-0.009,0.0937,-0.001
7.23,,,,177.8255,-12.2118,178.7094,-9.1689,0.0071,-0.009,0.0935,-0.001
7.27,,,,177.8778,-12.1682,178.7359,-9.0807,0.0071,-0.008,0.0934,-0.001
7.3,,,,177.9214,-12.1246,178.7403,-8.9044,0.0071,-0.008,0.0932,-0.002
7.33,,,,177.952,-12.1682,178.7403,-8.8162,0.0073,-0.007,0.0932,-0.002
7.37,,,,177.9389,-12.1246,178.7359,-8.6399,0.0072,-0.007,0.0933,-0.002
7.4,,,,177.9476,-12.081,178.7359,-8.4636,0.007,-0.007,0.0936,-0.002
7.43,,,,177.9869,-11.9937,178.7403,-8.2873,0.0072,-0.007,0.0934,-0.002
7.47,,,,178.0087,-11.9065,178.7756,-8.155,0.0069,-0.007,0.0933,-0.002
7.5,,,,178.0043,-11.8193,178.8108,-8.0228,0.0068,-0.007,0.0935,-0.002
7.53,,,,178.0261,-11.8193,178.8152,-7.8905,0.0069,-0.006,0.0934,-0.002
7.57,,,,178.0566,-11.7757,178.8461,-7.8464,0.0069,-0.006,0.0935,-0.002
7.6,,,,178.0828,-11.6884,178.877,-7.8464,0.0068,-0.006,0.0936,-0.002
7.63,,,,178.1003,-11.6448,178.8549,-7.7142,0.007,-0.006,0.0937,-0.001
7.67,,,,178.109,-11.6012,178.8637,-7.5379,0.0069,-0.005,0.0936,-0.001
7.7,,,,178.0915,-11.4267,178.8946,-7.4497,0.0071,-0.004,0.0935,-0.001
7.73,,,,178.109,-11.2959,178.9122,-7.4056,0.0071,-0.003,0.0934,-0.001
7.77,,,,178.1744,-11.2087,178.8902,-7.3616,0.0072,-0.002,0.0933,-0.001
7.8,,,,178.2267,-11.2087,178.877,-7.2734,0.0071,-0.002,0.0935,-0.001
7.83,,,,178.2398,-11.1651,178.899,-7.1852,0.007,-0.001,0.0937,-0.001
7.87,,,,178.2355,-10.9906,178.9254,-7.0971,0.0068,-0.001,0.0937,-0.001
7.9,,,,178.2398,-10.7725,178.921,-7.0089,0.007,-0.001,0.0938,0
7.93,,,,178.2704,-10.6853,178.9431,-6.9207,0.007,-0.001,0.0939,0.001
7.97,,,,178.2834,-10.5981,178.9695,-6.8326,0.0068,-0.002,0.0936,0.001
8,,,,178.3052,-10.5545,178.9827,-6.7885,0.0065,-0.002,0.0936,0.001
8.03,,,,178.3096,-10.5109,178.9827,-6.7003,0.0066,-0.002,0.0935,0.002
8.07,,,,178.3314,-10.3364,178.9783,-6.5681,0.0066,-0.002,0.0934,0.001
8.1,,,,178.3227,-10.1183,178.9783,-6.3918,0.0067,-0.002,0.0936,0.001
8.13,,,,178.327,-9.9003,178.9916,-6.2154,0.0066,-0.003,0.0937,0.002
8.17,,,,178.3663,-9.813,179.0092,-6.0832,0.0065,-0.003,0.0937,0.003
8.2,,,,178.3707,-9.6386,179.0312,-5.995,0.0062,-0.004,0.0935,0.003
8.23,,,,178.3619,-9.3769,179.0445,-5.995,0.0066,-0.005,0.0936,0.004
8.27,,,,178.3881,-9.2025,179.0489,-5.9069,0.0066,-0.006,0.0935,0.004
8.3,,,,178.3925,-9.028,179.0356,-5.8187,0.0066,-0.006,0.0932,0.004
8.33,,,,178.423,-8.8972,179.0268,-5.6865,0.0067,-0.008,0.0934,0.002
8.37,,,,178.4404,-8.7663,179.0489,-5.5983,0.0068,-0.008,0.0937,0.002
8.4,,,,178.4404,-8.6355,179.0709,-5.4661,0.0069,-0.008,0.0938,0.003
8.43,,,,178.4492,-8.5046,179.0709,-5.3338,0.007,-0.007,0.0936,0.003
8.47,,,,178.4535,-8.3738,179.0621,-5.2016,0.0071,-0.006,0.0937,0.003
8.5,,,,178.4535,-8.243,179.0709,-5.0693,0.0069,-0.006,0.0936,0.003
8.53,,,,178.4797,-8.0685,179.0709,-4.893,0.0069,-0.005,0.0936,0.003
8.57,,,,178.4971,-7.8504,179.0533,-4.7608,0.0072,-0.004,0.0934,0.003
8.6,,,,178.5233,-7.7196,179.0621,-4.6285,0.0072,-0.003,0.0932,0.002
8.63,,,,178.5059,-7.5888,179.0797,-4.5404,0.0071,-0.003,0.0932,0.001
8.67,,,,178.4971,-7.4579,179.0841,-4.4081,0.0065,-0.002,0.0932,0
8.7,,,,178.5408,-7.3271,179.0841,-4.2318,0.0072,-0.001,0.0939,0
8.73,,,,178.58,-7.1962,179.0841,-4.0114,0.0066,-0.001,0.0934,0
8.77,,,,178.5887,-7.109,179.0709,-3.7469,0.0066,-0.001,0.0932,-0.001
8.8,,,,178.5887,-7.0218,179.0665,-3.5265,0.007,-0.001,0.0932,-0.002
8.83,,,,178.6018,-6.9346,179.0753,-3.3942,0.0068,-0.001,0.0935,-0.002
8.87,,,,178.6149,-6.8037,179.0841,-3.2179,0.0068,-0.001,0.0936,-0.002
8.9,,,,178.6367,-6.7165,179.0885,-3.0857,0.0068,-0.001,0.0937,-0.002
8.93,,,,178.6498,-6.6729,179.115,-3.0416,0.0069,-0.001,0.0936,-0.002
8.97,,,,178.6585,-6.5856,179.1106,-2.9094,0.007,0,0.0934,-0.002
9,,,,178.6629,-6.542,179.1062,-2.7771,0.007,0,0.0933,-0.002
9.03,,,,178.6672,-6.3676,179.0974,-2.689,0.0073,0.002,0.0934,-0.002
9.07,,,,178.6585,-6.1495,179.1018,-2.6008,0.0072,0.003,0.0936,-0.003
9.1,,,,178.6323,-5.9751,179.1106,-2.4685,0.0072,0.004,0.0934,-0.003
9.13,,,,178.6847,-5.9751,179.1106,-2.2922,0.0072,0.005,0.0934,-0.004
9.17,,,,178.737,-6.0187,179.1062,-2.1159,0.0072,0.006,0.0934,-0.003
9.2,,,,178.7545,-6.0623,179.0841,-1.9396,0.0073,0.007,0.0934,-0.003
9.23,,,,178.7806,-6.1059,179.093,-1.7632,0.0073,0.008,0.0935,-0.003
9.27,,,,178.7414,-6.0623,179.1062,-1.631,0.0073,0.009,0.0936,-0.002
9.3,,,,178.7021,-5.9751,179.1018,-1.5428,0.0074,0.01,0.0936,-0.001
9.33,,,,178.6934,-5.8442,179.1018,-1.4547,0.0075,0.01,0.0937,-0.001
9.37,,,,178.7152,-5.7134,179.0885,-1.3224,0.0073,0.01,0.0936,-0.001
9.4,,,,178.7545,-5.6698,179.093,-1.1902,0.0073,0.01,0.0935,-0.001
9.43,,,,178.7675,-5.6261,179.1326,-1.102,0.0072,0.01,0.0937,0
9.47,,,,178.7675,-5.4953,179.1547,-1.102,0.0072,0.01,0.0936,0
9.5,,,,178.7501,-5.4081,179.1282,-1.0579,0.0074,0.01,0.0939,0.001
9.53,,,,178.7719,-5.3209,179.1018,-0.9698,0.0073,0.009,0.0937,0.002
9.57,,,,178.7806,-5.19,179.1062,-0.9257,0.007,0.008,0.0938,0.002
9.6,,,,178.7501,-5.0156,179.1018,-0.8816,0.0071,0.007,0.0935,0.002
9.63,,,,178.8068,-4.9283,179.1194,-0.8375,0.0071,0.006,0.0936,0.002
9.67,,,,178.833,-4.8847,179.1326,-0.7935,0.0071,0.005,0.0938,0.002
9.7,,,,178.8286,-4.8411,179.1326,-0.7935,0.0071,0.005,0.0938,0.003
9.73,,,,178.8242,-4.7539,179.137,-0.7935,0.0074,0.005,0.0937,0.004
9.77,,,,178.8068,-4.623,179.1326,-0.8375,0.0073,0.005,0.0937,0.004
9.8,,,,178.7894,-4.4486,179.1326,-0.8375,0.0073,0.006,0.0935,0.004
9.83,,,,178.7981,-4.2305,179.1326,-0.8375,0.0074,0.006,0.0933,0.004
9.87,,,,178.7981,-4.0561,179.1238,-0.7935,0.0073,0.006,0.0934,0.004
9.9,,,,178.8112,-3.8816,179.1106,-0.7053,0.0071,0.006,0.0935,0.004
9.93,,,,178.7239,-3.5763,179.1106,-0.6612,0.007,0.006,0.0936,0.003
9.97,,,,178.5931,-3.0093,179.1106,-0.6171,0.0069,0.005,0.0936,0.003
10,,,,178.5582,-2.3115,179.1194,-0.5731,0.0072,0.004,0.0936,0.002
10.03,,,,178.628,-1.8318,179.1194,-0.5731,0.007,0.004,0.0935,0.003
10.07,,,,178.6411,-1.4392,179.1282,-0.5731,0.007,0.003,0.0935,0.002
10.1,,,,178.689,-1.1776,179.1326,-0.529,0.007,0.001,0.0937,0.002
10.13,,,,178.7763,-1.0467,179.1326,-0.4849,0.0071,0.001,0.0935,0.001
10.17,,,,178.7981,-0.9595,179.1326,-0.4408,0.0069,0,0.0936,0.001
10.2,,,,178.7588,-0.785,179.1282,-0.3967,0.0066,-0.002,0.0936,0.001
10.23,,,,178.7719,-0.6978,179.137,-0.3967,0.0068,-0.003,0.0937,0.002
10.27,,,,178.7632,-0.567,179.1459,-0.4408,0.0068,-0.004,0.0938,0.002
10.3,,,,178.7675,-0.4797,179.137,-0.4849,0.0073,-0.004,0.0938,0.002
10.33,,,,178.833,-0.5234,179.1282,-0.4849,0.0072,-0.005,0.0938,0.002
10.37,,,,178.8635,-0.6106,179.115,-0.4408,0.0068,-0.005,0.0938,0.002
10.4,,,,178.8679,-0.6542,179.115,-0.3967,0.007,-0.005,0.0938,0.002
10.43,,,,178.8766,-0.6542,179.1326,-0.3967,0.007,-0.005,0.0936,0.002
10.47,,,,178.8809,-0.6978,179.137,-0.3967,0.0071,-0.005,0.0937,0.002
10.5,,,,178.894,-0.9159,179.1282,-0.3967,0.0071,-0.005,0.0937,0.001
10.53,,,,178.9027,-1.134,179.1414,-0.3526,0.0074,-0.005,0.0936,0.001
10.57,,,,178.8897,-1.352,179.1326,-0.3086,0.0075,-0.004,0.0937,0.001
10.6,,,,178.8504,-1.4392,179.115,-0.2645,0.0076,-0.002,0.0938,0.001
10.63,,,,178.8591,-1.4392,179.093,-0.1763,0.0076,-0.001,0.094,0.001
10.67,,,,178.8853,-1.4829,179.0885,-0.0882,0.0073,0,0.0941,0.002
10.7,,,,178.8635,-1.4829,179.0974,0.0441,0.0072,0,0.0939,0.003
10.73,,,,178.9071,-1.6137,179.1062,0.1322,0.0072,0.001,0.0937,0.002
10.77,,,,178.9769,-1.919,179.1018,0.1763,0.0071,0.001,0.0939,0.003
10.8,,,,178.9725,-2.1807,179.0797,0.1763,0.0072,0.001,0.0939,0.003
10.83,,,,178.942,-2.3115,179.0753,0.2645,0.0076,0.002,0.0939,0.004
10.87,,,,178.9115,-2.4424,179.093,0.3086,0.0071,0.002,0.0938,0.004
10.9,,,,178.9289,-2.5732,179.0885,0.3967,0.007,0.002,0.094,0.005
10.93,,,,178.9289,-2.6604,179.0841,0.4849,0.0073,0.002,0.0937,0.004
10.97,,,,178.9202,-2.8349,179.0797,0.5731,0.0071,0.002,0.0936,0.004
11,,,,178.942,-3.0529,179.0709,0.6171,0.007,0.001,0.0939,0.005
11.03,,,,178.9115,-3.2274,179.0665,0.7053,0.0071,0.001,0.0938,0.005
11.07,,,,178.9202,-3.4019,179.0665,0.7494,0.0071,0.002,0.0939,0.005
11.1,,,,178.8897,-3.4455,179.0753,0.7494,0.007,0.002,0.0937,0.005
11.13,,,,178.8112,-3.3146,179.0709,0.7935,0.0073,0.002,0.0935,0.004
11.17,,,,178.785,-3.1838,179.0621,0.8375,0.0073,0.003,0.0932,0.003
11.2,,,,178.8068,-3.0529,179.0533,0.9257,0.0074,0.004,0.0933,0.001
11.23,,,,178.8504,-3.0529,179.0577,0.9698,0.0072,0.004,0.0935,0.001
11.27,,,,178.8984,-2.9657,179.0489,1.0579,0.007,0.003,0.0934,0
11.3,,,,178.9071,-2.6168,179.0489,1.1461,0.0073,0.003,0.0934,-0.001
11.33,,,,178.8809,-2.1371,179.0356,1.2343,0.0073,0.004,0.0935,-0.002
11.37,,,,178.8635,-1.7009,179.0224,1.3665,0.0073,0.004,0.0935,-0.002
11.4,,,,178.8635,-1.3084,179.0268,1.4106,0.0073,0.004,0.0936,-0.003
11.43,,,,178.9071,-1.0467,179.0356,1.4547,0.0071,0.003,0.0933,-0.004
11.47,,,,178.8984,-0.9159,179.0356,1.4988,0.0073,0.003,0.0936,-0.004
11.5,,,,178.8897,-0.785,179.0401,1.4988,0.0071,0.003,0.0935,-0.005
11.53,,,,178.9376,-0.6978,179.0445,1.4988,0.0069,0.001,0.0932,-0.006
11.57,,,,178.9594,-0.6106,179.0401,1.4547,0.0068,0,0.0935,-0.006
11.6,,,,178.9027,-0.4361,179.0268,1.4547,0.0069,-0.002,0.0934,-0.006
11.63,,,,178.8548,-0.1308,179.0401,1.4106,0.0069,-0.002,0.0934,-0.006
11.67,,,,178.8635,0.0436,179.0489,1.3665,0.007,-0.002,0.0932,-0.007
11.7,,,,178.8461,0.1745,179.0268,1.3665,0.0069,-0.003,0.0932,-0.007
11.73,,,,178.8679,0.2617,179.0004,1.4547,0.007,-0.004,0.0934,-0.007
11.77,,,,178.8504,0.3489,178.9872,1.4547,0.0071,-0.005,0.0934,-0.008
11.8,,,,178.833,0.4797,178.9783,1.4988,0.0072,-0.005,0.0939,-0.007
11.83,,,,178.8722,0.5234,178.9827,1.4988,0.0072,-0.005,0.0937,-0.007
11.87,,,,178.8635,0.5234,179.0004,1.4547,0.0074,-0.004,0.0936,-0.007
11.9,,,,178.8679,0.567,179.0312,1.3665,0.0072,-0.003,0.0937,-0.007
11.93,,,,178.8679,0.6542,179.0268,1.2784,0.0074,-0.002,0.0937,-0.006
11.97,,,,178.8591,0.785,178.9827,1.3224,0.0071,-0.001,0.0938,-0.005
12,,,,178.8373,0.8723,178.996,1.3665,0.0072,-0.001,0.0939,-0.003
12.03,,,,178.8242,1.0467,178.9872,1.3665,0.0071,-0.001,0.0937,-0.003
12.07,,,,178.8548,1.0467,178.9607,1.4106,0.007,-0.001,0.0938,-0.002
12.1,,,,178.8504,0.9159,178.9563,1.4106,0.007,-0.001,0.094,-0.001
12.13,,,,178.8504,0.8287,178.9651,1.4547,0.0071,-0.001,0.0938,0
12.17,,,,178.8591,0.7414,178.9739,1.4988,0.0071,-0.001,0.0941,0.002
12.2,,,,178.8548,0.6978,178.9563,1.4988,0.0072,-0.001,0.0936,0.002
12.23,,,,178.8242,0.6978,178.9431,1.5428,0.0072,-0.001,0.0936,0.003
12.27,,,,178.8242,0.6542,178.9431,1.5869,0.0072,0,0.0936,0.003
12.3,,,,178.833,0.6106,178.9563,1.5869,0.0074,0,0.0939,0.004
12.33,,,,178.8155,0.567,178.9563,1.5869,0.0078,0.001,0.0941,0.005
12.37,,,,178.8373,0.5234,178.9475,1.631,0.0075,0.002,0.0938,0.006
12.4,,,,178.8112,0.5234,178.9122,1.6751,0.0077,0.002,0.0936,0.007
12.43,,,,178.8199,0.5234,178.8681,1.8073,0.0076,0.003,0.0937,0.007
12.47,,,,178.8155,0.6978,178.8505,1.9396,0.0075,0.004,0.0936,0.007
12.5,,,,178.8199,0.9159,178.8549,2.0718,0.0072,0.004,0.0933,0.005
12.53,,,,178.8155,1.0903,178.8461,2.2481,0.0071,0.004,0.0932,0.004
12.57,,,,178.8155,1.1776,178.8593,2.3363,0.0075,0.005,0.0936,0.004
12.6,,,,178.8024,1.2212,178.8681,2.3804,0.0065,0.003,0.0932,0.003
12.63,,,,178.7632,1.2648,178.8681,2.4685,0.0077,0.004,0.0941,0.004
12.67,,,,178.7632,1.3956,178.8725,2.5126,0.0068,0.003,0.0932,0.003
12.7,,,,178.7632,1.5265,178.8725,2.6008,0.0075,0.004,0.0939,0.003
12.73,,,,178.7719,1.6137,178.8725,2.6449,0.0075,0.005,0.0937,0.003
12.77,,,,178.7283,1.7009,178.8593,2.689,0.0075,0.005,0.0932,0.002
12.8,,,,178.7108,1.8318,178.8417,2.733,0.0078,0.007,0.0938,0.002
12.83,,,,178.7588,1.8754,178.8152,2.8212,0.0076,0.007,0.094,0.003
12.87,,,,178.7937,1.7445,178.8152,2.8653,0.0072,0.006,0.0935,0.001
12.9,,,,178.8286,1.4829,178.8285,2.8653,0.0075,0.006,0.0935,0.001
12.93,,,,178.7545,1.4392,178.8373,2.8653,0.0076,0.006,0.0936,0
12.97,,,,178.7283,1.5701,178.8108,2.8653,0.0075,0.006,0.0939,0
13,,,,178.7414,1.6137,178.7888,2.8653,0.0086,0.008,0.0946,0.001
13.03,,,,178.7414,1.7009,178.7844,2.9094,0.0069,0.006,0.0938,0.001
13.07,,,,178.7414,1.7009,178.7668,2.9975,0.0069,0.005,0.0936,0
13.1,,,,178.7675,1.7009,178.7535,3.1298,0.0076,0.005,0.0941,0
13.13,,,,178.7501,1.7445,178.7712,3.2179,0.0068,0.003,0.0935,0
13.17,,,,178.7414,1.7445,178.7932,3.2179,0.0073,0.003,0.0936,0
13.2,,,,178.7196,1.7882,178.7932,3.1738,0.0073,0.003,0.0936,-0.001
13.23,,,,178.7108,1.7882,178.7888,3.0857,0.0072,0.003,0.0937,-0.001
13.27,,,,178.7021,1.8318,178.7668,2.9975,0.0072,0.002,0.0936,-0.001
13.3,,,,178.6978,1.8754,178.7403,3.0416,0.007,0.001,0.0937,-0.001
13.33,,,,178.676,1.9626,178.7403,2.9975,0.0069,0,0.0935,-0.001
13.37,,,,178.689,2.0498,178.7403,2.9975,0.0069,-0.001,0.0934,-0.001
13.4,,,,178.7283,2.0062,178.7359,2.9975,0.0071,-0.002,0.0934,-0.002
13.43,,,,178.7457,1.919,178.7359,2.9975,0.007,-0.003,0.0936,-0.001
13.47,,,,178.7719,1.7882,178.7447,2.9534,0.0071,-0.004,0.0938,-0.001
13.5,,,,178.7283,1.6573,178.7491,2.8212,0.0072,-0.004,0.0938,0
13.53,,,,178.6847,1.6573,178.7491,2.733,0.0064,-0.006,0.0935,0
13.57,,,,178.737,1.6137,178.7359,2.689,0.0059,-0.009,0.0935,-0.001
13.6,,,,179.5613,0,178.7227,2.6449,0.0082,-0.007,0.0938,0
13.63,,,,180.6473,-3.5327,178.7006,2.5567,0.0071,-0.007,0.0938,0
13.67,,,,181.1358,-7.7196,178.7006,2.4685,0.0073,-0.006,0.0937,0.001
13.7,,,,181.2928,-12.0373,178.6874,2.4245,0.0072,-0.006,0.0938,0.002
13.73,,,,181.3626,-16.2242,178.6654,2.4245,0.0069,-0.006,0.0939,0.002
13.77,,,,181.3931,-20.1931,178.661,2.5126,0.0067,-0.006,0.0937,0.002
13.8,,,,181.3713,-23.9002,178.6698,2.6008,0.0068,-0.006,0.0937,0.002
13.83,Rot,Both,,181.4236,-27.4765,178.705,2.6008,0.0067,-0.007,0.0935,0.001
13.87,,,,181.4585,-30.8784,179.0136,2.0277,0.007,-0.008,0.0937,0
13.9,,,,181.3887,-33.8877,179.4059,0.7494,0.0071,-0.007,0.0937,0
13.93,,,,181.3713,-36.5918,179.6087,-0.9257,0.0068,-0.009,0.0935,-0.001
13.97,,,,181.4105,-39.0777,179.7454,-2.733,0.007,-0.009,0.0936,0
14,,,,181.428,-41.302,179.8335,-4.6285,0.0071,-0.01,0.0938,-0.001
14.03,,,,181.4149,-43.3082,179.8732,-6.4799,0.0072,-0.009,0.0938,0
14.07,,,,181.4105,-45.0528,179.904,-8.3313,0.0071,-0.008,0.0937,0
14.1,,,,181.4193,-46.4484,179.9525,-10.1387,0.007,-0.008,0.0937,-0.001
14.13,,,,181.3887,-47.5388,180.0054,-11.946,0.0071,-0.007,0.0938,-0.001
14.17,,,,181.38,-48.4546,180.0407,-13.6211,0.0072,-0.006,0.0937,0
14.2,,,,181.3756,-49.1525,180.076,-15.208,0.0072,-0.005,0.0936,-0.001
14.23,,,,181.3713,-49.7194,180.1377,-16.8831,0.0073,-0.004,0.0935,-0.002
14.27,,,,181.3277,-49.7631,180.1597,-18.47,0.0073,-0.003,0.0933,-0.002
14.3,,,,181.3277,-49.545,180.1641,-19.8806,0.0072,-0.002,0.0935,-0.002
14.33,,,,181.3669,-49.1961,180.195,-21.159,0.0072,0.001,0.0935,-0.001
14.37,,,,181.3451,-48.5419,180.2258,-22.3932,0.0073,0.001,0.0936,-0.001
14.4,,,,181.3146,-47.5824,180.2347,-23.4512,0.0071,0.001,0.0938,-0.001
14.43,,,,181.3451,-46.492,180.2523,-24.3769,0.0072,0.002,0.0936,0
14.47,,,,181.3669,-45.1836,180.2787,-25.2585,0.0072,0.002,0.0934,0
14.5,,,,181.3931,-43.6572,180.3052,-26.096,0.007,0.002,0.0937,0
14.53,,,,181.4105,-41.869,180.3272,-26.8013,0.0069,0.002,0.0938,0
14.57,,,,181.3844,-39.7319,180.336,-27.3744,0.0068,0.002,0.0939,0
14.6,,,,181.3713,-37.3332,180.3581,-27.8152,0.0069,0.002,0.094,0.001
14.63,,,,181.3931,-34.7164,180.3757,-28.0797,0.0069,0.002,0.0938,0.001
14.67,,,,181.3931,-31.7943,180.3801,-28.2119,0.0071,0.002,0.0939,0.001
14.7,,,,181.3713,-28.6105,180.3801,-28.1679,0.0073,0.002,0.0939,0.001
14.73,,,,181.3669,-25.2522,180.3757,-27.9915,0.0071,0.002,0.0939,0.001
14.77,,,,181.3756,-21.6759,180.3801,-27.6389,0.007,0.002,0.0937,0.001
14.8,,,,181.3626,-17.8816,180.4066,-27.1981,0.0074,0.003,0.0936,0.001
14.83,,,,181.3626,-13.7819,180.4198,-26.6691,0.0073,0.003,0.0937,0.001
14.87,,,,181.3931,-9.3769,180.4242,-25.9638,0.0075,0.003,0.0937,0.001
14.9,,,,181.4018,-4.8411,180.4374,-25.0822,0.0074,0.001,0.0937,0
14.93,,,,181.4149,-1.7009,180.4507,-24.0683,0.0077,0.004,0.0937,0.001
14.97,,,,181.4236,-0.4361,180.4683,-22.8781,0.0076,0.005,0.0937,0.001
15,AA,Both,,181.4411,-0.0872,180.4507,-21.4675,0.0072,0.005,0.0938,0.001
15.03,,,,181.4672,-0.0872,180.4418,-19.8806,0.007,0.005,0.0938,0.001
15.07,,,,182.3657,-1.8318,180.4639,-18.1174,0.008,0.007,0.0938,0.002
15.1,,,,183.3208,-5.2772,180.4683,-16.1778,0.0072,0.006,0.0939,0.002
15.13,,,,183.709,-9.2461,180.4639,-14.0619,0.0074,0.006,0.0938,0.003
15.17,,,,183.8572,-13.3021,180.4551,-11.8578,0.0074,0.005,0.0937,0.002
15.2,,,,183.9139,-17.3582,180.4683,-10.0946,0.0072,0.005,0.0934,0.002
15.23,,,,183.9183,-21.0217,180.508,-9.0366,0.0075,0.005,0.0938,0.002
15.27,,,,183.9096,-24.4236,180.5212,-8.2432,0.0076,0.005,0.0939,0.002
15.3,,,,183.927,-27.6946,180.508,-7.6701,0.0074,0.005,0.0937,0.002
15.33,,,,183.9924,-30.8784,180.5124,-7.1411,0.0075,0.005,0.0938,0.002
15.37,,,,184.0317,-33.8441,180.5917,-6.8326,0.0074,0.005,0.0939,0.002
15.4,,,,184.0273,-36.5918,180.9796,-7.1852,0.0077,0.006,0.0938,0.003
15.43,,,,183.9881,-38.9905,181.3455,-8.1991,0.0075,0.006,0.094,0.003
15.47,,,,183.9576,-41.084,181.5439,-9.5656,0.0075,0.006,0.094,0.004
15.5,,,,183.9401,-42.8721,181.6585,-11.0203,0.0074,0.006,0.094,0.004
15.53,,,,183.9227,-44.355,181.7334,-12.5631,0.0074,0.006,0.094,0.004
15.57,,,,183.9314,-45.6198,181.7951,-14.1941,0.0075,0.006,0.0941,0.004
15.6,,,,183.9401,-46.5793,181.8568,-15.8251,0.0074,0.006,0.0942,0.004
15.63,,,,183.9837,-47.3643,181.8965,-17.368,0.0074,0.006,0.0941,0.004
15.67,,,,183.9794,-47.9749,181.9318,-18.8667,0.0072,0.006,0.0941,0.004
15.7,,,,183.9924,-48.3238,181.9715,-20.3214,0.0072,0.006,0.0942,0.005
15.73,,,,183.9706,-48.3238,182.0199,-21.732,0.0072,0.005,0.0941,0.005
15.77,,,,183.9358,-48.0621,182.0552,-23.0985,0.0073,0.005,0.0939,0.005
15.8,,,,183.9576,-47.6696,182.0861,-24.3769,0.0071,0.004,0.0938,0.004
15.83,,,,183.9837,-47.1026,182.1213,-25.5671,0.0069,0.003,0.0939,0.003
15.87,,,,183.9488,-46.274,182.1478,-26.7132,0.0069,0.001,0.0938,0.003
15.9,,,,183.8921,-45.0528,182.183,-27.7711,0.0072,0,0.094,0.004
15.93,,,,183.8834,-43.5263,182.2095,-28.7409,0.0072,-0.001,0.0942,0.004
15.97,,,,183.9227,-41.9126,182.2271,-29.6225,0.0073,-0.002,0.094,0.005
16,,,,183.9663,-40.1245,182.2403,-30.3719,0.0073,-0.002,0.0942,0.005
16.03,,,,183.9488,-38.031,182.2624,-30.945,0.0074,-0.002,0.0943,0.006
16.07,,,,183.9139,-35.6323,182.2932,-31.4299,0.0073,-0.003,0.0941,0.006
16.1,,,,183.8442,-32.8846,182.3241,-31.7384,0.0074,-0.003,0.0939,0.006
16.13,,,,183.8442,-29.8753,182.3329,-32.0029,0.0071,-0.004,0.0937,0.005
16.17,,,,183.8878,-26.6915,182.3373,-32.0911,0.0072,-0.004,0.0938,0.004
16.2,,,,183.8878,-23.3332,182.3373,-32.0029,0.0073,-0.004,0.0939,0.004
16.23,,,,183.866,-19.7569,182.3726,-31.8266,0.0078,-0.003,0.0942,0.004
16.27,,,,183.8485,-15.9189,182.399,-31.518,0.0073,-0.003,0.0935,0.003
16.3,,,,183.8267,-11.8193,182.4123,-31.1213,0.0069,-0.003,0.0932,0.001
16.33,,,,183.8311,-7.5451,182.4211,-30.5042,0.0074,-0.003,0.0937,0.001
16.37,,,,183.8791,-3.1838,182.4299,-29.7107,0.0073,-0.004,0.094,0.001
16.4,,,,183.9009,-0.3489,182.4608,-28.8291,0.0071,-0.003,0.0941,0.001
16.43,,,,183.8703,0.8287,182.4696,-27.8152,0.0073,-0.003,0.0939,0.001
16.47,,,,183.8791,1.3084,182.4784,-26.5809,0.0072,-0.003,0.0941,0.001
16.5,,,,183.8921,1.4829,182.4872,-25.1703,0.0071,-0.003,0.0939,0
16.53,,,,183.9139,1.5265,182.5004,-23.6275,0.0072,-0.004,0.0942,0
16.57,,,,183.9009,1.5701,182.5048,-21.9524,0.0073,-0.003,0.094,0
16.6,,,,183.8791,1.7009,182.5048,-20.1451,0.0072,-0.003,0.094,0
16.63,,,,183.8834,1.7445,182.5137,-18.1174,0.0075,-0.002,0.0941,-0.001
16.67,,,,183.8224,1.7882,182.5004,-15.8692,0.0073,-0.002,0.0939,-0.001
16.7,,,,183.8442,1.7009,182.5004,-13.6211,0.0077,-0.001,0.0938,-0.002
16.73,,,,183.8965,1.5265,182.5269,-11.9901,0.0076,0,0.094,-0.002
16.77,,,,183.8747,1.4392,182.5269,-10.888,0.0074,0.001,0.0941,-0.002
16.8,,,,183.7962,1.5265,182.5137,-10.0505,0.0073,0.001,0.094,-0.001
16.83,,,,183.7482,1.7445,182.5181,-9.3893,0.0076,0.002,0.0939,-0.002
16.87,,,,183.7613,1.919,182.5269,-8.7722,0.0074,0.002,0.094,-0.001
16.9,,,,183.7787,2.0498,182.5577,-8.2432,0.0075,0.003,0.0942,-0.001
16.93,,,,183.7439,2.2243,182.5798,-7.8024,0.0075,0.004,0.094,0
16.97,,,,183.7439,2.3115,182.5842,-7.4056,0.0073,0.004,0.0941,0
17,,,,183.7787,2.3115,182.5842,-6.9648,0.0072,0.004,0.0943,0.001
17.03,,,,183.7831,2.2243,182.5798,-6.5681,0.0068,0.003,0.0939,0.001
17.07,,,,183.7569,2.2243,182.571,-6.2154,0.0072,0.002,0.0945,0.003
17.1,,,,183.7569,2.3115,182.5798,-5.8628,0.0071,0.002,0.0942,0.003
17.13,,,,183.7831,2.2243,182.5798,-5.5101,0.007,0.001,0.0939,0.002
17.17,,,,183.7962,2.0935,182.593,-5.2016,0.0075,0.001,0.0941,0.002
17.2,,,,183.7875,2.0062,182.5886,-4.893,0.0072,0,0.094,0.002
17.23,,,,183.7962,2.0062,182.593,-4.6285,0.0072,0,0.0941,0.002
17.27,,,,183.7875,2.0498,182.6018,-4.4081,0.0077,0,0.0942,0.003
17.3,,,,183.7395,2.0498,182.6106,-4.1877,0.0071,0,0.0941,0.003
17.33,,,,183.7569,1.9626,182.6062,-3.9673,0.0057,-0.003,0.0943,0.004
17.37,,,,183.7264,1.919,182.5974,-3.7028,0.0068,-0.004,0.0938,0.004
17.4,,,,183.4211,2.486,182.5974,-3.4824,0.0077,-0.003,0.094,0.004
17.43,,,,183.1812,3.5763,182.5974,-3.3061,0.0076,-0.002,0.0943,0.005
17.47,,,,183.0635,4.8411,182.6018,-3.1298,0.0072,-0.002,0.0939,0.004
17.5,,,,182.9981,6.0623,182.5974,-2.9094,0.0071,-0.003,0.0939,0.004
17.53,,,,182.9544,7.2398,182.5842,-2.6449,0.0071,-0.003,0.094,0.003
17.57,,,,182.9457,8.4174,182.593,-2.4245,0.0068,-0.003,0.0938,0.003
17.6,,,,182.9152,9.595,182.6239,-2.3363,0.0069,-0.003,0.0938,0.002
17.63,,,,182.889,10.8162,182.6239,-2.2041,0.0069,-0.005,0.094,0
17.67,,,,182.8847,11.9065,182.6239,-2.0718,0.0071,-0.005,0.094,0
17.7,,,,182.937,12.6915,182.6283,-1.9837,0.0073,-0.004,0.0939,-0.001
17.73,Ascorbate,Both,,182.8977,13.4766,182.6283,-1.8955,0.0074,-0.004,0.094,-0.001
17.77,,,,182.8759,14.218,182.615,-1.8073,0.0073,-0.004,0.094,-0.001
17.8,,,,182.8236,15.0031,182.6106,-1.7192,0.0073,-0.004,0.0941,-0.001
17.83,,,,182.7887,15.6573,182.6106,-1.631,0.0074,-0.004,0.0943,0
17.87,,,,182.7582,16.2679,182.593,-1.5428,0.0074,-0.003,0.0944,0.001
17.9,,,,182.7364,16.8348,182.6062,-1.4547,0.0073,-0.003,0.0944,0.001
17.93,,,,182.7364,17.3146,182.6283,-1.4106,0.0074,-0.003,0.0945,0.002
17.97,,,,182.7407,17.6635,182.615,-1.3224,0.0075,-0.002,0.0942,0.002
18,,,,182.6884,18.1432,182.615,-1.2343,0.0074,-0.002,0.0938,0.001
18.03,,,,182.6186,18.623,182.5313,-0.9257,0.0069,-0.001,0.0939,0
18.07,,,,182.5794,18.9283,182.3902,-0.4408,0.0073,-0.001,0.0942,0.001
18.1,,,,182.6055,19.1027,182.3153,0.1322,0.0071,0,0.0942,0.001
18.13,,,,182.6099,19.2772,182.2756,0.8375,0.0073,0,0.0944,0.001
18.17,,,,182.5663,19.5389,182.2315,1.5428,0.0072,0.001,0.0941,0.001
18.2,,,,182.5227,19.7569,182.2007,2.2922,0.0071,0.001,0.0942,0.001
18.23,,,,182.4965,19.8442,182.1963,2.9534,0.0073,0.002,0.0945,0.002
18.27,,,,182.4616,19.975,182.183,3.5706,0.0072,0.002,0.094,0.001
18.3,,,,182.4485,19.975,182.1654,4.1877,0.0067,0.002,0.0934,0
18.33,,,,182.4398,19.8442,182.1213,4.8048,0.007,0.001,0.0943,0.001
18.37,,,,182.37,19.6697,182.0817,5.5101,0.0069,0,0.0943,0.001
18.4,,,,182.3177,19.5389,182.0508,6.2154,0.0069,0,0.094,0.002
18.43,,,,182.3264,19.2336,182.0376,6.8767,0.0072,0,0.0941,0.002
18.47,,,,182.3439,18.7102,182.0023,7.5379,0.0069,-0.001,0.0942,0.002
18.5,,,,182.3308,18.056,182.0023,8.155,0.0067,-0.001,0.0942,0.002
18.53,,,,182.3308,17.3146,182.0023,8.684,0.007,-0.001,0.0941,0.002
18.57,,,,182.3221,16.3987,181.9847,9.213,0.0067,-0.002,0.094,0.001
18.6,,,,182.3002,15.3956,181.9803,9.6538,0.0068,-0.002,0.0938,0.001
18.63,,,,182.2828,14.3925,181.967,10.0505,0.007,-0.002,0.094,0.001
18.67,,,,182.2435,13.3021,181.9406,10.4472,0.0068,-0.005,0.0941,0.001
18.7,,,,182.2217,12.1246,181.9406,10.7999,0.007,-0.006,0.0942,0.001
18.73,,,,182.1999,11.4704,181.9274,11.1525,0.0068,-0.005,0.0942,0.001
18.77,,,,182.1694,11.2087,181.8965,11.4611,0.0071,-0.004,0.094,0.001
18.8,,,,182.1476,11.1215,181.8612,11.7256,0.007,-0.004,0.0939,0.001
18.83,,,,182.1258,11.1215,181.826,12.0342,0.0072,-0.004,0.094,0
18.87,,,,182.1127,11.1215,181.7907,12.3868,0.0072,-0.004,0.0939,0
18.9,,,,182.1083,11.1215,181.7643,12.6513,0.007,-0.005,0.0938,-0.001
18.93,,,,182.0822,11.0778,181.7555,12.7835,0.0068,-0.006,0.0936,-0.003
18.97,,,,182.0386,11.1215,181.7158,12.9599,0.0069,-0.006,0.0938,-0.003
19,,,,182.0211,11.1215,181.707,13.048,0.007,-0.006,0.094,-0.004
19.03,,,,182.0168,10.9906,181.6893,13.048,0.0067,-0.007,0.094,-0.004
19.07,,,,181.9819,10.8598,181.6717,13.0039,0.0067,-0.007,0.0941,-0.004
19.1,,,,181.947,10.7725,181.6629,12.9158,0.0066,-0.007,0.0939,-0.005
19.13,,,,181.9208,10.7289,181.6541,12.7835,0.0066,-0.008,0.0938,-0.005
19.17,,,,181.8772,10.7289,181.6408,12.5631,0.0061,-0.008,0.0937,-0.005
19.2,TMPD,Both,,181.8379,10.8162,181.632,12.2986,0.004,-0.013,0.0939,-0.005
19.23,,,,181.7987,10.9034,181.6276,11.9019,0.0099,-0.007,0.0941,-0.004
19.27,,,,181.5588,11.3831,181.6276,11.417,0.0072,-0.006,0.094,-0.003
19.3,,,,180.9657,12.7788,181.5791,10.9321,0.0068,-0.005,0.0938,-0.004
19.33,,,,180.2504,15.4392,181.5306,10.4472,0.0067,-0.005,0.0939,-0.004
19.37,,,,179.5046,19.3644,181.4998,10.0946,0.0068,-0.005,0.0939,-0.005
19.4,,,,178.7065,24.5544,181.5042,9.8742,0.0069,-0.004,0.0938,-0.005
19.43,,,,177.8909,30.7912,181.4733,9.786,0.0071,-0.004,0.0938,-0.005
19.47,,,,177.1146,38.031,181.4248,9.786,0.0071,-0.002,0.0936,-0.005
19.5,,,,176.3295,46.2304,181.3102,10.0064,0.0073,-0.001,0.0938,-0.005
19.53,,,,175.5183,55.4328,181.0546,10.6236,0.0072,0,0.0937,-0.005
19.57,,,,174.6592,65.6384,180.7416,11.7697,0.0074,0.001,0.0938,-0.004
19.6,,,,173.8567,76.5854,180.3845,13.4448,0.0072,0.002,0.0939,-0.004
19.63,,,,173.0542,88.2302,180.001,15.6929,0.0072,0.002,0.0939,-0.005
19.67,,,,172.2648,100.4856,179.5734,18.5582,0.007,0.003,0.0938,-0.005
19.7,,,,171.471,113.3516,179.1326,22.1287,0.0069,0.002,0.094,-0.004
19.73,,,,170.6554,126.7846,178.6698,26.2724,0.0072,0.003,0.0942,-0.003
19.77,,,,169.8791,140.5228,178.1849,31.0331,0.007,0.003,0.0941,-0.002
19.8,,,,169.1028,154.5228,177.6868,36.4551,0.0072,0.004,0.0938,-0.002
19.83,,,,168.309,168.6972,177.1798,42.362,0.0073,0.004,0.0939,-0.002
19.87,,,,167.5196,183.046,176.6509,48.7538,0.0071,0.004,0.0939,-0.001
19.9,,,,166.7346,197.4385,176.0998,55.7186,0.007,0.004,0.0937,-0.002
19.93,,,,165.9364,211.8746,175.5532,63.1242,0.0071,0.004,0.0938,-0.002
19.97,,,,165.147,226.2234,174.9978,71.0148,0.0072,0.004,0.0936,-0.002
20,,,,164.3576,240.5287,174.4203,79.302,0.0073,0.005,0.0937,-0.002
20.03,,,,163.5508,254.6595,173.8297,87.986,0.0073,0.005,0.0937,-0.002
20.07,,,,162.7308,268.5722,173.2302,97.0226,0.0071,0.005,0.0939,-0.001
20.1,,,,161.9109,282.2232,172.6395,106.4119,0.0071,0.005,0.094,-0.001
20.13,,,,161.1302,295.4381,172.0356,116.0657,0.0072,0.006,0.094,-0.001
20.17,,,,160.3583,308.1733,171.4316,126.028,0.0072,0.006,0.0938,0
20.2,,,,159.5471,320.3415,170.8189,136.1667,0.0068,0.006,0.0939,0
20.23,,,,158.714,331.8991,170.193,146.4376,0.0069,0.006,0.0939,0
20.27,,,,157.9116,342.8024,169.5626,156.8408,0.0068,0.005,0.0941,0
20.3,,,,157.144,352.9644,168.9322,167.3321,0.0069,0.005,0.0942,0
20.33,,,,156.3676,362.2105,168.2931,177.7793,0.0067,0.004,0.0942,0.001
20.37,,,,155.5869,370.4534,167.6363,188.2266,0.0068,0.003,0.094,0.001
20.4,,,,154.7757,377.8241,167.0103,198.5416,0.0068,0.002,0.0939,0.002
20.43,,,,153.9427,384.1917,166.3579,208.6802,0.0069,0.002,0.0939,0.002
20.47,,,,153.162,389.4689,165.6967,218.5985,0.0069,0.001,0.094,0.002
20.5,,,,152.3726,393.525,165.0355,228.2523,0.0073,-0.001,0.0939,0.002
20.53,,,,151.5658,396.3599,164.3787,237.5534,0.007,-0.007,0.0939,0.002
20.57,,,,150.7589,397.93,163.7086,246.5019,0.0069,-0.002,0.0939,0.002
20.6,,,,149.9957,398.4533,163.0254,255.0095,0.0068,-0.002,0.0938,0.002
20.63,,,,149.2019,398.5842,162.3465,263.1205,0.007,-0.002,0.0941,0.002
20.67,,,,148.382,398.6278,161.6633,270.7465,0.0071,-0.003,0.0941,0.003
20.7,,,,147.5926,398.5405,160.98,277.8436,0.0069,-0.004,0.094,0.003
20.73,,,,146.7945,398.4969,160.2879,284.2794,0.0068,-0.004,0.094,0.003
20.77,,,,145.9658,398.4969,159.5914,290.01,0.0067,-0.005,0.094,0.003
20.8,,,,145.1764,398.4533,158.8906,295.1234,0.0069,-0.005,0.094,0.002
20.83,,,,144.3957,398.3661,158.2029,299.5315,0.007,-0.005,0.0942,0.003
20.87,,,,143.5845,398.3225,157.5064,303.587,0.007,-0.004,0.0939,0.002
20.9,,,,142.7689,398.4097,156.8143,307.2898,0.0072,-0.003,0.0942,0.002
20.93,,,,141.9664,398.5405,156.1046,310.7281,0.007,-0.003,0.0942,0.003
20.97,,,,141.164,398.6714,155.3905,313.946,0.0071,-0.002,0.0942,0.003
21,,,,140.3309,398.8458,154.6676,316.9876,0.007,-0.003,0.0944,0.004
21.03,,,,139.5066,399.1075,153.9579,319.8529,0.0071,-0.003,0.0943,0.004
21.07,,,,138.7129,399.3256,153.257,322.5419,0.007,-0.002,0.0942,0.005
21.1,,,,137.9147,399.5437,152.5517,325.0104,0.0071,-0.002,0.0942,0.006
21.13,,,,137.1341,399.6745,151.8243,327.4349,0.0073,-0.001,0.0945,0.006
21.17,,,,136.3534,399.7617,151.0926,329.683,0.0071,0,0.0943,0.007
21.2,,,,135.5422,399.849,150.3741,331.843,0.0071,0,0.0941,0.007
21.23,,,,134.7571,399.8926,149.6511,333.9148,0.0073,0,0.0941,0.006
21.27,,,,133.9415,399.9362,148.9282,335.8985,0.0067,0,0.094,0.006
21.3,,,,133.0824,400.1106,148.2009,337.7499,0.007,0,0.0941,0.005
21.33,,,,132.2668,400.2415,147.4735,339.5572,0.0057,-0.002,0.0939,0.004
21.37,,,,131.7609,399.849,146.733,341.3205,0.0075,0,0.0938,0.003
21.4,KCN,Both,,131.5123,398.5405,145.9792,343.0837,0.0069,0,0.0941,0.003
21.43,,,,131.3509,396.1418,145.2563,344.7147,0.007,0.001,0.0936,0.002
21.47,,,,131.2244,392.6091,144.5245,346.3016,0.0071,0.001,0.0938,0.001
21.5,,,,131.1023,387.9861,143.7883,347.8445,0.0072,0.002,0.094,0.001
21.53,,,,130.9846,382.4035,143.0346,349.2991,0.0073,0.003,0.0944,0.001
21.57,,,,130.8624,375.9487,142.2984,350.7097,0.0069,0.002,0.0942,0.001
21.6,,,,130.7534,368.6653,141.5622,352.0763,0.0067,0.001,0.0939,0.001
21.63,,,,130.6618,360.4223,140.8217,353.3987,0.007,0.001,0.0938,0
21.67,,,,130.5397,351.4379,140.0899,354.633,0.007,0.001,0.0937,0
21.7,,,,130.435,341.7557,139.3582,355.8232,0.007,0.001,0.0938,0
21.73,,,,130.3216,331.4193,138.6088,356.9252,0.0068,0,0.0939,-0.001
21.77,,,,130.1864,320.6904,137.8638,357.9831,0.0069,0,0.0938,-0.002
21.8,,,,130.0643,309.4381,137.1321,358.997,0.0068,-0.001,0.0937,-0.002
21.83,,,,129.9291,297.7497,136.3783,359.9668,0.0067,-0.001,0.0936,-0.003
21.87,,,,129.8113,285.7559,135.6201,360.8925,0.0069,-0.001,0.0937,-0.004
21.9,,,,129.698,273.5005,134.8707,361.7741,0.0071,-0.001,0.0938,-0.005
21.93,,,,129.6107,260.8526,134.1169,362.6557,0.007,-0.001,0.0936,-0.006
21.97,,,,129.5148,248.0302,133.372,363.4933,0.0072,0,0.0937,-0.006
22,,,,129.3883,235.1642,132.6226,364.2867,0.007,0,0.0938,-0.006
22.03,,,,129.2575,222.2546,131.86,365.0802,0.0072,0,0.0939,-0.007
22.07,,,,129.1441,209.3886,131.1062,365.8737,0.0072,0,0.0936,-0.007
22.1,,,,129.0394,196.6098,130.3568,366.579,0.007,0,0.0937,-0.008
22.13,,,,128.9304,184.0055,129.5942,367.3283,0.007,-0.001,0.0939,-0.008
22.17,,,,128.8082,171.5757,128.8404,368.0336,0.0071,0,0.0939,-0.007
22.2,,,,128.6948,159.4947,128.0822,368.6949,0.0074,0,0.0938,-0.008
22.23,,,,128.5727,147.7627,127.3284,369.312,0.0074,0.001,0.0937,-0.008
22.27,,,,128.4637,136.4668,126.5791,369.885,0.0073,0.002,0.0939,-0.007
22.3,,,,128.3328,125.6506,125.8076,370.5022,0.007,0.002,0.0937,-0.007
22.33,,,,128.2107,115.4887,125.0318,371.1193,0.0076,0.003,0.0939,-0.006
22.37,,,,128.1017,105.9809,124.2604,371.7805,0.0075,0.004,0.0934,-0.007
22.4,,,,127.9839,97.1274,123.5066,372.3536,0.0074,0.004,0.0932,-0.007
22.43,,,,127.8793,89.0152,122.7572,372.8385,0.0074,0.005,0.0934,-0.007
22.47,,,,127.7484,81.6882,122.0078,373.3234,0.0075,0.006,0.0937,-0.006
22.5,,,,127.6045,75.2334,121.2452,373.8083,0.0073,0.007,0.0935,-0.006
22.53,,,,127.5042,69.6944,120.487,374.2491,0.007,0.007,0.0934,-0.006
22.57,,,,127.3995,65.115,119.7333,374.6899,0.0072,0.007,0.0934,-0.006
22.6,,,,127.3036,61.6259,118.9662,375.0866,0.0071,0.007,0.0936,-0.006
22.63,,,,127.1858,59.3144,118.2036,375.4834,0.0069,0.006,0.0934,-0.006
22.67,,,,127.055,58.3113,117.5909,375.5715,0.0068,0.003,0.0934,-0.007
22.7,,,,126.9459,57.9624,117.1016,375.2189,0.0069,0.003,0.0937,-0.007
22.73,,,,126.8238,57.8752,116.6476,374.2932,0.0069,0.003,0.0936,-0.006
22.77,,,,126.7061,57.8752,116.22,372.8385,0.007,0.002,0.0938,-0.006
22.8,,,,126.5796,57.9188,115.8144,370.8108,0.007,0.002,0.0939,-0.006
22.83,,,,126.4531,57.9624,115.4177,368.21,0.0071,0.002,0.094,-0.005
22.87,,,,126.331,58.0496,115.021,365.1243,0.0071,0.003,0.0939,-0.003
22.9,,,,126.2176,58.1369,114.6463,361.5096,0.007,0.002,0.0938,-0.002
22.93,,,,126.0911,58.2241,114.2892,357.4101,0.0071,0.002,0.0936,-0.002
22.97,,,,125.9864,58.2677,113.9366,352.7816,0.0071,0.001,0.0939,-0.001
23,,,,125.9079,58.2241,113.606,347.6241,0.0067,0.001,0.0939,-0.001
23.03,,,,125.812,58.1369,113.3018,341.9817,0.0071,0,0.0939,0
23.07,,,,125.7204,57.9624,113.0021,335.8985,0.0069,-0.001,0.0936,0
23.1,,,,125.5939,57.8752,112.6891,329.3745,0.0068,-0.001,0.0938,0.001
23.13,,,,125.4413,57.8752,112.3849,322.4978,0.0067,-0.003,0.094,0.001
23.17,,,,125.3192,57.9188,112.1337,315.1803,0.0067,-0.004,0.0939,0.001
23.2,,,,125.245,57.9188,111.8736,307.5102,0.0067,-0.005,0.0938,0.002
23.23,,,,125.1578,57.8316,111.6223,299.5315,0.0068,-0.006,0.0937,0.002
23.27,,,,125.0226,57.7443,111.3755,291.2883,0.0067,-0.007,0.0934,0.001
23.3,,,,124.883,57.7007,111.1462,282.7366,0.0072,-0.006,0.0936,0.001
23.33,,,,124.7827,57.6135,110.9302,273.9644,0.0073,-0.006,0.0937,0.001
23.37,,,,124.678,57.5263,110.679,265.06,0.0072,-0.005,0.0937,0.001
23.4,,,,124.5559,57.4826,110.4498,256.0234,0.0069,-0.005,0.0936,0.001
23.43,,,,124.4382,57.3954,110.2382,246.8986,0.0069,-0.006,0.0937,0.001
23.47,,,,124.3466,57.2646,110.0222,237.7297,0.0068,-0.007,0.0937,0.001
23.5,,,,124.2288,57.1774,109.8062,228.6049,0.0068,-0.007,0.0935,0.001
23.53,,,,124.1154,57.0465,109.6166,219.4801,0.0068,-0.007,0.0936,0.002
23.57,,,,124.0326,56.9157,109.4227,210.4435,0.0067,-0.007,0.0935,0.001
23.6,,,,123.9235,56.7412,109.2287,201.495,0.0067,-0.007,0.0938,0.002
23.63,,,,123.797,56.6104,109.0392,192.7669,0.0066,-0.007,0.0936,0.002
23.67,,,,123.6313,56.6104,108.8452,184.3033,0.0069,-0.007,0.0936,0.002
23.7,,,,123.5092,56.6104,108.6513,176.1483,0.0067,-0.006,0.0933,0.001
23.73,,,,123.4002,56.6104,108.4529,168.39,0.0068,-0.005,0.0935,0
23.77,,,,123.3042,56.5668,108.2677,160.9403,0.0068,-0.005,0.0935,-0.001
23.8,,,,123.2039,56.5232,108.0958,153.9314,0.0068,-0.004,0.0938,0
23.83,,,,123.0861,56.5232,107.9239,147.3633,0.0069,-0.003,0.0936,-0.001
23.87,,,,123.0164,56.4359,107.752,141.3242,0.0068,-0.003,0.0935,-0.002
23.9,,,,122.9335,56.2615,107.5801,135.8581,0.0069,-0.003,0.0936,-0.002
23.93,,,,122.7983,56.1306,107.417,131.0533,0.007,-0.002,0.0935,-0.003
23.97,,,,122.6674,56.0434,107.2362,126.9538,0.007,-0.002,0.0936,-0.004
24,,,,122.5628,55.9562,107.0643,123.295,0.0068,-0.002,0.0938,-0.004
24.03,,,,122.445,55.8689,106.9145,119.8567,0.0069,-0.002,0.0939,-0.003
24.07,,,,122.3316,55.8253,106.7469,116.6828,0.007,-0.002,0.0937,-0.004
24.1,,,,122.2182,55.7817,106.5838,113.6853,0.0068,-0.002,0.0941,-0.003
24.13,,,,122.0961,55.7817,106.4252,110.82,0.007,-0.001,0.0942,-0.001
24.17,,,,122.0132,55.7381,106.2665,108.1752,0.0062,-0.002,0.0937,-0.001
24.2,,,,121.9217,55.6945,106.1078,105.7066,0.0072,-0.001,0.0939,0
24.23,,,,121.8126,55.6945,105.9359,103.4144,0.0073,0,0.0938,0
24.27,,,,121.6731,55.7381,105.7728,101.2985,0.0072,0.001,0.0937,0
24.3,,,,121.5597,55.7817,105.6141,99.3589,0.0086,0.004,0.0946,0.002
24.33,,,,121.4768,55.6945,105.4554,97.5957,0.0065,0.003,0.0935,0.002
24.37,,,,121.3634,55.6073,105.3055,95.8765,0.0064,0.003,0.0937,0.002
24.4,,,,121.2587,55.4764,105.1468,94.3337,0.0054,0,0.093,0.001
24.43,,,,121.1541,55.3456,104.9925,92.879,0.0076,0.001,0.0937,0.001
24.47,,,,121.0407,55.302,104.8426,91.6007,0.0073,0.002,0.0937,0.002
24.5,,,,120.9316,55.302,104.6884,90.3664,0.0073,0.002,0.0936,0.002
24.53,,,,120.8139,55.2147,104.5429,89.1762,0.0073,0.002,0.0935,0.002
24.57,,,,120.6918,55.1275,104.3974,88.0742,0.0073,0.003,0.0936,0.002
24.6,,,,120.574,55.0839,104.2343,87.0603,0.0073,0.003,0.0936,0.001
24.63,,,,120.4824,55.0403,104.0844,86.0905,0.0071,0.004,0.0935,0.001
24.67,,,,120.3516,55.0403,103.9434,85.1207,0.007,0.005,0.0936,0.001
24.7,,,,120.2425,55.0403,103.7935,84.2832,0.007,0.005,0.0937,0.001
24.73,,,,120.1466,54.9967,103.6524,83.4897,0.0069,0.005,0.0935,0
24.77,,,,120.0332,54.9967,103.507,82.7403,0.0069,0.005,0.0937,0.001
24.8,,,,119.9242,54.9531,103.3747,81.991,0.007,0.005,0.094,0.001
24.83,,,,119.8195,54.9094,103.2469,81.2857,0.0071,0.005,0.0938,0.001
24.87,,,,119.7235,54.8658,103.1058,80.5363,0.0069,0.004,0.0936,0.001
24.9,,,,119.6014,54.7786,102.9648,79.8751,0.0071,0.004,0.0934,0
24.93,,,,119.5011,54.6914,102.8369,79.1698,0.0072,0.004,0.0938,0
24.97,,,,119.4095,54.5605,102.6871,78.5526,0.0072,0.004,0.0938,0.001
25,,,,119.3441,54.4733,102.5416,77.9355,0.0071,0.004,0.0936,0
25.03,,,,119.2394,54.4297,102.405,77.3624,0.0071,0.004,0.0937,0
25.07,,,,119.1086,54.3861,102.2727,76.8335,0.007,0.003,0.0935,-0.001
25.1,,,,118.9952,54.3861,102.1316,76.3486,0.0074,0.004,0.0935,-0.002
25.13,,,,118.8905,54.3425,101.9818,75.8637,0.0073,0.004,0.0937,-0.002
25.17,,,,118.7902,54.2989,101.8495,75.3788,0.0069,0.003,0.0935,-0.002
25.2,,,,118.6681,54.2116,101.7305,74.8939,0.0065,0.002,0.0935,-0.003
25.23,,,,118.5721,54.0372,101.5939,74.409,0.0069,0.001,0.0939,-0.003
25.27,,,,118.4762,53.9063,101.4616,73.9241,0.0082,0.003,0.0938,-0.003
25.3,,,,118.3672,53.8191,101.3426,73.4392,0.0071,0.003,0.0935,-0.003
25.33,,,,118.2494,53.7755,101.2148,72.9984,0.0057,0,0.0935,-0.003
25.37,,,,118.136,53.7319,101.0781,72.5135,0.0074,0.001,0.094,-0.003
25.4,,,,118.0444,53.6447,100.9459,72.0727,0.0073,0.001,0.0937,-0.002
25.43,,,,117.9572,53.5574,100.818,71.5878,0.0068,0,0.0935,-0.002
25.47,,,,117.8525,53.5138,100.6814,71.147,0.0072,0,0.0932,-0.002
25.5,,,,117.7609,53.383,100.5315,70.7503,0.0076,0,0.0933,-0.002
25.53,,,,117.6563,53.2085,100.3949,70.3535,0.0066,-0.001,0.0932,-0.003
25.57,,,,117.5559,53.0341,100.2714,70.0009,0.0079,0.001,0.0937,-0.002
25.6,,,,117.4687,52.9032,100.1436,69.6482,0.0064,0,0.0932,-0.003
25.63,,,,117.3422,52.816,100.0202,69.2956,0.007,0.003,0.0934,-0.001
25.67,,,,117.2419,52.6852,99.9055,68.9429,0.0076,0.003,0.0936,-0.002
25.7,,,,117.1591,52.5107,99.7821,68.5903,0.0074,0.002,0.0938,-0.001
25.73,,,,117.0369,52.3799,99.6543,68.2376,0.0073,-0.001,0.0937,-0.002
25.77,,,,116.893,52.2926,99.522,67.9291,0.0072,0,0.0936,-0.002
25.8,,,,116.8189,52.2054,99.3854,67.6646,0.0071,0.001,0.0935,-0.002
25.83,,,,116.7665,51.9873,99.2531,67.4001,0.0074,0.002,0.0934,-0.002
25.87,,,,116.6488,51.8565,99.1385,67.0915,0.0073,0.002,0.0934,-0.003
25.9,,,,116.5092,51.7693,99.0151,66.827,0.0071,0.003,0.0934,-0.003
25.93,,,,116.3958,51.7693,98.8917,66.5626,0.0073,0.003,0.0935,-0.003
25.97,,,,116.313,51.682,98.7771,66.2981,0.0075,0.004,0.0938,-0.003
26,,,,116.2126,51.682,98.6581,66.0336,0.0071,0.004,0.0937,-0.002
26.03,,,,116.0905,51.682,98.5302,65.8132,0.0067,0.003,0.0935,-0.002
26.07,,,,115.9859,51.682,98.3892,65.5928,0.0069,0.002,0.0935,-0.003
26.1,,,,115.9204,51.6384,98.2569,65.4164,0.007,0.001,0.0934,-0.003
26.13,,,,115.8594,51.5076,98.1335,65.2401,0.0071,0.001,0.0935,-0.002
26.17,,,,115.746,51.4204,98.0233,65.0197,0.0074,0.001,0.0933,-0.002
26.2,,,,115.6282,51.3331,97.9087,64.7552,0.008,0.003,0.0937,-0.002
26.23,,,,115.541,51.2895,97.7985,64.4907,0.0078,0.004,0.0937,-0.002
26.27,,,,115.4276,51.2459,97.653,64.2703,0.0061,0.002,0.093,-0.002
26.3,,,,115.3273,51.1587,97.5208,64.094,0.0069,0.001,0.0935,-0.002
26.33,,,,115.2139,51.0715,97.4106,63.9177,0.0074,0.002,0.0939,-0.001
26.37,,,,115.0918,50.9842,97.2959,63.6973,0.0074,0.002,0.0938,0
26.4,,,,115.0002,50.9406,97.1725,63.521,0.0072,0.002,0.0936,0
26.43,,,,114.913,50.8534,97.0535,63.3446,0.0069,0.002,0.0937,0
26.47,,,,114.8301,50.7662,96.9433,63.1683,0.007,0.002,0.0938,0
26.5,,,,114.7211,50.7225,96.8375,62.9479,0.0071,0.001,0.0939,0.001
26.53,,,,114.612,50.6789,96.7053,62.7716,0.007,0,0.0937,0.001
26.57,,,,114.5292,50.6353,96.5686,62.5953,0.0071,-0.001,0.0937,0.002
26.6,,,,114.4463,50.5045,96.4452,62.463,0.0071,0.001,0.0938,0.003
26.63,,,,114.3503,50.4173,96.3218,62.2867,0.0069,0.001,0.0933,0.002
26.67,,,,114.2675,50.33,96.2071,62.1104,0.0073,-0.002,0.0938,0.003
26.7,,,,114.1672,50.2428,96.0925,61.934,0.0077,0,0.0939,0.004
26.73,,,,114.0669,50.1556,95.9823,61.7577,0.0073,0,0.0937,0.005
26.77,,,,113.9709,50.0247,95.8765,61.5373,0.0073,0,0.0934,0.004
26.8,,,,113.875,49.9375,95.7707,61.3169,0.0071,-0.001,0.0936,0.003
26.83,,,,113.7616,49.8067,95.6473,61.1847,0.007,0,0.0937,0.003
26.87,,,,113.6482,49.7631,95.5151,61.0524,0.0076,0,0.0938,0.003
26.9,,,,113.5566,49.6758,95.396,60.9202,0.0074,0.001,0.0937,0.003
26.93,,,,113.4519,49.5886,95.2858,60.7879,0.007,-0.001,0.0935,0.002
26.97,,,,113.3472,49.545,95.1668,60.6557,0.0074,-0.001,0.0938,0.002
27,,,,113.2556,49.4578,95.0522,60.4794,0.007,0,0.0936,0.002
27.03,,,,113.1684,49.3705,94.9376,60.3471,0.0067,-0.001,0.0939,0.003
27.07,,,,113.0463,49.3269,94.8142,60.1708,0.0096,0.004,0.0947,0.005
27.1,,,,112.9416,49.4141,94.704,60.0385,0.0046,-0.001,0.0929,0.004
27.13,,,,112.8544,49.4141,94.5982,59.9063,0.0069,-0.002,0.0936,0.003
27.17,,,,112.7628,49.2833,94.488,59.73,0.0075,0,0.094,0.004
27.2,,,,112.6581,49.2397,94.3734,59.5977,0.0092,0.003,0.0944,0.005
27.23,,,,112.5709,49.1961,94.2588,59.4655,0.0051,-0.001,0.093,0.003
27.27,,,,112.4968,49.1961,94.1485,59.2892,0.0086,0.002,0.0937,0.003
27.3,,,,112.4052,49.1088,94.0383,59.1128,0.0088,0.006,0.0941,0.004
27.33,,,,112.3049,49.0652,93.937,58.8924,0.0051,0.002,0.0923,0.001
27.37,,,,112.2351,49.0216,93.8223,58.672,0.0078,0.002,0.0935,0.001
