"Time [min]","Event Name","Chamber","Event Text","O2 Concentration  (A) [nmol/ml]","O2 Slope uncorr.  (A) [pmol/(s*ml)]","O2 Concentration  (B) [nmol/ml]","O2 Slope uncorr.  (B) [pmol/(s*ml)]","Amp - Raw  (A) [V]","Amp - slope  (A) [pmol/(s*ml)]","Amp - Raw  (B) [V]","Amp - slope  (B) [pmol/(s*ml)]"
12.00,"LOff, 3xTg, ctrl","Both, Left, Right","Light off, , ",177.8439,-12.7773,177.7929,-13.3495,0.2775,-0.0040,0.3229,-0.0090
12.03,"","","",177.8831,-12.6035,177.8147,-13.3495,0.2773,-0.0040,0.3228,-0.0090
12.07,"","","",177.9091,-12.5166,177.8366,-13.3495,0.2772,-0.0040,0.3231,-0.0080
12.10,"","","",177.9439,-12.5166,177.8804,-13.3932,0.2774,-0.0030,0.3232,-0.0080
12.13,"","","",177.9482,-12.5166,177.9067,-13.4370,0.2774,-0.0030,0.3232,-0.0070
12.17,"","","",177.9309,-12.3427,177.9329,-13.5245,0.2775,-0.0020,0.3231,-0.0060
12.20,"","","",177.9569,-12.2123,177.9636,-13.5245,0.2776,-0.0010,0.3233,-0.0050
12.23,"","","",177.9656,-11.9950,177.9679,-13.5245,0.2774,-0.0020,0.3232,-0.0040
12.27,"","","",177.9526,-11.6908,177.9854,-13.4808,0.2774,-0.0010,0.3232,-0.0040
12.30,"","","",177.9917,-11.4301,178.0117,-13.3932,0.2772,-0.0010,0.3230,-0.0040
12.33,"","","",178.0482,-11.2128,178.0336,-13.3495,0.2778,0.0010,0.3236,-0.0030
12.37,"","","",178.0569,-11.0824,178.0555,-13.3057,0.2771,0.0000,0.3228,-0.0040
12.40,"","","",178.0526,-10.9955,178.0817,-13.2181,0.2771,-0.0010,0.3230,-0.0050
12.43,"","","",178.0960,-10.9520,178.1080,-13.1744,0.2774,-0.0010,0.3231,-0.0060
12.47,"","","",178.1221,-10.8651,178.1299,-13.0868,0.2774,-0.0020,0.3234,-0.0050
12.50,"","","",178.1438,-10.8651,178.1430,-12.9555,0.2774,-0.0010,0.3230,-0.0050
12.53,"","","",178.1742,-10.8216,178.1561,-12.7805,0.2771,-0.0010,0.3227,-0.0060
12.57,"","","",178.1786,-10.8216,178.1780,-12.6054,0.2770,-0.0020,0.3228,-0.0060
12.60,"","","",178.2134,-10.8651,178.1912,-12.4303,0.2770,-0.0040,0.3229,-0.0070
12.63,"","","",178.2481,-10.8216,178.2043,-12.2990,0.2771,-0.0040,0.3229,-0.0070
12.67,"","","",178.2438,-10.6912,178.2481,-12.2115,0.2770,-0.0050,0.3231,-0.0070
12.70,"","","",178.2699,-10.6043,178.2743,-12.1239,0.2769,-0.0060,0.3229,-0.0070
12.73,"","","",178.2916,-10.5174,178.2962,-11.9926,0.2768,-0.0070,0.3231,-0.0060
12.77,"","","",178.3003,-10.4305,178.3006,-11.8613,0.2770,-0.0060,0.3229,-0.0060
12.80,"","","",178.3220,-10.3436,178.3137,-11.6862,0.2772,-0.0060,0.3232,-0.0050
12.83,"","","",178.3785,-10.2566,178.3225,-11.4674,0.2771,-0.0060,0.3229,-0.0050
12.87,"","","",178.3872,-10.2132,178.3356,-11.3361,0.2772,-0.0060,0.3230,-0.0050
12.90,"","","",178.4046,-10.2132,178.3662,-11.1610,0.2773,-0.0050,0.3229,-0.0050
12.93,"","","",178.4220,-10.2566,178.4056,-11.0735,0.2772,-0.0050,0.3229,-0.0040
12.97,"","","",178.4654,-10.3870,178.4363,-10.9859,0.2771,-0.0050,0.3228,-0.0040
13.00,"","","",178.5045,-10.5609,178.4406,-10.8984,0.2771,-0.0050,0.3229,-0.0040
13.03,"","","",178.4785,-10.6043,178.4450,-10.7671,0.2769,-0.0050,0.3228,-0.0030
13.07,"","","",178.4611,-10.4739,178.4669,-10.6796,0.2771,-0.0050,0.3226,-0.0040
13.10,"","","",178.4698,-10.3001,178.4800,-10.5483,0.2771,-0.0050,0.3227,-0.0040
13.13,"","","",178.4785,-10.1697,178.4975,-10.4607,0.2770,-0.0050,0.3228,-0.0040
13.17,"","","",178.5045,-10.0393,178.5194,-10.3732,0.2769,-0.0050,0.3226,-0.0050
13.20,"","","",178.5393,-9.9959,178.5194,-10.1981,0.2767,-0.0060,0.3225,-0.0050
13.23,"","","",178.4915,-9.8220,178.5282,-10.1106,0.2768,-0.0070,0.3225,-0.0060
13.27,"","","",178.5002,-9.6482,178.5413,-9.9793,0.2767,-0.0080,0.3226,-0.0060
13.30,"","","",178.5567,-9.4743,178.5413,-9.8042,0.2767,-0.0080,0.3227,-0.0070
13.33,"","","",178.5741,-9.3874,178.5501,-9.5853,0.2769,-0.0080,0.3230,-0.0070
13.37,"","","",178.5784,-9.3005,178.5588,-9.3665,0.2769,-0.0080,0.3229,-0.0070
13.40,"","","",178.5741,-9.1701,178.5676,-9.1477,0.2767,-0.0090,0.3226,-0.0080
13.43,"","","",178.6132,-9.1267,178.5719,-8.9726,0.2768,-0.0090,0.3225,-0.0080
13.47,"","","",178.6132,-9.0397,178.5982,-8.7975,0.2766,-0.0090,0.3227,-0.0080
13.50,"","","",178.6393,-8.9094,178.6113,-8.6224,0.2769,-0.0090,0.3228,-0.0070
13.53,"","","",178.6914,-8.8224,178.6376,-8.4911,0.2771,-0.0070,0.3226,-0.0070
13.57,"","","",178.7088,-8.7355,178.6551,-8.3598,0.2771,-0.0070,0.3228,-0.0070
13.60,"","","",178.7001,-8.5617,178.6770,-8.2285,0.2772,-0.0060,0.3230,-0.0060
13.63,"","","",178.6827,-8.3444,178.6945,-8.0972,0.2772,-0.0050,0.3230,-0.0050
13.67,"","","",178.6827,-8.1705,178.6945,-7.9659,0.2771,-0.0040,0.3227,-0.0040
13.70,"","","",178.7001,-7.9532,178.7208,-7.8784,0.2771,-0.0030,0.3225,-0.0050
13.73,"","","",178.6784,-7.6925,178.7470,-7.7908,0.2774,-0.0020,0.3226,-0.0050
13.77,"","","",178.6523,-7.3448,178.7689,-7.7471,0.2778,0.0000,0.3227,-0.0050
13.80,"","","",178.6697,-7.0840,178.7558,-7.6595,0.2778,0.0020,0.3229,-0.0030
13.83,"","","",178.6958,-6.8233,178.7470,-7.5282,0.2779,0.0040,0.3226,-0.0030
13.87,"","","",178.7218,-6.6060,178.7733,-7.3969,0.2778,0.0050,0.3226,-0.0040
13.90,"","","",178.7262,-6.3887,178.7820,-7.3094,0.2777,0.0060,0.3223,-0.0050
13.93,"","","",178.7349,-6.1714,178.7777,-7.1343,0.2773,0.0070,0.3221,-0.0060
13.97,"","","",178.7436,-6.0410,178.7908,-6.9592,0.2773,0.0070,0.3224,-0.0060
14.00,"","","",178.7610,-5.8237,178.8127,-6.8717,0.2774,0.0070,0.3225,-0.0060
14.03,"","","",178.7914,-5.6933,178.8346,-6.8279,0.2774,0.0070,0.3225,-0.0060
14.07,"","","",178.7653,-5.5195,178.8608,-6.7841,0.2775,0.0070,0.3224,-0.0060
14.10,"","","",178.7566,-5.3022,178.8608,-6.7404,0.2777,0.0080,0.3223,-0.0060
14.13,"","","",178.7783,-5.0849,178.8564,-6.6091,0.2779,0.0090,0.3226,-0.0050
14.17,"","","",178.7914,-4.9979,178.8696,-6.5215,0.2777,0.0100,0.3224,-0.0050
14.20,"","","",178.7827,-4.8676,178.8739,-6.3902,0.2776,0.0110,0.3225,-0.0050
14.23,"","","",178.7610,-4.6937,178.8783,-6.2589,0.2778,0.0120,0.3228,-0.0040
14.27,"","","",178.7914,-4.5633,178.8739,-6.1714,0.2774,0.0120,0.3226,-0.0040
14.30,"","","",178.7957,-4.4764,178.8783,-6.1276,0.2774,0.0130,0.3228,-0.0030
14.33,"","","",178.8044,-4.4764,178.8871,-6.0401,0.2775,0.0130,0.3226,-0.0030
14.37,"","","",178.8261,-4.4330,178.9002,-5.9088,0.2775,0.0130,0.3222,-0.0030
14.40,"","","",178.8305,-4.3026,178.9221,-5.8650,0.2772,0.0120,0.3222,-0.0040
14.43,"","","",178.8435,-4.2157,178.9396,-5.8212,0.2771,0.0120,0.3225,-0.0040
14.47,"","","",178.8348,-4.0853,178.9396,-5.7775,0.2774,0.0110,0.3226,-0.0040
14.50,"","","",178.8609,-3.9983,178.9396,-5.7337,0.2775,0.0110,0.3222,-0.0040
14.53,"","","",178.8653,-3.9549,178.9440,-5.6462,0.2773,0.0100,0.3221,-0.0050
14.57,"","","",178.8653,-3.8245,178.9440,-5.5149,0.2772,0.0090,0.3223,-0.0060
14.60,"","","",178.8783,-3.6941,178.9308,-5.3836,0.2775,0.0080,0.3226,-0.0060
14.63,"","","",178.8740,-3.6072,178.9484,-5.2522,0.2773,0.0070,0.3225,-0.0060
14.67,"","","",178.9087,-3.5637,178.9527,-5.0772,0.2775,0.0060,0.3225,-0.0050
14.70,"","","",178.9261,-3.5637,178.9702,-4.9459,0.2776,0.0060,0.3227,-0.0040
14.73,"","","",178.9087,-3.4768,178.9921,-4.8146,0.2774,0.0040,0.3226,-0.0040
14.77,"","","",178.9174,-3.4768,179.0009,-4.6395,0.2775,0.0030,0.3224,-0.0040
14.80,"","","",178.9261,-3.4334,178.9965,-4.5082,0.2775,0.0020,0.3224,-0.0040
14.83,"","","",178.9044,-3.3899,178.9921,-4.3331,0.2775,0.0010,0.3226,-0.0040
14.87,"","","",178.9174,-3.4334,179.0009,-4.2018,0.2774,0.0000,0.3224,-0.0040
14.90,"","","",178.9261,-3.5203,179.0140,-4.1143,0.2773,-0.0010,0.3227,-0.0030
14.93,"","","",178.9044,-3.5203,179.0184,-3.9830,0.2774,-0.0010,0.3228,-0.0010
14.97,"","","",178.9000,-3.4768,179.0228,-3.8954,0.2774,-0.0020,0.3226,0.0000
15.00,"","","",178.8696,-3.3464,179.0359,-3.8079,0.2770,-0.0040,0.3225,0.0000
15.03,"","","",178.8740,-3.2161,179.0446,-3.7641,0.2773,-0.0050,0.3225,0.0000
15.07,"","","",178.8609,-3.0422,179.0534,-3.7641,0.2779,-0.0040,0.3227,0.0010
15.10,"","","",178.8479,-2.7380,179.0622,-3.7641,0.2772,-0.0040,0.3223,0.0010
15.13,"","","",178.8826,-2.5207,179.0665,-3.7203,0.2774,-0.0030,0.3226,0.0020
15.17,"","","",178.9261,-2.4338,179.0797,-3.6766,0.2773,-0.0030,0.3224,0.0020
15.20,"","","",178.9522,-2.4338,179.0840,-3.6328,0.2772,-0.0030,0.3224,0.0020
15.23,"","","",178.9652,-2.3903,179.0753,-3.5890,0.2770,-0.0030,0.3226,0.0020
15.27,"","","",178.9652,-2.3903,179.0578,-3.4577,0.2771,-0.0040,0.3227,0.0010
15.30,"","","",178.9218,-2.3034,179.0403,-3.2827,0.2772,-0.0040,0.3228,0.0020
15.33,"","","",178.9087,-2.1730,179.0271,-3.1076,0.2774,-0.0040,0.3226,0.0020
15.37,"","","",178.9131,-2.1296,179.0271,-2.9763,0.2772,-0.0050,0.3224,0.0020
15.40,"","","",178.9391,-2.0426,179.0490,-2.8887,0.2774,-0.0050,0.3224,0.0010
15.43,"","","",178.9391,-1.9557,179.0534,-2.8012,0.2773,-0.0040,0.3223,0.0000
15.47,"","","",178.9478,-1.9123,179.0665,-2.7574,0.2775,-0.0030,0.3224,0.0000
15.50,"","","",178.9565,-1.8688,179.0753,-2.6699,0.2777,-0.0020,0.3227,0.0000
15.53,"","","",178.9435,-1.7819,179.0665,-2.5824,0.2776,-0.0010,0.3228,0.0010
15.57,"","","",178.9565,-1.6515,179.0359,-2.4510,0.2777,0.0000,0.3225,0.0010
15.60,"","","",178.9609,-1.5646,179.0228,-2.2322,0.2778,0.0010,0.3222,0.0010
15.63,"","","",178.9348,-1.4342,179.0534,-2.0571,0.2778,0.0020,0.3224,0.0010
15.67,"","","",178.8957,-1.2169,179.0797,-1.9696,0.2778,0.0030,0.3224,0.0010
15.70,"","","",178.9131,-1.0865,179.1191,-1.9696,0.2780,0.0040,0.3225,0.0010
15.73,"","","",178.9565,-1.0430,179.1409,-1.9696,0.2780,0.0050,0.3228,0.0010
15.77,"","","",178.9522,-0.9996,179.1322,-2.0134,0.2781,0.0050,0.3227,0.0010
15.80,"","","",178.9565,-0.9127,179.1059,-2.0134,0.2782,0.0060,0.3226,0.0020
15.83,"","","",178.9739,-0.9127,179.0972,-1.9258,0.2779,0.0070,0.3226,0.0010
15.87,"","","",178.9435,-0.8692,179.0884,-1.8383,0.2777,0.0070,0.3226,0.0000
15.90,"","","",178.9391,-0.7823,179.0972,-1.7507,0.2777,0.0070,0.3227,0.0000
15.93,"","","",178.9261,-0.7388,179.1059,-1.6632,0.2777,0.0070,0.3227,0.0010
15.97,"","","",178.9478,-0.6519,179.1059,-1.5757,0.2778,0.0070,0.3229,0.0010
16.00,"","","",178.9609,-0.6954,179.1103,-1.4881,0.2776,0.0070,0.3229,0.0020
16.03,"","","",178.9478,-0.7388,179.1234,-1.4444,0.2778,0.0080,0.3229,0.0030
16.07,"","","",178.9087,-0.6519,179.1278,-1.4444,0.2778,0.0080,0.3230,0.0030
16.10,"","","",178.8783,-0.5650,179.1278,-1.4444,0.2779,0.0090,0.3229,0.0040
16.13,"","","",178.9348,-0.5650,179.1191,-1.4006,0.2779,0.0090,0.3229,0.0040
16.17,"","","",178.9304,-0.5650,179.1191,-1.3131,0.2777,0.0090,0.3226,0.0040
16.20,"","","",178.9087,-0.4781,179.1278,-1.2693,0.2778,0.0090,0.3225,0.0030
16.23,"","","",178.9304,-0.4781,179.1278,-1.2693,0.2777,0.0090,0.3222,0.0030
16.27,"","","",178.9348,-0.4781,179.1234,-1.2255,0.2778,0.0090,0.3226,0.0030
16.30,"","","",178.9348,-0.4346,179.1453,-1.2255,0.2782,0.0100,0.3227,0.0030
16.33,"","","",178.8826,-0.2173,179.1584,-1.2693,0.2780,0.0090,0.3225,0.0030
16.37,"","","",178.9304,-0.1304,179.1453,-1.2693,0.2780,0.0090,0.3225,0.0020
16.40,"","","",178.9696,-0.0869,179.1191,-1.2693,0.2779,0.0100,0.3226,0.0030
16.43,"","","",178.9739,0.0000,179.1234,-1.2693,0.2782,0.0100,0.3226,0.0020
16.47,"","","",178.9739,0.0435,179.1409,-1.3131,0.2782,0.0100,0.3223,0.0020
16.50,"","","",178.9609,0.0435,179.1497,-1.3568,0.2782,0.0110,0.3224,0.0010
16.53,"","","",178.9696,-0.0435,179.1672,-1.4881,0.2781,0.0100,0.3225,0.0000
16.57,"","","",178.9739,-0.1738,179.1628,-1.5319,0.2782,0.0100,0.3227,0.0000
16.60,"","","",178.9391,-0.2173,179.1278,-1.4881,0.2782,0.0090,0.3228,0.0010
16.63,"","","",178.9348,-0.1738,179.1147,-1.4006,0.2781,0.0080,0.3224,0.0010
16.67,"","","",178.9304,-0.0869,179.1366,-1.3131,0.2782,0.0080,0.3226,0.0010
16.70,"","","",178.9304,0.0000,179.1497,-1.2255,0.2785,0.0080,0.3225,0.0000
16.73,"","","",178.9565,-0.0435,179.1453,-1.1818,0.2784,0.0080,0.3225,0.0000
16.77,"","","",178.9696,-0.0869,179.1322,-1.0942,0.2783,0.0080,0.3225,-0.0010
16.80,"","","",178.9565,-0.1304,179.1322,-1.0067,0.2784,0.0080,0.3227,-0.0010
16.83,"","","",178.9435,-0.1738,179.1278,-0.9629,0.2784,0.0080,0.3227,-0.0010
16.87,"","","",178.9174,-0.1304,179.1322,-0.8754,0.2785,0.0080,0.3228,0.0000
16.90,"","","",178.9218,-0.1304,179.1409,-0.7878,0.2783,0.0080,0.3229,0.0000
16.93,"","","",178.9000,-0.0869,179.1366,-0.6128,0.2783,0.0080,0.3228,0.0000
16.97,"","","",178.8696,0.0435,179.1234,-0.4815,0.2784,0.0080,0.3229,0.0000
17.00,"","","",178.8522,0.3042,179.1234,-0.3501,0.2784,0.0080,0.3229,0.0000
17.03,"","","",178.8653,0.4781,179.1322,-0.3501,0.2786,0.0090,0.3228,0.0000
17.07,"","","",178.8913,0.4781,179.1453,-0.3939,0.2787,0.0100,0.3229,0.0010
17.10,"","","",178.8957,0.5215,179.1584,-0.4815,0.2782,0.0100,0.3228,0.0010
17.13,"","","",178.9000,0.5215,179.1803,-0.5252,0.2785,0.0110,0.3228,0.0010
17.17,"","","",178.9000,0.5215,179.1716,-0.5252,0.2786,0.0120,0.3228,0.0010
17.20,"","","",178.8826,0.5650,179.1453,-0.4377,0.2783,0.0110,0.3228,0.0010
17.23,"","","",178.8566,0.6519,179.1322,-0.3939,0.2783,0.0110,0.3228,0.0010
17.27,"","","",178.8566,0.7823,179.1103,-0.2626,0.2785,0.0110,0.3228,0.0010
17.30,"","","",178.8870,0.8257,179.1191,-0.1751,0.2787,0.0110,0.3230,0.0020
17.33,"","","",178.9131,0.7388,179.1322,-0.1313,0.2784,0.0100,0.3230,0.0030
17.37,"","","",178.8826,0.7823,179.1278,-0.0875,0.2784,0.0100,0.3229,0.0040
17.40,"","","",178.8348,0.9561,179.1278,-0.0438,0.2782,0.0090,0.3230,0.0050
17.43,"","","",178.8653,1.0865,179.1234,0.0000,0.2779,0.0080,0.3229,0.0060
17.47,"","","",178.8913,1.1300,179.1103,0.0438,0.2782,0.0070,0.3230,0.0070
17.50,"","","",178.8609,1.1734,179.0884,0.1751,0.2782,0.0060,0.3227,0.0070
17.53,"","","",178.8305,1.3473,179.0797,0.3064,0.2781,0.0040,0.3230,0.0070
17.57,"","","",178.8392,1.4342,179.0972,0.3939,0.2781,0.0030,0.3233,0.0070
17.60,"","","",178.8957,1.4342,179.1015,0.4377,0.2780,0.0020,0.3232,0.0080
17.63,"","","",178.9044,1.3907,179.0972,0.4815,0.2780,0.0010,0.3232,0.0080
17.67,"","","",178.8957,1.4342,179.1059,0.4815,0.2759,-0.0040,0.3233,0.0090
17.70,"","","",178.8261,1.5646,179.1059,0.5252,0.2800,-0.0010,0.3233,0.0090
17.73,"","","",179.1695,0.9561,179.0840,0.6128,0.2784,-0.0020,0.3230,0.0090
17.77,"","","",179.3868,-0.0435,179.0665,0.7441,0.2783,-0.0020,0.3232,0.0090
17.80,"","","",179.4650,-1.1300,179.0665,0.8316,0.2783,-0.0020,0.3231,0.0090
17.83,"","","",179.4998,-2.2165,179.0534,0.9191,0.2783,-0.0020,0.3231,0.0080
17.87,"Pyr","Both","",179.5302,-3.3464,179.0228,1.0067,0.2783,-0.0020,0.3229,0.0080
17.90,"","","",179.4998,-4.3460,179.1059,0.9629,0.2783,-0.0030,0.3233,0.0080
17.93,"","","",179.4520,-5.1718,179.1847,0.7878,0.2784,-0.0030,0.3236,0.0090
17.97,"","","",179.4824,-5.9541,179.2722,0.5252,0.2787,-0.0020,0.3232,0.0090
18.00,"","","",179.5085,-6.7798,179.3204,0.1313,0.2788,-0.0020,0.3232,0.0090
18.03,"","","",179.4737,-7.4317,179.3291,-0.2626,0.2786,-0.0010,0.3232,0.0080
18.07,"","","",179.4476,-8.0836,179.3379,-0.6565,0.2785,0.0000,0.3231,0.0070
18.10,"","","",179.4259,-8.6486,179.3466,-1.0504,0.2788,0.0000,0.3232,0.0070
18.13,"","","",179.4216,-9.1267,179.3510,-1.4006,0.2787,0.0010,0.3230,0.0060
18.17,"","","",179.3955,-9.5178,179.3466,-1.7070,0.2787,0.0020,0.3231,0.0060
18.20,"","","",179.3172,-9.6482,179.3554,-2.0571,0.2785,0.0020,0.3231,0.0060
18.23,"","","",179.3042,-9.7351,179.3773,-2.4073,0.2785,0.0020,0.3230,0.0050
18.27,"","","",179.3303,-9.7786,179.3729,-2.7574,0.2788,0.0030,0.3231,0.0050
18.30,"","","",179.3433,-9.7786,179.3685,-3.0200,0.2788,0.0040,0.3231,0.0050
18.33,"","","",179.2955,-9.6047,179.3773,-3.2827,0.2788,0.0040,0.3232,0.0050
18.37,"","","",179.2260,-9.2570,179.3773,-3.5453,0.2786,0.0050,0.3232,0.0050
18.40,"","","",179.2173,-8.9528,179.3860,-3.8079,0.2786,0.0060,0.3232,0.0050
18.43,"","","",179.2129,-8.6051,179.4079,-4.1143,0.2787,0.0060,0.3232,0.0040
18.47,"","","",179.2042,-8.2140,179.4079,-4.4644,0.2787,0.0070,0.3233,0.0040
18.50,"","","",179.1999,-7.7794,179.3860,-4.7270,0.2787,0.0080,0.3231,0.0040
18.53,"","","",179.1782,-7.2144,179.3554,-4.8583,0.2789,0.0080,0.3232,0.0030
18.57,"","","",179.1564,-6.5625,179.3204,-4.8583,0.2790,0.0090,0.3234,0.0030
18.60,"","","",179.1304,-5.8671,179.3029,-4.8146,0.2788,0.0100,0.3237,0.0040
18.63,"","","",179.0739,-5.0849,179.3073,-4.7270,0.2785,0.0100,0.3239,0.0050
18.67,"","","",179.0174,-4.2157,179.3029,-4.6833,0.2783,0.0100,0.3235,0.0050
18.70,"","","",178.9783,-3.1726,179.2810,-4.5519,0.2783,0.0100,0.3234,0.0050
18.73,"","","",178.9783,-2.0861,179.2591,-4.3769,0.2783,0.0090,0.3235,0.0050
18.77,"","","",178.9609,-0.9996,179.2504,-4.1580,0.2786,0.0080,0.3235,0.0050
18.80,"","","",178.9652,0.0435,179.2679,-3.9392,0.2787,0.0080,0.3236,0.0050
18.83,"","","",178.9522,1.1734,179.2547,-3.6328,0.2787,0.0080,0.3238,0.0050
18.87,"","","",178.9565,2.3903,179.2504,-3.2827,0.2789,0.0080,0.3236,0.0050
18.90,"","","",178.9348,3.6072,179.2416,-2.9325,0.2790,0.0080,0.3235,0.0060
18.93,"","","",178.9000,4.7806,179.2285,-2.5824,0.2793,0.0080,0.3235,0.0060
18.97,"","","",178.8783,5.9975,179.2066,-2.1447,0.2791,0.0080,0.3235,0.0060
19.00,"","","",178.8218,7.3448,179.2022,-1.7070,0.2791,0.0040,0.3235,0.0070
19.03,"","","",178.7914,8.8659,179.1891,-1.2255,0.2791,0.0070,0.3234,0.0070
19.07,"","","",178.7566,9.7786,179.1453,-0.6128,0.2786,0.0060,0.3237,0.0070
19.10,"","","",178.7349,10.2566,179.1322,0.0438,0.2790,0.0060,0.3239,0.0080
19.13,"","","",178.7653,10.5174,179.1103,0.7441,0.2789,0.0060,0.3236,0.0080
19.17,"","","",178.7653,10.6043,179.1059,1.4881,0.2789,0.0060,0.3235,0.0080
19.20,"","","",178.7523,10.6043,179.0884,2.3197,0.2793,0.0060,0.3237,0.0070
19.23,"","","",178.7045,10.6478,179.0534,3.0638,0.2791,0.0060,0.3236,0.0080
19.27,"","","",178.6871,10.7782,179.0446,3.6766,0.2790,0.0050,0.3237,0.0090
19.30,"","","",178.6349,10.8651,179.0315,4.1143,0.2790,0.0060,0.3237,0.0090
19.33,"","","",178.5828,10.9085,179.0096,4.5082,0.2771,0.0030,0.3236,0.0090
19.37,"","","",178.5480,10.9955,178.9921,4.8583,0.2751,-0.0040,0.3237,0.0090
19.40,"","","",178.5915,10.9955,178.9702,5.2085,0.2817,0.0010,0.3235,0.0080
19.43,"","","",178.6480,10.8216,178.9440,5.6024,0.2791,0.0020,0.3239,0.0090
19.47,"","","",178.6262,10.6043,178.9265,5.9088,0.2791,0.0020,0.3238,0.0090
19.50,"","","",178.5741,10.5174,178.9002,6.2589,0.2788,0.0020,0.3240,0.0090
19.53,"malate","Both","",178.5306,10.5174,178.8958,6.5653,0.2792,0.0030,0.3237,0.0080
19.57,"","","",178.4958,10.5609,178.8915,6.7841,0.2785,0.0020,0.3237,0.0080
19.60,"","","",178.4437,10.6043,178.8871,7.0030,0.2794,0.0030,0.3239,0.0080
19.63,"","","",178.3828,10.6043,178.8696,7.1781,0.2791,0.0040,0.3237,0.0070
19.67,"","","",178.3742,10.6478,178.8564,7.3531,0.2789,0.0040,0.3236,0.0060
19.70,"","","",178.3611,10.7782,178.8477,7.4844,0.2790,0.0040,0.3236,0.0060
19.73,"","","",178.3046,10.9085,178.8214,7.5720,0.2790,0.0040,0.3237,0.0050
19.77,"","","",178.2481,11.0824,178.8039,7.6158,0.2792,0.0040,0.3238,0.0050
19.80,"","","",178.1786,11.2997,178.7777,7.6158,0.2793,0.0050,0.3240,0.0050
19.83,"","","",178.1655,11.4735,178.7470,7.7033,0.2795,0.0060,0.3242,0.0050
19.87,"","","",178.1395,11.6474,178.7120,7.8346,0.2795,0.0070,0.3242,0.0050
19.90,"","","",178.0743,11.8647,178.6945,8.0097,0.2795,0.0080,0.3241,0.0050
19.93,"","","",177.9917,12.1689,178.6770,8.1847,0.2794,0.0090,0.3242,0.0060
19.97,"","","",177.9178,12.6035,178.6463,8.3598,0.2797,0.0100,0.3241,0.0070
20.00,"","","",177.8874,13.1250,178.5938,8.5787,0.2797,0.0100,0.3239,0.0070
20.03,"","","",177.8917,13.6031,178.5413,8.8413,0.2795,0.0100,0.3240,0.0070
20.07,"","","",177.8570,14.0377,178.5150,9.1477,0.2799,0.0100,0.3241,0.0070
20.10,"","","",177.8048,14.5157,178.4844,9.4540,0.2800,0.0110,0.3239,0.0070
20.13,"","","",177.7440,14.9503,178.4625,9.6729,0.2798,0.0120,0.3238,0.0070
20.17,"","","",177.7005,15.3850,178.4231,9.9355,0.2799,0.0120,0.3239,0.0070
20.20,"","","",177.6310,15.8630,178.3662,10.2419,0.2801,0.0140,0.3240,0.0070
20.23,"","","",177.5614,16.3411,178.3268,10.5483,0.2800,0.0150,0.3241,0.0070
20.27,"","","",177.5093,16.8626,178.2962,10.8546,0.2799,0.0160,0.3242,0.0070
20.30,"","","",177.4398,17.4276,178.2568,11.1610,0.2797,0.0170,0.3240,0.0070
20.33,"","","",177.3441,18.1229,178.2174,11.4674,0.2799,0.0180,0.3241,0.0070
20.37,"","","",177.3181,18.8183,178.1649,11.8176,0.2798,0.0190,0.3240,0.0060
20.40,"","","",177.3050,19.4268,178.1080,12.2552,0.2797,0.0180,0.3240,0.0060
20.43,"","","",177.2529,20.0787,178.0686,12.6929,0.2795,0.0180,0.3241,0.0070
20.47,"","","",177.1790,20.6436,178.0205,13.1744,0.2799,0.0190,0.3242,0.0070
20.50,"","","",177.1051,21.1652,177.9679,13.6121,0.2798,0.0190,0.3241,0.0060
20.53,"","","",177.0486,21.7302,177.9198,14.0935,0.2795,0.0190,0.3243,0.0070
20.57,"","","",176.9660,22.3386,177.8891,14.6187,0.2794,0.0190,0.3242,0.0070
20.60,"","","",176.8791,22.9470,177.8541,15.0564,0.2796,0.0180,0.3243,0.0070
20.63,"","","",176.8400,23.5989,177.7885,15.5817,0.2799,0.0190,0.3243,0.0070
20.67,"","","",176.8487,24.1639,177.7228,16.1069,0.2798,0.0150,0.3243,0.0070
20.70,"","","",176.8096,24.6855,177.6659,16.6759,0.2798,0.0070,0.3243,0.0070
20.73,"","","",176.7748,25.0331,177.6397,17.2011,0.2798,0.0120,0.3243,0.0070
20.77,"","","",176.7314,25.2070,177.6178,17.7263,0.2798,0.0110,0.3241,0.0070
20.80,"","","",176.6444,25.3808,177.5740,18.2078,0.2802,0.0120,0.3243,0.0070
20.83,"","","",176.5619,25.5981,177.5215,18.6892,0.2800,0.0110,0.3244,0.0070
20.87,"","","",176.4923,25.8589,177.4690,19.1707,0.2801,0.0110,0.3241,0.0070
20.90,"","","",176.4445,26.0762,177.4077,19.6521,0.2803,0.0100,0.3243,0.0060
20.93,"","","",176.4184,26.2500,177.3595,20.0898,0.2801,0.0110,0.3242,0.0060
20.97,"","","",176.3750,26.4673,177.3289,20.4400,0.2802,0.0100,0.3243,0.0060
21.00,"","","",176.3359,26.5543,177.2633,20.8339,0.2802,0.0100,0.3242,0.0050
21.03,"","","",176.2750,26.5543,177.1845,21.2278,0.2801,0.0090,0.3242,0.0050
21.07,"","","",176.2359,26.5977,177.1232,21.5780,0.2799,0.0080,0.3240,0.0040
21.10,"","","",176.2055,26.5543,177.0794,21.9281,0.2800,0.0070,0.3240,0.0030
21.13,"","","",176.1316,26.6412,177.0444,22.2345,0.2801,0.0060,0.3242,0.0030
21.17,"","","",176.0012,26.7716,177.0006,22.4971,0.2801,0.0060,0.3242,0.0030
21.20,"","","",175.8839,26.9454,176.9569,22.7597,0.2803,0.0060,0.3243,0.0030
21.23,"","","",175.8622,27.1192,176.9131,22.9786,0.2801,0.0060,0.3242,0.0030
21.27,"","","",175.8665,27.2062,176.8475,23.1536,0.2802,0.0060,0.3242,0.0030
21.30,"","","",175.8317,27.2931,176.7862,23.3725,0.2799,0.0050,0.3242,0.0030
21.33,"","","",175.7187,27.4669,176.7424,23.5476,0.2798,0.0050,0.3243,0.0030
21.37,"","","",175.6405,27.5538,176.7074,23.7664,0.2799,0.0040,0.3243,0.0030
21.40,"","","",175.6101,27.5538,176.6549,23.8977,0.2802,0.0040,0.3242,0.0030
21.43,"","","",175.5753,27.5104,176.6067,24.0728,0.2802,0.0050,0.3243,0.0030
21.47,"","","",175.5101,27.5104,176.5586,24.1603,0.2803,0.0050,0.3244,0.0030
21.50,"","","",175.4623,27.4669,176.4886,24.2479,0.2790,0.0030,0.3241,0.0020
21.53,"","","",175.4232,27.4235,176.4404,24.3792,0.2800,0.0040,0.3240,0.0010
21.57,"","","",175.3797,27.3800,176.3791,24.5542,0.2792,0.0030,0.3241,0.0010
21.60,"","","",175.2494,27.4669,176.3179,24.6418,0.2782,0.0000,0.3242,0.0010
21.63,"","","",175.1451,27.6842,176.2653,24.7731,0.2809,0.0010,0.3242,0.0000
21.67,"","","",175.0190,28.0754,176.2128,24.8606,0.2801,0.0020,0.3242,0.0000
21.70,"","","",174.7409,28.8142,176.1734,24.9482,0.2798,0.0010,0.3241,0.0000
21.73,"","","",174.3541,30.0311,176.1253,25.0357,0.2795,0.0000,0.3240,-0.0010
21.77,"","","",173.9760,31.7695,176.0509,25.1670,0.2795,-0.0010,0.3241,-0.0010
21.80,"","","",173.6153,34.0294,175.9896,25.2983,0.2797,-0.0020,0.3241,-0.0020
21.83,"","","",173.2502,36.7240,175.9371,25.4734,0.2796,-0.0020,0.3240,-0.0020
21.87,"","","",172.8547,39.9400,175.8845,25.6047,0.2797,-0.0030,0.3239,-0.0030
21.90,"","","",172.4636,43.5907,175.8014,25.7798,0.2794,-0.0050,0.3238,-0.0030
21.93,"ADP","Both","",172.0724,47.7194,175.7489,25.8673,0.2793,-0.0070,0.3243,-0.0030
21.97,"","","",171.6769,52.1958,175.6832,26.0861,0.2791,-0.0080,0.3234,-0.0040
22.00,"","","",171.3032,56.8461,175.5825,26.3488,0.2798,-0.0090,0.3234,-0.0050
22.03,"","","",170.8859,61.8440,175.4293,26.8302,0.2795,-0.0090,0.3233,-0.0060
22.07,"","","",170.4731,67.0593,175.2543,27.4867,0.2796,-0.0100,0.3234,-0.0070
22.10,"","","",170.0776,72.5353,175.0354,28.3184,0.2795,-0.0110,0.3233,-0.0090
22.13,"","","",169.7082,78.2286,174.8166,29.4563,0.2797,-0.0100,0.3232,-0.0100
22.17,"","","",169.3083,84.1392,174.5715,30.8132,0.2797,-0.0100,0.3232,-0.0110
22.20,"","","",168.9259,90.1801,174.3132,32.5201,0.2799,-0.0090,0.3233,-0.0120
22.23,"","","",168.5434,96.3515,174.0550,34.4897,0.2797,-0.0090,0.3235,-0.0120
22.27,"","","",168.0958,102.6098,173.7968,36.7219,0.2798,-0.0080,0.3235,-0.0130
22.30,"","","",167.6742,108.9985,173.4991,39.2168,0.2798,-0.0070,0.3237,-0.0120
22.33,"","","",167.2918,115.3002,173.1884,42.0617,0.2798,-0.0060,0.3236,-0.0120
22.37,"","","",166.9006,121.6020,172.8776,45.2568,0.2798,-0.0060,0.3236,-0.0130
22.40,"","","",166.4921,127.8168,172.5450,48.7583,0.2799,-0.0050,0.3237,-0.0130
22.43,"","","",166.1097,133.9012,172.2211,52.4787,0.2801,-0.0040,0.3238,-0.0130
22.47,"","","",165.7185,139.8987,171.8885,56.4616,0.2801,-0.0030,0.3236,-0.0130
22.50,"","","",165.2926,145.9397,171.5471,60.6634,0.2801,-0.0020,0.3236,-0.0130
22.53,"","","",164.9536,151.8503,171.2232,64.9965,0.2801,0.0000,0.3235,-0.0120
22.57,"","","",164.5929,157.4132,170.9037,69.5047,0.2800,0.0010,0.3237,-0.0120
22.60,"","","",164.1800,162.6719,170.5710,74.1442,0.2800,0.0020,0.3240,-0.0110
22.63,"","","",163.7845,167.6264,170.2209,78.9587,0.2800,0.0030,0.3240,-0.0100
22.67,"","","",163.3543,172.4505,169.8751,83.9046,0.2800,0.0040,0.3238,-0.0090
22.70,"","","",162.9762,176.9269,169.5031,88.9380,0.2798,0.0040,0.3238,-0.0080
22.73,"","","",162.5676,181.0557,169.1442,94.0589,0.2798,0.0050,0.3238,-0.0070
22.77,"","","",162.1678,184.7498,168.7809,99.2237,0.2799,0.0060,0.3239,-0.0060
22.80,"","","",161.7767,188.0528,168.4176,104.3884,0.2797,0.0070,0.3237,-0.0050
22.83,"","","",161.4029,190.7908,168.0456,109.6406,0.2800,0.0060,0.3236,-0.0050
22.87,"","","",161.0291,193.0072,167.6735,114.8491,0.2801,0.0070,0.3236,-0.0050
22.90,"","","",160.6293,194.7022,167.3059,120.0576,0.2802,0.0070,0.3238,-0.0040
22.93,"","","",160.2382,195.9191,166.9295,125.1785,0.2804,0.0050,0.3236,-0.0030
22.97,"","","",159.8774,196.6579,166.5355,130.2557,0.2801,0.0080,0.3234,-0.0030
23.00,"","","",159.5080,196.8318,166.1548,135.2453,0.2800,0.0080,0.3237,-0.0020
23.03,"","","",159.1256,196.8318,165.7740,140.0599,0.2798,0.0080,0.3238,-0.0010
23.07,"","","",158.7692,196.7014,165.3888,144.6556,0.2799,0.0080,0.3239,0.0000
23.10,"","","",158.3781,196.6144,164.9993,149.1200,0.2800,0.0080,0.3238,0.0010
23.13,"","","",157.9826,196.4406,164.6316,153.3655,0.2801,0.0080,0.3238,0.0020
23.17,"","","",157.5784,196.2668,164.2464,157.3047,0.2800,0.0080,0.3235,0.0030
23.20,"","","",157.1699,196.0929,163.8525,160.9813,0.2801,0.0080,0.3236,0.0030
23.23,"","","",156.7613,195.9625,163.4542,164.4390,0.2801,0.0070,0.3238,0.0040
23.27,"","","",156.4006,195.7887,163.0734,167.5466,0.2798,0.0060,0.3236,0.0050
23.30,"","","",156.0399,195.5714,162.7102,170.2165,0.2800,0.0050,0.3239,0.0050
23.33,"","","",155.6618,195.2672,162.3206,172.5800,0.2797,0.0040,0.3236,0.0050
23.37,"","","",155.2837,195.0064,161.8873,174.8122,0.2796,0.0030,0.3235,0.0040
23.40,"","","",154.8926,194.7891,161.4846,176.8256,0.2793,0.0010,0.3234,0.0030
23.43,"","","",154.5231,194.5718,161.1170,178.6639,0.2796,0.0000,0.3239,0.0030
23.47,"","","",154.1537,194.2241,160.7449,180.2833,0.2797,-0.0010,0.3239,0.0020
23.50,"","","",153.7713,193.9199,160.3598,181.7714,0.2798,-0.0020,0.3236,0.0010
23.53,"","","",153.3888,193.6157,159.9571,183.1283,0.2798,-0.0020,0.3237,0.0000
23.57,"","","",152.9846,193.3115,159.5501,184.3976,0.2799,-0.0020,0.3238,0.0000
23.60,"","","",152.5674,193.1376,159.1474,185.5793,0.2802,-0.0020,0.3234,-0.0010
23.63,"","","",152.2197,193.0072,158.7491,186.6298,0.2801,-0.0020,0.3235,-0.0010
23.67,"","","",151.9025,192.7030,158.3464,187.6364,0.2801,-0.0020,0.3237,-0.0010
23.70,"","","",151.4896,192.4857,157.9525,188.5994,0.2801,-0.0020,0.3235,-0.0020
23.73,"","","",151.1245,192.2684,157.5630,189.4747,0.2801,-0.0020,0.3233,-0.0020
23.77,"","","",150.7725,192.0077,157.1647,190.3501,0.2802,-0.0010,0.3236,-0.0020
23.80,"","","",150.4161,191.6600,156.7707,191.1379,0.2800,-0.0010,0.3234,-0.0030
23.83,"","","",150.0771,191.3558,156.3637,191.9258,0.2801,0.0000,0.3232,-0.0040
23.87,"","","",149.6904,190.9646,155.9523,192.6261,0.2802,0.0010,0.3234,-0.0050
23.90,"","","",149.3209,190.5300,155.5452,193.2826,0.2800,0.0010,0.3236,-0.0050
23.93,"","","",148.9559,190.1389,155.1382,193.8954,0.2797,0.0000,0.3237,-0.0040
23.97,"","","",148.5691,189.7477,154.7399,194.4206,0.2799,0.0000,0.3236,-0.0040
24.00,"","","",148.1649,189.5304,154.3372,194.9458,0.2802,0.0010,0.3235,-0.0040
24.03,"","","",147.7911,189.2697,153.9345,195.4273,0.2802,0.0010,0.3236,-0.0030
24.07,"","","",147.4130,189.0958,153.5319,195.9087,0.2801,0.0010,0.3236,-0.0030
24.10,"","","",147.0306,188.9220,153.1379,196.3026,0.2774,-0.0040,0.3237,-0.0020
24.13,"","","",147.2348,187.7485,152.7309,196.6966,0.2822,0.0000,0.3236,-0.0020
24.17,"","","",147.9650,184.5759,152.3151,197.0905,0.2804,0.0010,0.3239,-0.0020
24.20,"","","",148.3214,180.2299,151.9212,197.4406,0.2806,0.0020,0.3236,-0.0020
24.23,"","","",148.4474,175.1885,151.5185,197.7908,0.2805,0.0030,0.3233,-0.0020
24.27,"","","",148.5039,169.6691,151.0939,198.1409,0.2800,0.0040,0.3235,-0.0020
24.30,"","","",148.5126,163.7585,150.6913,198.4911,0.2799,0.0040,0.3237,-0.0030
24.33,"","","",148.5256,157.4567,150.3149,198.7537,0.2799,0.0040,0.3237,-0.0020
24.37,"","","",148.5560,150.7638,149.9253,199.0163,0.2800,0.0040,0.3238,-0.0020
24.40,"","","",148.5560,143.8102,149.5095,199.2789,0.2802,0.0040,0.3240,0.0000
24.43,"","","",148.5734,136.5958,149.0806,199.5415,0.2801,0.0040,0.3239,0.0000
24.47,"","","",148.5691,129.2510,148.6648,199.8479,0.2802,0.0050,0.3239,0.0010
24.50,"","","",148.5300,121.8627,148.2840,200.0668,0.2806,0.0060,0.3237,0.0010
24.53,"","","",148.5300,114.3875,147.9076,200.1981,0.2803,0.0070,0.3236,0.0010
24.57,"","","",148.5213,106.9124,147.5399,200.3294,0.2802,0.0070,0.3234,0.0010
24.60,"","","",148.4908,99.4372,147.3561,200.0230,0.2799,0.0060,0.3234,0.0010
24.63,"rot","Both","",148.4995,91.8751,147.4174,198.7975,0.2803,0.0070,0.3241,0.0020
24.67,"","","",148.5169,84.3130,147.3649,197.0029,0.2806,0.0070,0.3242,0.0030
24.70,"","","",148.4995,76.8378,147.2642,194.8145,0.2804,0.0070,0.3238,0.0030
24.73,"","","",148.4822,69.4930,147.1460,192.2759,0.2804,0.0060,0.3241,0.0030
24.77,"","","",148.4691,62.3221,147.0410,189.2559,0.2805,0.0060,0.3242,0.0050
24.80,"","","",148.4691,55.2815,146.9184,185.8857,0.2804,0.0060,0.3243,0.0070
24.83,"","","",148.4474,48.4582,146.7871,182.1654,0.2804,0.0050,0.3242,0.0070
24.87,"","","",148.4561,41.8523,146.6908,178.1386,0.2803,0.0050,0.3242,0.0080
24.90,"","","",148.4995,35.5071,146.6033,173.8055,0.2802,0.0050,0.3242,0.0090
24.93,"","","",148.4952,29.5530,146.4982,169.2536,0.2803,0.0050,0.3242,0.0100
24.97,"","","",148.4691,23.9032,146.3976,164.4390,0.2801,0.0040,0.3244,0.0100
25.00,"","","",148.4648,18.5576,146.2925,159.4494,0.2800,0.0040,0.3243,0.0110
25.03,"","","",148.4300,13.6900,146.1831,154.2409,0.2805,0.0040,0.3243,0.0120
25.07,"","","",148.4257,9.3005,146.0868,148.9011,0.2804,0.0050,0.3245,0.0120
25.10,"","","",148.4387,5.3022,146.0080,143.3863,0.2804,0.0050,0.3243,0.0130
25.13,"","","",148.3996,1.8253,145.9467,137.6963,0.2805,0.0050,0.3243,0.0130
25.17,"","","",148.3387,-1.0865,145.8767,131.8751,0.2803,0.0050,0.3243,0.0120
25.20,"","","",148.3387,-3.3899,145.7936,126.0101,0.2803,0.0050,0.3240,0.0110
25.23,"","","",148.3692,-5.1718,145.7323,120.1451,0.2806,0.0060,0.3239,0.0110
25.27,"","","",148.3605,-6.3452,145.6754,114.1926,0.2807,0.0050,0.3241,0.0110
25.30,"","","",148.3214,-6.7363,145.6010,108.2838,0.2805,0.0050,0.3241,0.0100
25.33,"","","",148.2735,-6.3017,145.5091,102.4188,0.2804,0.0050,0.3243,0.0100
25.37,"","","",148.2822,-5.1283,145.4303,96.6851,0.2804,0.0050,0.3239,0.0090
25.40,"","","",148.3257,-3.3030,145.3865,90.9951,0.2806,0.0050,0.3237,0.0080
25.43,"","","",148.3257,-0.6084,145.3471,85.3490,0.2808,0.0010,0.3238,0.0070
25.47,"","","",148.3127,1.7819,145.2990,79.8779,0.2806,0.0050,0.3239,0.0070
25.50,"","","",148.3040,2.9553,145.2464,74.5819,0.2808,0.0060,0.3236,0.0060
25.53,"","","",148.2605,3.5203,145.1764,69.5485,0.2806,0.0070,0.3238,0.0050
25.57,"","","",148.2692,3.7810,145.0933,64.7777,0.2803,0.0070,0.3239,0.0030
25.60,"","","",148.2735,3.9549,145.0407,60.3133,0.2803,0.0060,0.3242,0.0030
25.63,"","","",148.2605,4.1287,145.0057,56.1115,0.2803,0.0050,0.3240,0.0020
25.67,"","","",148.2562,4.2157,144.9707,52.1723,0.2804,0.0040,0.3240,0.0020
25.70,"","","",148.2735,4.2157,144.9313,48.5833,0.2804,0.0040,0.3240,0.0010
25.73,"","","",148.2562,4.2157,144.8700,45.3881,0.2804,0.0030,0.3240,0.0010
25.77,"","","",148.2301,4.2157,144.8044,42.7183,0.2802,0.0020,0.3240,0.0010
25.80,"","","",148.2344,4.1287,144.7606,40.5736,0.2804,0.0020,0.3241,0.0010
25.83,"","","",148.2866,4.0418,144.7168,38.8228,0.2803,0.0020,0.3240,0.0000
25.87,"","","",148.2735,3.9549,144.6731,37.5535,0.2804,0.0020,0.3240,-0.0010
25.90,"","","",148.2214,3.9549,144.6337,36.7657,0.2804,0.0020,0.3240,-0.0020
25.93,"","","",148.1910,4.0418,144.5899,36.1092,0.2794,-0.0010,0.3238,-0.0040
25.97,"","","",148.1736,4.0853,144.5330,35.2338,0.2785,-0.0050,0.3238,-0.0050
26.00,"","","",148.4083,3.6507,144.4893,34.2271,0.2816,-0.0020,0.3238,-0.0050
26.03,"","","",148.6516,2.7815,144.4542,33.2204,0.2801,-0.0020,0.3238,-0.0060
26.07,"","","",148.6864,1.9123,144.4105,32.2575,0.2802,-0.0030,0.3236,-0.0070
26.10,"","","",148.5821,1.3038,144.3711,31.2946,0.2800,-0.0030,0.3238,-0.0070
26.13,"","","",148.4300,0.9561,144.3404,30.4193,0.2802,-0.0030,0.3239,-0.0060
26.17,"","","",148.2866,0.9127,144.3010,29.5876,0.2804,-0.0030,0.3239,-0.0060
26.20,"","","",148.1605,1.0865,144.2704,28.7560,0.2805,-0.0030,0.3239,-0.0060
26.23,"","","",148.0171,1.3907,144.2529,27.9244,0.2806,-0.0030,0.3240,-0.0060
26.27,"","","",147.8650,1.9123,144.2398,27.0928,0.2807,-0.0020,0.3239,-0.0060
26.30,"","","",147.6781,2.8249,144.2004,26.3050,0.2807,-0.0020,0.3242,-0.0050
26.33,"","","",147.4826,3.9549,144.1391,25.6485,0.2808,-0.0020,0.3240,-0.0040
26.37,"succ","Both","",147.3348,5.3891,144.0953,25.0795,0.2808,-0.0010,0.3240,-0.0030
26.40,"","","",147.1783,6.9971,144.0603,24.5542,0.2810,0.0000,0.3240,-0.0020
26.43,"","","",146.9828,8.8224,144.0297,24.0290,0.2807,0.0010,0.3238,-0.0020
26.47,"","","",146.7611,10.9955,144.0034,23.5038,0.2806,0.0010,0.3236,-0.0020
26.50,"","","",146.5656,13.4727,143.9947,22.9348,0.2809,0.0020,0.3238,-0.0010
26.53,"","","",146.4265,16.0803,143.9596,22.4096,0.2804,0.0010,0.3236,-0.0020
26.57,"","","",146.2744,18.6879,143.9203,21.9281,0.2808,0.0020,0.3239,-0.0020
26.60,"","","",146.0788,21.4694,143.9027,21.4029,0.2805,0.0030,0.3237,-0.0020
26.63,"","","",145.9093,24.4682,143.8852,20.8777,0.2808,0.0040,0.3238,-0.0020
26.67,"","","",145.7398,27.5973,143.8546,20.4400,0.2806,0.0040,0.3239,-0.0010
26.70,"","","",145.5529,30.8134,143.8152,20.0461,0.2804,0.0040,0.3236,-0.0010
26.73,"","","",145.3530,34.0729,143.7933,19.6521,0.2807,0.0040,0.3235,-0.0020
26.77,"","","",145.1748,37.3759,143.7539,19.2145,0.2806,0.0050,0.3237,-0.0030
26.80,"","","",145.0401,40.6789,143.7102,18.8643,0.2806,0.0060,0.3233,-0.0040
26.83,"","","",144.8402,44.0253,143.6795,18.4704,0.2804,0.0060,0.3236,-0.0050
26.87,"","","",144.6142,47.5456,143.6489,18.1202,0.2807,0.0070,0.3232,-0.0060
26.90,"","","",144.4664,50.9789,143.7189,17.6826,0.2810,0.0080,0.3239,-0.0060
26.93,"","","",144.2795,54.4123,143.8021,17.0698,0.2813,0.0090,0.3240,-0.0050
26.97,"","","",144.0622,57.8457,143.7933,16.4133,0.2812,0.0100,0.3240,-0.0040
27.00,"","","",143.8536,61.3225,143.7277,15.8443,0.2812,0.0110,0.3241,-0.0040
27.03,"","","",143.6581,64.7124,143.6358,15.3628,0.2814,0.0120,0.3243,-0.0020
27.07,"","","",143.4668,68.0154,143.5482,15.0564,0.2811,0.0130,0.3240,-0.0020
27.10,"","","",143.2626,71.3184,143.4563,14.9251,0.2811,0.0130,0.3241,-0.0010
27.13,"","","",143.0453,74.5344,143.3644,14.9251,0.2812,0.0140,0.3242,0.0000
27.17,"","","",142.8540,77.5332,143.2593,15.1002,0.2807,0.0130,0.3238,0.0000
27.20,"","","",142.6889,80.3147,143.1324,15.4066,0.2799,0.0120,0.3236,0.0000
27.23,"","","",142.5281,82.9657,143.0099,15.8880,0.2819,0.0130,0.3245,0.0020
27.27,"","","",142.3151,85.5734,142.8873,16.5008,0.2811,0.0120,0.3241,0.0020
27.30,"","","",142.0935,88.0506,142.7604,17.3324,0.2805,0.0070,0.3233,0.0010
27.33,"","","",141.8979,89.8325,142.6291,18.2953,0.2824,0.0120,0.3244,0.0020
27.37,"","","",141.7023,90.9190,142.4715,19.4771,0.2814,0.0120,0.3239,0.0020
27.40,"","","",141.4937,91.7013,142.3315,20.7464,0.2810,0.0110,0.3237,0.0010
27.43,"","","",141.2677,92.3532,142.2001,22.1907,0.2811,0.0100,0.3235,0.0000
27.47,"","","",141.0939,93.0051,142.0470,23.7664,0.2813,0.0100,0.3237,0.0000
27.50,"","","",140.8983,93.5266,141.8894,25.4734,0.2811,0.0090,0.3237,0.0000
27.53,"","","",140.6680,94.0916,141.7406,27.3117,0.2808,0.0080,0.3237,0.0000
27.57,"","","",140.4768,94.5262,141.6005,29.1500,0.2809,0.0080,0.3239,0.0000
27.60,"","","",140.2638,94.9608,141.4473,31.0758,0.2812,0.0080,0.3238,0.0000
27.63,"","","",140.0335,95.4388,141.2854,33.1329,0.2813,0.0080,0.3238,0.0010
27.67,"","","",139.8379,95.9604,141.1409,35.2776,0.2811,0.0080,0.3238,0.0010
27.70,"","","",139.6380,96.3950,140.9702,37.5535,0.2810,0.0080,0.3238,0.0010
27.73,"","","",139.4424,96.7861,140.7908,39.9171,0.2815,0.0090,0.3240,0.0020
27.77,"","","",139.2121,97.2207,140.6157,42.3243,0.2815,0.0090,0.3238,0.0020
27.80,"","","",139.0208,97.7422,140.4538,44.8192,0.2814,0.0090,0.3238,0.0020
27.83,"","","",138.8340,98.2203,140.2875,47.2702,0.2813,0.0100,0.3240,0.0020
27.87,"","","",138.6167,98.6549,140.1124,49.7650,0.2816,0.0100,0.3240,0.0020
27.90,"","","",138.3863,99.0895,139.9286,52.3036,0.2812,0.0100,0.3239,0.0020
27.93,"","","",138.1777,99.4807,139.7360,54.8422,0.2811,0.0090,0.3240,0.0020
27.97,"","","",137.9691,99.9153,139.5565,57.3808,0.2813,0.0090,0.3242,0.0030
28.00,"","","",137.7561,100.2629,139.3814,59.8756,0.2810,0.0070,0.3243,0.0040
28.03,"","","",137.5606,100.6106,139.1932,62.3704,0.2812,0.0060,0.3241,0.0030
28.07,"","","",137.3302,101.0018,139.0007,64.8215,0.2813,0.0060,0.3243,0.0040
28.10,"","","",137.1347,101.3060,138.7993,67.2725,0.2815,0.0060,0.3247,0.0050
28.13,"","","",136.9478,101.5233,138.6155,69.6798,0.2813,0.0050,0.3245,0.0050
28.17,"","","",136.7566,101.6537,138.4492,71.9995,0.2816,0.0040,0.3248,0.0050
28.20,"","","",136.5349,101.9144,138.2610,74.1880,0.2813,0.0030,0.3243,0.0040
28.23,"","","",136.3089,102.0883,138.0596,76.1138,0.2811,0.0030,0.3243,0.0050
28.27,"","","",136.0829,102.3056,137.8627,77.7332,0.2812,0.0030,0.3242,0.0050
28.30,"","","",135.8569,102.5229,137.6482,79.1776,0.2810,0.0030,0.3242,0.0050
28.33,"","","",135.6483,102.7836,137.4512,80.5344,0.2814,0.0030,0.3243,0.0060
28.37,"","","",135.4267,103.0879,137.2499,81.8912,0.2814,0.0040,0.3241,0.0070
28.40,"","","",135.2094,103.3486,137.0617,83.1168,0.2816,0.0040,0.3242,0.0070
28.43,"","","",135.0138,103.6094,136.8779,84.2548,0.2815,0.0040,0.3243,0.0080
28.47,"","","",134.8008,103.8701,136.6940,85.3052,0.2816,0.0050,0.3243,0.0080
28.50,"","","",134.5705,104.1744,136.5058,86.2681,0.2815,0.0050,0.3243,0.0080
28.53,"","","",134.3271,104.4351,136.2870,87.2310,0.2815,0.0020,0.3244,0.0080
28.57,"","","",134.1011,104.6524,136.0769,88.1502,0.2812,0.0030,0.3244,0.0100
28.60,"","","",133.8751,104.9132,135.8756,89.0693,0.2816,0.0040,0.3243,0.0100
28.63,"","","",133.6883,105.1305,135.6786,89.9009,0.2817,0.0030,0.3244,0.0090
28.67,"","","",133.4883,105.3478,135.4598,90.7325,0.2817,0.0060,0.3245,0.0100
28.70,"","","",133.2624,105.5216,135.2453,91.6079,0.2817,0.0060,0.3245,0.0110
28.73,"","","",133.0451,105.6955,135.0483,92.3957,0.2813,0.0060,0.3244,0.0100
28.77,"","","",132.8321,105.9128,134.8558,93.1398,0.2815,0.0060,0.3244,0.0100
28.80,"","","",132.6278,106.0432,134.6544,93.8401,0.2815,0.0060,0.3243,0.0090
28.83,"","","",132.4192,106.1735,134.4400,94.5404,0.2816,0.0060,0.3243,0.0080
28.87,"","","",132.1976,106.3039,134.2386,95.2407,0.2813,0.0050,0.3243,0.0080
28.90,"","","",131.9803,106.4343,134.0329,95.8097,0.2814,0.0040,0.3243,0.0070
28.93,"","","",131.7760,106.5647,133.8184,96.4225,0.2815,0.0040,0.3243,0.0070
28.97,"","","",131.5326,106.7385,133.5865,96.9915,0.2819,0.0050,0.3243,0.0060
29.00,"","","",131.2936,106.9558,133.3589,97.6042,0.2820,0.0050,0.3243,0.0050
29.03,"","","",131.0372,107.2166,133.1532,98.1294,0.2819,0.0050,0.3242,0.0040
29.07,"","","",130.7677,107.5643,132.9518,98.6547,0.2814,0.0050,0.3239,0.0030
29.10,"","","",130.5722,107.8685,132.7461,99.1799,0.2791,0.0010,0.3239,0.0010
29.13,"","","",130.8851,107.1731,132.5404,99.6176,0.2821,0.0020,0.3241,0.0000
29.17,"","","",131.5196,104.9132,132.3172,100.0553,0.2814,0.0020,0.3243,0.0000
29.20,"","","",131.8064,101.8710,132.1071,100.4929,0.2813,0.0030,0.3242,-0.0010
29.23,"","","",131.9194,98.4376,131.8795,100.9306,0.2811,0.0020,0.3243,-0.0020
29.27,"","","",131.9325,94.7435,131.6519,101.3683,0.2810,0.0000,0.3243,-0.0020
29.30,"","","",131.9107,90.9190,131.4418,101.8060,0.2812,0.0000,0.3242,-0.0020
29.33,"AA","Both","",131.9020,86.9206,131.4024,101.8935,0.2814,-0.0010,0.3244,-0.0020
29.37,"","","",131.9151,82.7484,131.6300,101.1932,0.2814,-0.0010,0.3245,-0.0020
29.40,"","","",131.8977,78.5328,131.7350,99.9240,0.2817,-0.0010,0.3246,-0.0020
29.43,"","","",131.8934,74.1868,131.7482,98.3483,0.2816,0.0000,0.3241,-0.0010
29.47,"","","",131.9064,69.6669,131.7350,96.5100,0.2817,0.0000,0.3243,-0.0010
29.50,"","","",131.8803,65.1035,131.6957,94.4091,0.2817,0.0010,0.3244,0.0000
29.53,"","","",131.8673,60.5402,131.6650,92.0894,0.2815,0.0010,0.3239,-0.0010
29.57,"","","",131.8238,56.0638,131.6213,89.5945,0.2817,0.0010,0.3243,-0.0010
29.60,"","","",131.7847,51.6309,131.5687,87.0122,0.2818,0.0010,0.3240,-0.0010
29.63,"","","",131.8064,47.2414,131.5250,84.2985,0.2815,0.0000,0.3242,-0.0020
29.67,"","","",131.8195,42.8084,131.4812,81.4973,0.2818,0.0000,0.3243,-0.0010
29.70,"","","",131.8238,38.4189,131.4593,78.5211,0.2817,0.0010,0.3243,-0.0020
29.73,"","","",131.8282,34.1598,131.4287,75.4572,0.2815,0.0010,0.3243,-0.0020
29.77,"","","",131.7934,29.9876,131.3893,72.2621,0.2815,0.0010,0.3243,-0.0020
29.80,"","","",131.7239,26.0327,131.3455,69.0232,0.2818,0.0020,0.3243,-0.0020
29.83,"","","",131.6934,22.3386,131.3061,65.6968,0.2818,0.0020,0.3242,-0.0020
29.87,"","","",131.7282,18.7314,131.2580,62.3704,0.2816,0.0020,0.3242,-0.0020
29.90,"","","",131.7586,15.2980,131.2186,59.0878,0.2815,0.0020,0.3243,-0.0010
29.93,"","","",131.7760,12.0385,131.1836,55.8051,0.2815,0.0020,0.3242,-0.0020
29.97,"","","",131.7717,8.9094,131.1354,52.5224,0.2815,0.0020,0.3239,-0.0020
30.00,"","","",131.7326,6.0844,131.0916,49.2836,0.2818,0.0030,0.3242,-0.0020
30.03,"","","",131.6934,3.6072,131.0566,46.1760,0.2815,0.0040,0.3243,-0.0010
30.07,"","","",131.6761,1.4342,131.0216,43.0684,0.2815,0.0030,0.3244,0.0000
30.10,"","","",131.6804,-0.4781,131.0085,40.0046,0.2818,0.0040,0.3243,0.0000
30.13,"","","",131.6717,-2.0861,130.9866,36.9846,0.2820,0.0050,0.3243,0.0000
30.17,"","","",131.6500,-3.3464,130.9472,34.1396,0.2821,0.0060,0.3242,0.0000
30.20,"","","",131.6239,-4.1722,130.9034,31.4259,0.2820,0.0060,0.3245,0.0010
30.23,"","","",131.5978,-4.6068,130.8728,28.8436,0.2820,0.0070,0.3247,0.0020
30.27,"","","",131.5848,-4.6937,130.8247,26.4363,0.2820,0.0070,0.3248,0.0030
30.30,"","","",131.5848,-4.3026,130.7765,24.3354,0.2815,0.0080,0.3247,0.0040
30.33,"","","",131.5848,-3.4334,130.7546,22.4096,0.2816,0.0090,0.3245,0.0040
30.37,"","","",131.5935,-2.0861,130.7415,20.6588,0.2816,0.0090,0.3245,0.0040
30.40,"","","",131.5848,-0.1304,130.7065,19.1707,0.2816,0.0090,0.3247,0.0040
30.43,"","","",131.5457,2.3469,130.6671,17.9014,0.2815,0.0040,0.3244,0.0040
30.47,"","","",131.5283,4.3460,130.6277,16.8947,0.2817,0.0050,0.3244,0.0030
30.50,"","","",131.5370,5.1283,130.5883,16.2382,0.2817,0.0050,0.3244,0.0040
30.53,"","","",131.5066,5.4760,130.5708,15.8443,0.2817,0.0050,0.3241,0.0030
30.57,"","","",131.4892,5.5629,130.5358,15.8443,0.2814,0.0030,0.3244,0.0030
30.60,"","","",131.4718,5.6498,130.5008,16.1944,0.2812,0.0010,0.3243,0.0030
30.63,"","","",131.4544,5.7368,130.4833,16.8510,0.2813,0.0000,0.3245,0.0030
30.67,"","","",131.4240,5.8671,130.4614,17.5513,0.2813,-0.0010,0.3245,0.0030
30.70,"","","",131.4196,5.9541,130.4307,17.7701,0.2819,-0.0010,0.3244,0.0040
30.73,"","","",131.4153,5.9975,130.4001,17.7701,0.2814,-0.0020,0.3243,0.0040
30.77,"","","",131.3979,6.0844,130.3782,17.5950,0.2815,-0.0020,0.3244,0.0040
30.80,"","","",131.4283,5.9975,130.3476,17.4199,0.2815,-0.0020,0.3246,0.0040
30.83,"","","",131.4327,5.9541,130.3082,17.2449,0.2814,-0.0020,0.3246,0.0050
30.87,"","","",131.3936,5.9541,130.3038,17.0260,0.2813,-0.0030,0.3245,0.0040
30.90,"","","",131.3675,5.9975,130.2907,16.7634,0.2814,-0.0040,0.3246,0.0040
30.93,"","","",131.3631,6.1279,130.2557,16.5446,0.2816,-0.0030,0.3247,0.0040
30.97,"","","",131.3718,6.1279,130.2250,16.3695,0.2816,-0.0030,0.3244,0.0040
31.00,"","","",131.3892,6.0410,130.2031,16.1507,0.2816,-0.0030,0.3247,0.0040
31.03,"","","",131.3805,5.9541,130.1900,15.9318,0.2817,-0.0030,0.3246,0.0040
31.07,"","","",131.3327,5.8671,130.1594,15.6692,0.2819,-0.0020,0.3245,0.0040
31.10,"","","",131.3458,5.7802,130.1375,15.4066,0.2817,-0.0030,0.3249,0.0050
31.13,"","","",131.3414,5.8237,130.1069,15.1877,0.2817,-0.0020,0.3245,0.0050
31.17,"","","",131.2936,5.9541,130.0718,14.9689,0.2819,-0.0010,0.3243,0.0040
31.20,"","","",131.2371,6.0410,130.0543,14.7938,0.2819,-0.0010,0.3246,0.0040
31.23,"","","",131.2067,6.1279,130.0368,14.5750,0.2819,-0.0010,0.3248,0.0040
31.27,"","","",131.2067,6.1279,130.0193,14.3561,0.2816,-0.0010,0.3248,0.0040
31.30,"","","",131.1980,6.0844,129.9887,14.1811,0.2818,-0.0010,0.3248,0.0040
31.33,"","","",131.1936,6.0844,129.9580,14.0498,0.2818,0.0000,0.3245,0.0030
31.37,"","","",131.2023,6.0844,129.9274,13.9184,0.2818,0.0000,0.3247,0.0030
31.40,"","","",131.1806,6.1279,129.9055,13.7871,0.2818,0.0000,0.3247,0.0030
31.43,"","","",131.1850,6.0844,129.8924,13.6121,0.2818,0.0000,0.3245,0.0030
31.47,"","","",131.2110,5.9975,129.8749,13.3932,0.2818,0.0010,0.3247,0.0030
31.50,"","","",131.1589,5.9541,129.8486,13.2181,0.2816,0.0020,0.3246,0.0020
31.53,"","","",131.1111,6.0410,129.8224,13.0431,0.2820,0.0030,0.3247,0.0020
31.57,"","","",131.1154,6.1279,129.7873,12.9118,0.2822,0.0050,0.3245,0.0020
31.60,"","","",131.1285,6.1279,129.7611,12.8242,0.2817,0.0050,0.3245,0.0030
31.63,"","","",131.1415,6.0844,129.7480,12.7367,0.2798,0.0020,0.3243,0.0030
31.67,"","","",131.0676,6.1714,129.7217,12.6492,0.2822,0.0030,0.3245,0.0030
31.70,"","","",130.9025,6.4321,129.7042,12.5178,0.2829,0.0050,0.3246,0.0030
31.73,"","","",130.7982,6.8667,129.6867,12.3865,0.2822,0.0060,0.3244,0.0030
31.77,"","","",130.7112,7.4752,129.6648,12.2552,0.2818,0.0060,0.3243,0.0020
31.80,"","","",130.6634,8.1271,129.6473,12.1677,0.2815,0.0060,0.3245,0.0020
31.83,"Asc ac","Both","",130.6460,8.6921,129.5860,12.1677,0.2820,0.0060,0.3249,0.0020
31.87,"","","",130.6591,9.2136,129.4941,12.2990,0.2819,0.0070,0.3250,0.0020
31.90,"","","",130.6460,9.6916,129.4328,12.4741,0.2815,0.0060,0.3248,0.0020
31.93,"","","",130.6113,10.2132,129.4022,12.6929,0.2819,0.0050,0.3250,0.0030
31.97,"","","",130.5461,10.7782,129.3890,12.8242,0.2819,0.0050,0.3251,0.0030
32.00,"","","",130.4722,11.4735,129.3497,12.9993,0.2821,0.0050,0.3250,0.0040
32.03,"","","",130.4157,12.2123,129.3015,13.2181,0.2820,0.0060,0.3249,0.0040
32.07,"","","",130.3853,12.9077,129.2665,13.4370,0.2819,0.0050,0.3252,0.0040
32.10,"","","",130.3722,13.5596,129.2183,13.6996,0.2819,0.0050,0.3252,0.0050
32.13,"","","",130.3679,14.0377,129.1790,14.0060,0.2821,0.0050,0.3252,0.0060
32.17,"","","",130.3679,14.4288,129.1439,14.3124,0.2825,0.0060,0.3248,0.0060
32.20,"","","",130.3592,14.8200,129.1221,14.5312,0.2823,0.0060,0.3248,0.0050
32.23,"","","",130.3462,15.2111,129.0870,14.7938,0.2827,0.0060,0.3248,0.0050
32.27,"","","",130.3027,15.5588,129.0389,15.0564,0.2826,0.0070,0.3251,0.0060
32.30,"","","",130.2636,15.8630,128.9820,15.3628,0.2821,0.0070,0.3250,0.0060
32.33,"","","",130.2592,16.0369,128.9557,15.6692,0.2822,0.0070,0.3251,0.0070
32.37,"","","",130.2201,16.2107,128.9295,15.8880,0.2824,0.0080,0.3251,0.0070
32.40,"","","",130.1897,16.4280,128.9076,16.1507,0.2823,0.0080,0.3251,0.0070
32.43,"","","",130.1941,16.4715,128.8901,16.3257,0.2826,0.0090,0.3252,0.0080
32.47,"","","",130.1593,16.5149,128.8507,16.5008,0.2827,0.0100,0.3253,0.0090
32.50,"","","",130.1289,16.5584,128.8025,16.7634,0.2826,0.0110,0.3250,0.0080
32.53,"","","",130.0767,16.7322,128.7807,16.9385,0.2825,0.0110,0.3250,0.0080
32.57,"","","",130.0376,16.9061,128.7544,17.1136,0.2826,0.0120,0.3252,0.0090
32.60,"","","",130.0376,16.9495,128.7194,17.2449,0.2825,0.0120,0.3249,0.0090
32.63,"","","",130.0333,16.9495,128.6887,17.3762,0.2827,0.0130,0.3252,0.0090
32.67,"","","",130.0072,16.8626,128.6581,17.4637,0.2827,0.0130,0.3251,0.0090
32.70,"","","",129.9681,16.7322,128.6143,17.5950,0.2828,0.0140,0.3251,0.0090
32.73,"","","",129.9681,16.5584,128.5793,17.7263,0.2826,0.0140,0.3250,0.0090
32.77,"","","",129.9637,16.2542,128.5443,17.8139,0.2827,0.0150,0.3251,0.0090
32.80,"","","",129.9159,15.8630,128.5093,17.8576,0.2826,0.0150,0.3251,0.0090
32.83,"","","",129.9029,15.4719,128.4743,17.9014,0.2824,0.0140,0.3249,0.0080
32.87,"","","",129.8768,15.0807,128.4393,17.9452,0.2817,0.0130,0.3250,0.0080
32.90,"","","",129.8333,14.6896,128.4130,17.9452,0.2825,0.0130,0.3252,0.0080
32.93,"","","",129.7986,14.1681,128.3780,17.9452,0.2805,0.0090,0.3250,0.0070
32.97,"","","",129.9203,13.3423,128.3517,17.8576,0.2828,0.0060,0.3250,0.0060
33.00,"","","",129.6812,12.9077,128.3342,17.7701,0.2801,0.0020,0.3251,0.0050
33.03,"","","",129.1249,13.7335,128.3036,17.5950,0.2790,-0.0030,0.3251,0.0050
33.07,"","","",128.4600,15.7761,128.2817,17.4199,0.2783,-0.0100,0.3253,0.0040
33.10,"","","",127.7255,19.1225,128.2379,17.2011,0.2782,-0.0170,0.3252,0.0030
33.13,"TMPD","Both","",126.9519,23.6859,128.2379,16.8947,0.2777,-0.0260,0.3243,0.0000
33.17,"","","",126.1827,29.3792,128.2029,16.6321,0.2768,-0.0350,0.3233,-0.0030
33.20,"","","",125.4308,35.9417,127.9709,16.8072,0.2765,-0.0440,0.3225,-0.0070
33.23,"","","",124.6833,43.4603,127.6339,17.5950,0.2760,-0.0540,0.3218,-0.0130
33.27,"","","",123.9227,51.8482,127.2312,19.0394,0.2754,-0.0640,0.3215,-0.0190
33.30,"","","",123.1578,61.1487,126.7892,21.0965,0.2749,-0.0750,0.3212,-0.0250
33.33,"","","",122.3755,71.3184,126.3384,23.8102,0.2745,-0.0850,0.3208,-0.0320
33.37,"","","",121.6237,82.2269,125.8525,27.2241,0.2744,-0.0940,0.3204,-0.0390
33.40,"","","",120.9109,93.6570,125.3448,31.2946,0.2739,-0.1050,0.3199,-0.0460
33.43,"","","",120.1547,105.6086,124.8108,36.0654,0.2734,-0.1150,0.3197,-0.0520
33.47,"","","",119.4202,117.9513,124.2637,41.5365,0.2728,-0.1250,0.3194,-0.0590
33.50,"","","",118.6901,130.6417,123.7122,47.5766,0.2729,-0.1340,0.3192,-0.0670
33.53,"","","",117.9426,143.5929,123.1520,54.1857,0.2725,-0.1420,0.3190,-0.0740
33.57,"","","",117.1864,156.7613,122.5699,61.4075,0.2722,-0.1500,0.3185,-0.0810
33.60,"","","",116.4389,170.1906,121.9878,69.1108,0.2721,-0.1570,0.3181,-0.0890
33.63,"","","",115.7174,183.6633,121.3925,77.3831,0.2720,-0.1640,0.3180,-0.0950
33.67,"","","",114.9960,197.1360,120.7929,86.0930,0.2716,-0.1700,0.3179,-0.1020
33.70,"","","",114.2572,210.6087,120.1845,95.1969,0.2715,-0.1760,0.3175,-0.1080
33.73,"","","",113.5183,223.9510,119.5673,104.6510,0.2712,-0.1810,0.3173,-0.1140
33.77,"","","",112.7839,237.1195,118.9415,114.4114,0.2714,-0.1840,0.3170,-0.1190
33.80,"","","",112.0276,250.0706,118.3112,124.4782,0.2713,-0.1860,0.3169,-0.1240
33.83,"","","",111.2671,262.7610,117.6634,134.8076,0.2713,-0.1870,0.3167,-0.1290
33.87,"","","",110.5196,275.1907,117.0113,145.3559,0.2708,-0.1890,0.3165,-0.1340
33.90,"","","",109.7851,287.1857,116.3547,156.0354,0.2705,-0.1890,0.3165,-0.1370
33.93,"","","",109.0506,298.6158,115.6894,166.8463,0.2700,-0.1900,0.3163,-0.1400
33.97,"","","",108.3161,309.4374,115.0329,177.7009,0.2703,-0.1880,0.3164,-0.1420
34.00,"","","",107.6034,319.5637,114.3764,188.5118,0.2703,-0.1850,0.3161,-0.1440
34.03,"","","",106.8863,328.9946,113.7067,199.2789,0.2701,-0.1820,0.3161,-0.1450
34.07,"","","",106.1388,337.5997,113.0371,209.9585,0.2702,-0.1770,0.3158,-0.1460
34.10,"","","",105.3608,345.4226,112.3586,220.5067,0.2702,-0.1710,0.3155,-0.1460
34.13,"","","",104.6307,352.3762,111.6890,230.7924,0.2701,-0.1640,0.3158,-0.1450
34.17,"","","",103.9136,358.2868,111.0062,240.8592,0.2702,-0.1560,0.3156,-0.1440
34.20,"","","",103.1748,363.1544,110.3146,250.5758,0.2700,-0.1490,0.3154,-0.1420
34.23,"","","",102.4403,366.9354,109.6143,259.9861,0.2702,-0.1380,0.3154,-0.1390
34.27,"","","",101.6754,369.6299,108.9316,268.8712,0.2700,-0.1310,0.3153,-0.1350
34.30,"","","",100.9018,370.8468,108.2488,277.2747,0.2700,-0.1190,0.3152,-0.1310
34.33,"","","",100.2195,371.0641,107.5572,285.1093,0.2696,-0.1110,0.3152,-0.1260
34.37,"","","",99.5372,370.8468,106.8569,292.2874,0.2697,-0.1040,0.3153,-0.1190
34.40,"","","",98.8201,370.4122,106.1610,298.8090,0.2698,-0.0970,0.3152,-0.1120
34.43,"","","",98.0812,369.9776,105.4694,304.5864,0.2696,-0.0900,0.3152,-0.1030
34.47,"","","",97.3511,369.5865,104.7692,309.4885,0.2697,-0.0830,0.3152,-0.0960
34.50,"","","",96.6340,369.1953,104.0513,313.6028,0.2696,-0.0770,0.3152,-0.0890
34.53,"","","",95.9039,368.8477,103.3379,317.1918,0.2694,-0.0720,0.3154,-0.0830
34.57,"","","",95.1564,368.5000,102.6245,320.4307,0.2695,-0.0660,0.3152,-0.0780
34.60,"","","",94.4262,368.1958,101.9154,323.3632,0.2694,-0.0620,0.3153,-0.0730
34.63,"","","",93.6961,367.9350,101.2108,326.1206,0.2692,-0.0580,0.3155,-0.0670
34.67,"","","",92.9573,367.7612,100.5017,328.5717,0.2694,-0.0540,0.3152,-0.0620
34.70,"","","",92.2358,367.5873,99.7751,330.9352,0.2693,-0.0500,0.3150,-0.0580
34.73,"","","",91.5231,367.3700,99.0573,333.0798,0.2694,-0.0460,0.3152,-0.0540
34.77,"","","",90.7886,367.1527,98.3220,335.1370,0.2695,-0.0420,0.3154,-0.0490
34.80,"","","",90.0367,366.9789,97.6042,337.1066,0.2697,-0.0390,0.3152,-0.0450
34.83,"","","",89.2849,366.8485,96.8864,338.9449,0.2695,-0.0360,0.3153,-0.0410
34.87,"","","",88.5721,366.6746,96.1642,340.6518,0.2695,-0.0330,0.3153,-0.0370
34.90,"","","",87.8463,366.5008,95.4333,342.2713,0.2695,-0.0310,0.3154,-0.0330
34.93,"","","",87.1162,366.4139,94.6936,343.8470,0.2695,-0.0280,0.3155,-0.0290
34.97,"","","",86.3774,366.2835,93.9627,345.3351,0.2693,-0.0260,0.3154,-0.0260
35.00,"","","",85.6385,366.1097,93.2361,346.7357,0.2693,-0.0240,0.3152,-0.0230
35.03,"","","",84.9258,365.9358,92.5139,348.0050,0.2693,-0.0230,0.3150,-0.0210
35.07,"","","",84.2174,365.7185,91.7917,349.2305,0.2692,-0.0220,0.3151,-0.0180
35.10,"","","",83.5090,365.5012,91.0608,350.3685,0.2696,-0.0190,0.3154,-0.0160
35.13,"","","",82.7658,365.2839,90.3080,351.4627,0.2695,-0.0170,0.3151,-0.0140
35.17,"","","",82.0357,365.1535,89.5683,352.5569,0.2692,-0.0150,0.3149,-0.0130
35.20,"","","",81.3142,365.0666,88.8373,353.6074,0.2694,-0.0140,0.3149,-0.0120
35.23,"","","",80.5841,364.9362,88.1108,354.6141,0.2692,-0.0130,0.3147,-0.0110
35.27,"","","",79.8583,364.8493,87.3667,355.5770,0.2690,-0.0130,0.3146,-0.0110
35.30,"","","",79.1195,364.7624,86.6402,356.5399,0.2692,-0.0130,0.3146,-0.0100
35.33,"","","",78.3720,364.6755,85.8873,357.4152,0.2690,-0.0130,0.3151,-0.0090
35.37,"","","",77.6636,364.5451,85.1301,358.2906,0.2692,-0.0120,0.3149,-0.0080
35.40,"","","",76.9508,364.3713,84.3861,359.1660,0.2692,-0.0120,0.3149,-0.0080
35.43,"","","",76.2381,364.2843,83.6420,359.9976,0.2692,-0.0110,0.3148,-0.0080
35.47,"","","",75.5253,364.1974,82.8892,360.8292,0.2694,-0.0100,0.3148,-0.0070
35.50,"","","",74.7778,364.1105,82.1451,361.6170,0.2696,-0.0090,0.3149,-0.0070
35.53,"","","",74.0433,364.0236,81.4010,362.4049,0.2698,-0.0070,0.3148,-0.0070
35.57,"","","",73.3219,363.9801,80.6482,363.1489,0.2696,-0.0050,0.3148,-0.0070
35.60,"","","",72.6135,363.9366,79.8998,363.9368,0.2696,-0.0040,0.3148,-0.0070
35.63,"","","",71.9051,363.9801,79.1557,364.5933,0.2695,-0.0030,0.3148,-0.0080
35.67,"","","",71.1967,363.8932,78.3941,365.2936,0.2693,-0.0030,0.3148,-0.0080
35.70,"","","",70.4752,363.7193,77.6457,365.9939,0.2698,-0.0010,0.3149,-0.0080
35.73,"","","",69.7538,363.5020,76.9104,366.6067,0.2696,0.0000,0.3149,-0.0080
35.77,"","","",69.0324,363.3282,76.1532,367.1757,0.2695,0.0000,0.3149,-0.0080
35.80,"","","",68.3022,363.1544,75.3872,367.7447,0.2695,0.0010,0.3149,-0.0080
35.83,"","","",67.5808,362.9371,74.6344,368.3574,0.2696,0.0020,0.3147,-0.0080
35.87,"","","",66.8593,362.7198,73.8772,368.9264,0.2697,0.0020,0.3148,-0.0080
35.90,"","","",66.1336,362.5894,73.1200,369.4954,0.2685,0.0010,0.3148,-0.0080
35.93,"","","",65.3947,362.4590,72.3584,370.0644,0.2650,-0.0070,0.3148,-0.0080
35.97,"","","",64.9080,361.8940,71.5925,370.5896,0.2765,0.0060,0.3148,-0.0070
36.00,"","","",64.8254,360.1991,70.8309,371.1149,0.2755,0.0160,0.3152,-0.0070
36.03,"","","",64.7689,357.3741,70.0649,371.6838,0.2767,0.0290,0.3150,-0.0070
36.07,"","","",64.6994,353.4627,69.3034,372.2091,0.2782,0.0430,0.3151,-0.0060
36.10,"","","",64.6211,348.5952,68.5505,372.7343,0.2790,0.0590,0.3149,-0.0050
36.13,"","","",64.5429,342.8584,67.7890,373.2158,0.2803,0.0760,0.3152,-0.0040
36.17,"kcn","Both","",64.4647,336.2959,67.0799,373.6097,0.2807,0.0930,0.3163,-0.0010
36.20,"","","",64.4125,328.9076,66.5985,373.4784,0.2813,0.1090,0.3187,0.0060
36.23,"","","",64.3430,320.7806,66.1695,372.7781,0.2820,0.1260,0.3201,0.0160
36.27,"","","",64.2648,311.9581,65.7669,371.4650,0.2824,0.1430,0.3212,0.0270
36.30,"","","",64.1865,302.5707,65.3773,369.5392,0.2826,0.1580,0.3221,0.0400
36.33,"","","",64.1040,292.6617,64.9965,367.0444,0.2829,0.1720,0.3230,0.0530
36.37,"","","",64.0257,282.2747,64.6464,363.9368,0.2829,0.1860,0.3234,0.0660
36.40,"","","",63.9432,271.4096,64.3137,360.2164,0.2830,0.1980,0.3238,0.0790
36.43,"","","",63.8780,260.1534,63.9942,355.9271,0.2832,0.2090,0.3243,0.0920
36.47,"","","",63.7997,248.6364,63.6966,351.0688,0.2832,0.2200,0.3245,0.1050
36.50,"","","",63.7215,236.8587,63.4165,345.6415,0.2828,0.2270,0.3244,0.1160
36.53,"","","",63.6433,224.9071,63.1582,339.6452,0.2834,0.2350,0.3247,0.1270
36.57,"","","",63.5694,212.8251,62.9044,333.0798,0.2843,0.2430,0.3257,0.1380
36.60,"","","",63.4868,200.6997,62.6724,326.0331,0.2834,0.2480,0.3252,0.1470
36.63,"","","",63.3956,188.6178,62.4492,318.4611,0.2834,0.2510,0.3253,0.1550
36.67,"","","",63.3130,176.6662,62.2347,310.4514,0.2835,0.2530,0.3254,0.1640
36.70,"","","",63.2521,164.7580,62.0246,302.0916,0.2837,0.2540,0.3254,0.1710
36.73,"","","",63.1696,153.0238,61.8233,293.3379,0.2837,0.2540,0.3256,0.1770
36.77,"","","",63.0826,141.5502,61.6395,284.2777,0.2838,0.2530,0.3256,0.1820
36.80,"","","",62.9783,130.3809,61.4513,274.9112,0.2836,0.2500,0.3256,0.1870
36.83,"","","",62.9088,119.6028,61.2543,265.3259,0.2838,0.2470,0.3255,0.1900
36.87,"","","",62.8610,109.2158,61.0705,255.5217,0.2838,0.2430,0.3252,0.1910
36.90,"","","",62.8002,99.2634,60.8954,245.6300,0.2835,0.2370,0.3253,0.1920
36.93,"","","",62.7176,89.8759,60.7247,235.6069,0.2838,0.2300,0.3256,0.1920
36.97,"","","",62.6393,81.0100,60.5540,225.5401,0.2840,0.2210,0.3257,0.1920
37.00,"","","",62.5611,72.8395,60.3921,215.4733,0.2834,0.2100,0.3258,0.1900
37.03,"","","",62.4916,65.3208,60.2476,205.4503,0.2835,0.1990,0.3256,0.1880
37.07,"","","",62.4177,58.6280,60.0944,195.4710,0.2834,0.1860,0.3256,0.1840
37.10,"","","",62.3438,52.7174,59.9325,185.6668,0.2834,0.1710,0.3257,0.1800
37.13,"","","",62.2612,47.7629,59.7705,176.0815,0.2836,0.1560,0.3258,0.1750
37.17,"","","",62.1830,43.7645,59.6217,166.8025,0.2834,0.1390,0.3256,0.1680
37.20,"","","",62.1091,40.7658,59.4729,157.8300,0.2835,0.1210,0.3256,0.1600
37.23,"","","",62.0222,38.8970,59.3241,149.2075,0.2837,0.0990,0.3256,0.1510
37.27,"","","",61.9527,38.2016,59.1840,141.0228,0.2836,0.0700,0.3258,0.1410
37.30,"","","",61.8831,38.2451,59.0615,133.3195,0.2836,0.0610,0.3257,0.1310
37.33,"","","",61.8006,38.2885,58.9171,126.1414,0.2837,0.0490,0.3259,0.1200
37.37,"","","",61.7136,38.3320,58.7770,119.5761,0.2834,0.0380,0.3257,0.1080
37.40,"","","",61.6354,38.3755,58.6501,113.6673,0.2828,0.0290,0.3257,0.0940
37.43,"","","",61.5528,38.4189,58.5144,108.4589,0.2836,0.0220,0.3260,0.0800
37.47,"","","",61.4833,38.4624,58.3831,103.9944,0.2834,0.0170,0.3260,0.0660
37.50,"","","",61.4051,38.5058,58.2605,100.2741,0.2835,0.0120,0.3261,0.0530
37.53,"","","",61.3312,38.4624,58.1336,96.8601,0.2836,0.0090,0.3262,0.0430
37.57,"","","",61.2530,38.4624,58.0110,93.6650,0.2836,0.0070,0.3261,0.0360
37.60,"","","",61.1791,38.4189,57.8841,90.7763,0.2839,0.0060,0.3258,0.0290
37.63,"","","",61.1052,38.4189,57.7528,88.1064,0.2839,0.0050,0.3256,0.0240
37.67,"","","",61.0270,38.3755,57.6171,85.6991,0.2839,0.0040,0.3256,0.0200
37.70,"","","",60.9227,38.4189,57.4989,83.4669,0.2840,0.0040,0.3256,0.0160
37.73,"","","",60.8271,38.5058,57.3808,81.4536,0.2842,0.0040,0.3258,0.0130
37.77,"","","",60.7445,38.5493,57.2582,79.6153,0.2840,0.0040,0.3258,0.0110
37.80,"","","",60.6749,38.5928,57.1444,77.9083,0.2839,0.0040,0.3258,0.0100
37.83,"","","",60.6011,38.6362,57.0219,76.3764,0.2842,0.0030,0.3257,0.0080
37.87,"","","",60.5141,38.6797,56.9037,74.9758,0.2843,0.0040,0.3258,0.0060
37.90,"","","",60.4142,38.7666,56.7855,73.6627,0.2842,0.0060,0.3258,0.0060
37.93,"","","",60.3360,38.8970,56.6805,72.3934,0.2842,0.0060,0.3256,0.0050
37.97,"","","",60.2621,38.9839,56.5667,71.2555,0.2841,0.0070,0.3256,0.0040
38.00,"","","",60.1751,39.1143,56.4529,70.1175,0.2840,0.0070,0.3255,0.0030
38.03,"","","",60.0882,39.2447,56.3522,69.0670,0.2841,0.0070,0.3257,0.0030
38.07,"","","",60.0100,39.3316,56.2428,68.0603,0.2840,0.0080,0.3258,0.0030
38.10,"","","",59.9361,39.4620,56.1334,67.0974,0.2841,0.0080,0.3257,0.0020
38.13,"","","",59.8535,39.6358,56.0152,66.2221,0.2844,0.0090,0.3256,0.0020
38.17,"","","",59.7710,39.8096,55.8970,65.3904,0.2843,0.0100,0.3254,0.0010
38.20,"","","",59.6884,39.9400,55.7963,64.6026,0.2843,0.0110,0.3255,0.0000
38.23,"","","",59.5928,40.0704,55.6913,63.8585,0.2843,0.0120,0.3255,-0.0020
38.27,"","","",59.5102,40.2008,55.5863,63.1145,0.2839,0.0120,0.3255,-0.0020
38.30,"","","",59.4233,40.3312,55.4812,62.4579,0.2839,0.0120,0.3254,-0.0030
38.33,"","","",59.3407,40.4616,55.3718,61.8014,0.2840,0.0120,0.3255,-0.0030
38.37,"","","",59.2581,40.5485,55.2624,61.1449,0.2843,0.0120,0.3259,-0.0030
38.40,"","","",59.1582,40.6789,55.1529,60.5321,0.2840,0.0110,0.3259,-0.0030
38.43,"","","",59.0756,40.8092,55.0523,59.9631,0.2839,0.0100,0.3256,-0.0030
38.47,"","","",58.9974,40.9396,54.9429,59.4379,0.2842,0.0100,0.3257,-0.0030
38.50,"","","",58.9105,41.0700,54.8334,58.9564,0.2841,0.0100,0.3257,-0.0030
38.53,"","","",58.8322,41.1569,54.7328,58.4750,0.2834,0.0080,0.3253,-0.0040
38.57,"","","",58.7540,41.2873,54.6277,58.0373,0.2840,0.0080,0.3261,-0.0040
38.60,"","","",58.6540,41.3742,54.5183,57.5996,0.2842,0.0080,0.3254,-0.0040
38.63,"","","",58.5410,41.5046,54.4133,57.2057,0.2836,0.0070,0.3254,-0.0050
38.67,"","","",58.4411,41.6784,54.3170,56.8118,0.2850,0.0080,0.3263,-0.0030
38.70,"","","",58.3542,41.8957,54.2163,56.4179,0.2833,0.0060,0.3260,-0.0030
38.73,"","","",58.2716,42.0696,54.1069,56.0677,0.2835,0.0030,0.3247,-0.0050
38.77,"","","",58.1803,42.2434,53.9975,55.7176,0.2834,0.0010,0.3256,-0.0040
38.80,"","","",58.0891,42.4173,53.8968,55.4112,0.2853,0.0020,0.3266,-0.0020
38.83,"","","",58.0021,42.5476,53.7961,55.1048,0.2834,0.0000,0.3250,-0.0030
38.87,"","","",57.9109,42.6780,53.6954,54.7984,0.2838,-0.0010,0.3253,-0.0020
38.90,"","","",57.8153,42.8519,53.5904,54.4920,0.2837,-0.0030,0.3254,-0.0020
38.93,"","","",57.7283,42.9822,53.4810,54.2294,0.2838,-0.0030,0.3254,-0.0020
38.97,"","","",57.6371,43.0692,53.3803,53.9668,0.2836,-0.0040,0.3254,-0.0030
39.00,"","","",57.5458,43.1995,53.2884,53.7480,0.2834,-0.0060,0.3252,-0.0030
39.03,"","","",57.4458,43.3734,53.1877,53.5291,0.2841,-0.0060,0.3262,-0.0020
39.07,"","","",57.3415,43.5907,53.0871,53.3103,0.2837,-0.0060,0.3254,-0.0020
39.10,"","","",57.2416,43.8080,52.9908,53.1352,0.2834,-0.0070,0.3257,-0.0020
39.13,"","","",57.1373,44.0253,52.8857,52.9164,0.2834,-0.0080,0.3256,-0.0020
39.17,"","","",57.0286,44.2426,52.7807,52.7851,0.2836,-0.0080,0.3256,-0.0010
39.20,"","","",56.9156,44.5034,52.6800,52.6100,0.2840,-0.0080,0.3256,-0.0010
39.23,"","","",56.8200,44.8076,52.5793,52.4787,0.2839,-0.0070,0.3257,0.0000
